ply
format ascii 1.0
element vertex 1298
property float x
property float y
property float z
property float nx
property float ny
property float nz
element face 2588
property list uchar int vertex_indices
end_header
-1.4410630 -0.9367152 -0.4323674 -0.8161477 -0.3836840 -0.4320757
-1.3869565 -1.0367188 -0.3782609 -0.6210836 -0.7703900 0.1440637
-1.3869565 -0.9716219 -0.4672741 -0.5578604 -0.5511386 -0.6205144
-1.3869565 -0.8826087 -0.5176226 -0.6259473 0.0388895 -0.7788951
-1.4503599 -0.8826087 -0.4416643 -0.8687800 0.1805210 -0.4611220
-1.4689167 -0.8826087 -0.3782609 -0.9874114 0.1269249 0.0943859
-1.4520845 -0.9477367 -0.3782609 -0.8943769 -0.4212630 0.1504243
-1.3869565 -0.8826087 -0.2416930 -0.6908240 -0.1140492 0.7139713
-1.3869565 -0.7544229 -0.3782609 -0.7167181 0.6779093 -0.1635670
-1.3869565 -0.7964332 -0.2920854 -0.7504880 0.4854416 0.4484577
-1.2649146 -1.0127407 -0.5083929 -0.2460790 -0.6511863 -0.7179147
-1.1347826 -1.0825841 -0.3782609 0.3505038 -0.9364746 -0.0127423
-1.1347826 -1.0159709 -0.5116231 0.3001783 -0.6477906 -0.7001859
-1.1347826 -0.8826087 -0.5659949 0.1937137 -0.0531047 -0.9796198
-1.3131022 -0.8826087 -0.5565805 -0.2979787 0.1603869 -0.9410020
-1.3250210 -1.0728471 -0.3782609 -0.2732826 -0.9545823 0.1186977
-1.1347826 -0.8826087 -0.1279931 -0.3107030 -0.4039791 0.8603863
-1.1384814 -0.8826087 -0.1297858 -0.4038669 -0.3010922 0.8638489
-1.2480452 -0.7436974 -0.4915235 -0.3262718 0.5355996 -0.7788965
-1.1347826 -0.7554932 -0.5033193 -0.1176756 0.4023486 -0.9078921
-1.1347826 -0.6304348 -0.4539370 -0.2578518 0.4310412 -0.8647057
-1.1947724 -0.6304348 -0.4382507 -0.4228395 0.6586601 -0.6223935
-1.2370646 -0.6304348 -0.3782609 -0.6773729 0.7277683 -0.1073285
-1.3131022 -0.8826087 -0.5565805 0.3942661 -0.5346961 0.7474319
-1.1614629 -0.6571151 -0.1527673 -0.5948786 0.4715790 0.6509476
-1.1347826 -0.6448293 -0.1404814 -0.6074366 0.3939732 0.6897869
-1.1347826 -0.6304348 -0.1644210 -0.8198682 0.4289109 0.3792776
-1.1347826 -0.5582663 -0.3782609 -0.6069948 0.6855665 -0.4019404
-1.1347826 -0.5309715 -0.2787976 -0.8106728 0.5852572 0.0168372
-1.1609709 0.0998988 -0.1522753 -0.9543535 -0.2127472 -0.2096380
-1.1347826 -0.0130293 -0.1260870 -0.9459098 -0.3149793 -0.0777351
-1.1347826 0.0496134 -0.2025606 -0.9262738 -0.2748297 -0.2578478
-1.1347826 0.1260872 -0.2737741 -0.9600979 0.0241189 -0.2786222
-1.1645969 0.1260872 -0.1559013 -0.9696896 0.1092305 -0.2185655
-1.1705077 0.1260872 -0.1260870 -0.9922938 0.1016278 -0.0708865
-1.1648440 0.0960256 -0.1260870 -0.9704653 -0.2247524 -0.0876557
-1.1648283 0.0960415 0.0960415 -0.9742101 -0.2256429 0.0000559
-1.1347826 -0.0129461 0.1260872 -0.9283972 -0.3626728 0.0809131
-1.1347826 -0.0129920 -0.0129920 -0.9298622 -0.3679080 0.0001214
-1.1704893 0.1260872 0.0903804 -0.9951297 0.0985743 0.0000422
-1.1704893 0.1260872 0.1260872 -0.9902728 0.0883091 0.1075232
-1.1648281 0.0960416 0.1260872 -0.9672378 -0.2240128 0.1194541
-1.1347826 0.1260872 0.2737377 -0.9585198 0.0430879 0.2817504
-1.1347826 0.2145667 -0.1260870 -0.9075863 0.3995927 -0.1288909
-1.1347826 0.2145323 0.1260872 -0.9134024 0.3972903 0.0886363
-1.1347826 0.2145667 -0.0376074 -0.9155254 0.4022603 0.0000334
-1.1347826 0.1874469 0.1874469 -0.8960215 0.3911456 0.2101202
-0.8853847 -0.8853847 -0.3810369 0.5760942 -0.5777097 -0.5782448
-0.8826087 -0.8847159 -0.3782609 0.3103369 -0.9285147 -0.2038418
-0.8826087 -0.8840474 -0.3796996 0.3669309 -0.7088923 -0.6023565
-0.8826087 -0.8826087 -0.3806739 0.3066668 -0.5208392 -0.7966694
-0.8896893 -0.8826087 -0.3853415 0.5327349 -0.3660625 -0.7630149
-0.8918383 -0.8918383 -0.3782609 0.6099001 -0.7835209 -0.1188145
-0.8826087 -0.8826087 -0.3674256 0.1492216 -0.9683918 0.1998753
-0.9282306 -0.8826087 -0.1717089 0.3887039 -0.7573155 0.5247691
-1.0415523 -0.7893785 -0.5372046 0.2090146 0.0243802 -0.9776086
-0.8826087 -0.7220041 -0.4698302 0.1067227 -0.3079940 -0.9453835
-0.8826087 -0.6304348 -0.4816483 -0.1119133 -0.0697170 -0.9912694
-0.9901049 -0.6304348 -0.4857571 -0.0868406 0.1812749 -0.9795908
-0.8826087 -0.8189152 -0.1260870 -0.1259774 -0.9002736 0.4166981
-1.1134061 -0.6304348 -0.1260870 -0.8238611 -0.0776284 0.5614506
-1.1318779 -0.8797040 -0.1260870 -0.2201012 -0.5109826 0.8309346
-1.1243031 -0.8721291 -0.1156074 -0.4490345 -0.4917022 0.7460542
-0.8826087 -0.6739334 0.1260872 -0.5759323 -0.7075429 0.4094936
-0.8826087 -0.7421446 0.0143772 -0.3137900 -0.8217542 0.4756637
-1.0701504 -0.6304348 -0.0614547 -0.7735925 -0.2607939 0.5775302
-0.9159297 -0.6304348 0.1260872 -0.8132259 -0.3214221 0.4851303
-0.9090260 -0.6568521 0.1260872 -0.6738594 -0.4806496 0.5611502
-0.8826087 -0.6304348 0.2506136 -0.7928257 -0.5409413 0.2807311
-0.9863917 -0.4820439 -0.4820439 -0.4645669 0.2039949 -0.8617214
-0.8826087 -0.4779791 -0.4779791 -0.4026978 -0.3051346 -0.8629758
-0.8826087 -0.3782609 -0.5683103 -0.7778834 -0.2761065 -0.5645021
-0.9519041 -0.3782609 -0.4475562 -0.8900166 0.0795731 -0.4489304
-0.9823172 -0.3782609 -0.3782609 -0.9203628 0.0836057 -0.3820239
-1.0161848 -0.3782609 -0.2596631 -0.9279745 0.2939435 -0.2290427
-1.0456663 -0.3782609 -0.1260870 -0.9933165 0.1136716 0.0200270
-1.1196560 -0.6153082 -0.1260870 -0.9806967 -0.0365057 0.1920977
-1.1196482 -0.6153005 -0.1109527 -0.9344628 -0.1852900 0.3040508
-1.0456351 -0.3782609 -0.0369394 -0.9901762 0.1398251 0.0003012
-1.0455930 -0.3782609 0.1260872 -0.9738109 -0.1468311 0.1735887
-0.9963638 -0.4920160 0.1260872 -0.8117682 -0.4095006 0.4163432
-0.9640450 -0.4596972 0.2968248 -0.8716406 -0.4358248 0.2242754
-0.8826087 -0.5682638 0.3782611 -0.7260819 -0.6151244 0.3072898
-1.0124028 -0.3782609 0.2484670 -0.9157630 -0.3288708 0.2306992
-0.9822024 -0.3782609 0.3782611 -0.8957604 -0.3119047 0.3167473
-0.9518332 -0.4474854 0.3782611 -0.8457054 -0.4262192 0.3211221
-0.8826087 -0.3782609 0.5682640 -0.8082658 -0.3320578 0.4862552
-0.9005246 -0.1440029 -0.6483507 -0.7762134 -0.2165123 -0.5921276
-0.8826087 -0.2505907 -0.6304348 -0.7976649 -0.2367654 -0.5546826
-0.8826087 -0.1593803 -0.6637281 -0.7444682 -0.2137045 -0.6325326
-0.8826087 -0.1260870 -0.6740983 -0.7345319 -0.1638987 -0.6584831
-0.9032879 -0.1260870 -0.6511140 -0.7778062 -0.1858729 -0.6003905
-0.9168996 -0.1260870 -0.6304348 -0.8436142 -0.1712577 -0.5089065
-0.9097860 -0.1532643 -0.6304348 -0.8249565 -0.2231207 -0.5192916
-0.9821905 -0.2256688 -0.4778427 -0.8606080 -0.2353893 -0.4516036
-0.8826087 -0.3380340 -0.5902079 -0.8078953 -0.2640497 -0.5268613
-0.9984948 -0.1260870 -0.4941470 -0.8867402 -0.1144797 -0.4478686
-1.0469468 -0.1260870 -0.3782609 -0.9372501 -0.1116714 -0.3302903
-1.0161871 -0.2596654 -0.3782609 -0.9136242 -0.2354417 -0.3314483
-1.0389525 -0.2824308 -0.2824308 -0.9402762 -0.2424634 -0.2389396
-1.0668120 -0.1260870 -0.3102904 -0.9643723 -0.1063236 -0.2422422
-1.1056683 -0.1260870 -0.1260870 -0.9940458 -0.1070451 0.0203524
-1.0657012 -0.3091796 -0.1260870 -0.9690469 -0.2459547 0.0213167
-1.0475543 -0.2910326 -0.0388586 -0.9817253 -0.1661834 0.0927287
-1.0957841 -0.1260870 -0.0870884 -0.9845859 -0.1238740 0.1234737
-1.0957599 -0.1260870 0.1260872 -0.9895122 -0.1439651 0.0118173
-1.0475127 -0.2909909 0.1260872 -0.9881936 -0.1526975 0.0125294
-1.0455755 -0.2890538 0.2152942 -0.9618599 -0.2285762 0.1502616
-1.0946329 -0.1260870 0.1662368 -0.9831150 -0.1348724 0.1236697
-1.0468963 -0.1260870 0.3782611 -0.9354130 -0.1302436 0.3286931
-1.0160743 -0.2595526 0.3782611 -0.9094917 -0.2345634 0.3432271
-0.9260626 -0.1695409 0.5869810 -0.8680440 -0.2234028 0.4433858
-0.8826087 -0.2505633 0.6304350 -0.7801382 -0.2436308 0.5762191
-0.9474525 -0.1260870 0.5655912 -0.8783047 -0.1873047 0.4398839
-0.9168868 -0.1260870 0.6304350 -0.8424386 -0.1811767 0.5074171
-0.9097655 -0.1532438 0.6304350 -0.8271936 -0.2238469 0.5154059
-0.8826087 -0.1260870 0.6740829 -0.7211877 -0.1686392 0.6718996
-0.9272915 0.0814043 -0.6751176 -0.7741647 -0.1446974 -0.6162236
-0.8826087 0.0414906 -0.7150313 -0.6959353 -0.1442852 -0.7034599
-0.8826087 0.1260872 -0.7291957 -0.6927617 0.0725981 -0.7175032
-0.9309780 0.1260872 -0.6788041 -0.7610491 0.1167646 -0.6380990
-0.9662910 0.1260872 -0.6304348 -0.8722575 0.0499904 -0.4864851
-0.9519690 0.0567268 -0.6304348 -0.8674477 -0.1727443 -0.4665768
-0.9997955 0.0089002 -0.4954477 -0.8932908 -0.1315518 -0.4297974
-1.0167470 0.1260872 -0.5123992 -0.8861769 0.0537398 -0.4602200
-1.0997744 0.1260872 -0.3782609 -0.9031045 0.0322028 -0.4282116
-1.0481309 -0.0394351 -0.3782609 -0.9200805 -0.1447250 -0.3640144
-1.0668172 -0.0581215 -0.3102955 -0.9444426 -0.1785511 -0.2759489
-1.1090548 0.1260872 -0.3525332 -0.9453587 0.0281350 -0.3248159
-1.1056709 -0.0969754 -0.1260870 -0.9860576 -0.1648333 0.0228129
-1.0957888 -0.0870932 -0.0870932 -0.9697149 -0.2212701 0.1034049
-1.0957645 -0.0870689 0.1260872 -0.9707600 -0.2399570 0.0067506
-1.0953290 -0.0866334 0.1655407 -0.9672866 -0.1839885 0.1746560
-1.0997483 0.1260872 0.3782611 -0.9158516 0.0421203 0.3993016
-1.0480816 -0.0393860 0.3782611 -0.9363262 -0.1478163 0.3185022
-0.9973336 0.0113621 0.5157100 -0.8866317 -0.1835156 0.4245071
-1.0668213 0.1260872 0.4462223 -0.8866488 0.0730945 0.4566300
-0.9662809 0.1260872 0.6304350 -0.8359056 0.0630567 0.5452391
-0.9519599 0.0567359 0.6304350 -0.8162249 -0.1614342 0.5547214
-0.8826087 -0.0729570 0.6835648 -0.7271328 -0.1403943 0.6719876
-0.8826087 0.1260872 0.7291851 -0.7088001 0.0565004 0.7031431
-0.8826087 0.3129249 -0.6304348 -0.7477453 0.3585200 -0.5588741
-0.9815842 0.2792856 -0.4772364 -0.8304433 0.3193126 -0.4565122
-0.8826087 0.3782611 -0.5770067 -0.7830377 0.4204468 -0.4583411
-0.9595213 0.3782611 -0.4551735 -0.8104427 0.3872926 -0.4395304
-0.9949033 0.3782611 -0.3782609 -0.8489923 0.4121972 -0.3306140
-1.0790731 0.1817967 -0.3782609 -0.8541482 0.3416469 -0.3920563
-1.0991390 0.1617308 -0.3426172 -0.8900040 0.3661655 -0.2716905
-1.0289556 0.3782611 -0.2724339 -0.8709630 0.4351534 -0.2281776
-1.0588969 0.3782611 -0.1260870 -0.8844160 0.4529826 -0.1123163
-1.0588771 0.3782611 -0.0501815 -0.8926618 0.4507271 0.0000927
-1.0588771 0.3782611 0.1260872 -0.8800142 0.4586237 0.1234473
-1.0273780 0.3782611 0.2334918 -0.8653337 0.4512534 0.2181004
-0.9948705 0.3782611 0.3782611 -0.8451862 0.4253525 0.3236286
-1.0790503 0.1818195 0.3782611 -0.8484612 0.3346656 0.4100152
-0.8826087 0.3129161 0.6304350 -0.7684201 0.3923531 0.5055587
-0.8826087 0.3448057 0.5969796 -0.8130805 0.3502993 0.4649628
-0.8826087 0.3782611 0.5769848 -0.7712944 0.4145049 0.4830017
-0.8826087 0.1985933 0.7029412 -0.6939298 0.3159913 0.6470016
-0.8826087 0.5682946 -0.3782609 -0.7954919 0.4946478 -0.3500232
-0.9339848 0.5790589 -0.1774631 -0.8432163 0.4938890 -0.2122732
-0.8826087 0.6304350 -0.2505559 -0.7775820 0.5849410 -0.2306736
-0.9097639 0.6304350 -0.1532422 -0.8087300 0.5517483 -0.2037880
-0.9158876 0.6304350 -0.1260870 -0.8321967 0.5501946 -0.0688092
-0.9584140 0.5546296 -0.1260870 -0.8670654 0.4902009 -0.0888854
-0.9584140 0.5546297 0.0502818 -0.8705339 0.4921085 0.0000284
-0.9158876 0.6304350 0.0928082 -0.8351287 0.5500546 0.0000000
-0.9158876 0.6304350 0.1260872 -0.8325782 0.5440079 0.1042545
-0.9584140 0.5546297 0.1260872 -0.8622385 0.4881606 0.1350707
-0.8826087 0.5682700 0.3782611 -0.8041472 0.4877646 0.3397543
-0.8826087 0.5901898 0.3380159 -0.8309603 0.4989105 0.2461568
-0.8826087 0.6304350 0.2505561 -0.7811677 0.5799276 0.2312162
-0.8826087 0.4778632 0.4778632 -0.7447449 0.4850394 0.4583578
-0.8826087 0.6738845 -0.1260870 -0.7381229 0.6629734 -0.1250631
-0.8826087 0.6738845 0.1260872 -0.7533557 0.6511605 0.0918973
-0.8826087 0.6738845 -0.0826374 -0.7433694 0.6688811 0.0000001
-0.8826087 0.6637123 0.1593645 -0.7345004 0.6434960 0.2154577
-0.8694186 -0.8826087 -0.3782609 0.1477707 -0.8610536 -0.4865700
-0.6631961 -0.9153700 -0.1588484 -0.0568461 -0.9977033 -0.0368344
-0.6304348 -0.9159251 -0.1260870 -0.3169690 -0.9470082 -0.0520202
-0.6304348 -0.9097977 -0.1532759 -0.1587725 -0.9574068 -0.2411713
-0.6304348 -0.8826087 -0.2507675 -0.2424827 -0.9333417 -0.2647176
-0.7421618 -0.8826087 -0.1260870 -0.3103628 -0.9471024 0.0816821
-0.6576827 -0.9098566 -0.1260870 -0.2610763 -0.9599407 0.1017498
-0.6576538 -0.9098277 0.0988681 -0.3867233 -0.9121599 0.1356813
-0.6304348 -0.9158860 0.1260872 -0.4683048 -0.8706618 0.1504620
-0.6304348 -0.9158909 0.0928049 -0.3643109 -0.9312774 0.0001405
-0.7420879 -0.8826087 0.0144340 -0.4706298 -0.8617882 0.1892848
-0.6739007 -0.8826087 0.1260872 -0.6191833 -0.7221033 0.3085107
-0.6505570 -0.9027309 0.1260872 -0.5768449 -0.7664647 0.2824568
-0.6304348 -0.8826087 0.2505562 -0.5642492 -0.7930973 0.2293897
-0.6476093 -0.6476093 -0.6476093 -0.4933591 -0.4919379 -0.7173520
-0.6304348 -0.6738954 -0.6304348 -0.3690759 -0.6974359 -0.6143013
-0.6304348 -0.6535512 -0.6535512 -0.4680019 -0.6248019 -0.6249774
-0.6304348 -0.6304348 -0.6738839 -0.5320096 -0.5304918 -0.6599578
-0.6534938 -0.6304348 -0.6534938 -0.6254032 -0.4658339 -0.6259949
-0.6739227 -0.6304348 -0.6304348 -0.6967407 -0.3685940 -0.6153786
-0.6672571 -0.6672571 -0.6304348 -0.4494483 -0.4498464 -0.7717735
-0.7515873 -0.7515873 -0.4994134 -0.2848651 -0.5490236 -0.7857639
-0.6304348 -0.8424678 -0.3782609 -0.3346788 -0.8261101 -0.4533565
-0.6304348 -0.7639992 -0.5118253 -0.3630853 -0.7740737 -0.5186318
-0.7640470 -0.6304348 -0.5118731 -0.5116240 -0.3643903 -0.7781135
-0.6304348 -0.8534641 -0.3491163 -0.2542302 -0.9167237 -0.3081958
-0.8477057 -0.8477057 -0.1260870 -0.4809726 -0.8713444 0.0970792
-0.8476958 -0.8476958 -0.0911740 -0.6055582 -0.7614434 0.2313077
-0.7867643 -0.7867643 0.1260872 -0.6708398 -0.6709359 0.3159413
-0.7639716 -0.7639716 0.2447242 -0.6879667 -0.6880184 0.2309384
-0.6304348 -0.8423751 0.3782611 -0.5876590 -0.7159137 0.3769940
-0.8826087 -0.6739335 0.1260872 0.7356476 0.6248984 -0.2613898
-0.8423750 -0.6304348 0.3782611 -0.8294298 -0.4521044 0.3280974
-0.7441763 -0.7441763 0.3782611 -0.6659043 -0.6659040 0.3363677
-0.6637117 -0.6637117 0.5971580 -0.6360775 -0.6360682 0.4368326
-0.6304348 -0.6738853 0.6304350 -0.5250435 -0.6548535 0.5435957
-0.6304348 -0.7549029 0.5059668 -0.5596944 -0.6890596 0.4603685
-0.7549028 -0.6304348 0.5059669 -0.6891147 -0.5595927 0.4604095
-0.6738837 -0.6304348 0.6304350 -0.6620277 -0.5343105 0.5255775
-0.6534907 -0.6534907 0.6304350 -0.6112473 -0.6112234 0.5027749
-0.6304348 -0.6304348 0.6738842 -0.5303040 -0.5234299 0.6669324
-0.7192966 -0.4671228 -0.7192966 -0.6329655 -0.4452501 -0.6333302
-0.6304348 -0.5117884 -0.7639623 -0.5691205 -0.4574594 -0.6832516
-0.6304348 -0.3782609 -0.8423854 -0.5966401 -0.3484449 -0.7229154
-0.7441954 -0.3782609 -0.7441954 -0.6693696 -0.3223176 -0.6693696
-0.8423854 -0.3782609 -0.6304348 -0.7443470 -0.3268665 -0.5823278
-0.7640301 -0.5118562 -0.6304348 -0.6831234 -0.4572857 -0.5694139
-0.8033041 -0.5511302 -0.5511302 -0.6762437 -0.4184683 -0.6062828
-0.8600833 -0.3782609 -0.6079094 -0.8003435 -0.2654268 -0.5375862
-0.8432292 -0.5910553 0.3782611 -0.8432147 -0.4931458 0.2140003
-0.8423712 -0.5901973 0.4184986 -0.7739294 -0.5081157 0.3779573
-0.8423712 -0.3782609 0.6304350 -0.7504812 -0.3065629 0.5854888
-0.7639357 -0.5117618 0.6304350 -0.6703678 -0.4595599 0.5825906
-0.6304348 -0.5059667 0.7549031 -0.5662667 -0.4594179 0.6843079
-0.6304348 -0.3782609 0.8423714 -0.6020769 -0.3328906 0.7257321
-0.6483429 -0.1439951 -0.9005168 -0.5880716 -0.2028147 -0.7829674
-0.6304348 -0.2505699 -0.8826087 -0.5629683 -0.2271604 -0.7946476
-0.6304348 -0.1532461 -0.9097678 -0.5153113 -0.2094365 -0.8310179
-0.6304348 -0.1260870 -0.9158933 -0.5116866 -0.1247373 -0.8500691
-0.6507346 -0.1260870 -0.9029085 -0.5940882 -0.1284564 -0.7940770
-0.6740864 -0.1260870 -0.8826087 -0.6513301 -0.1259877 -0.7482621
-0.6637185 -0.1593708 -0.8826087 -0.6324665 -0.2136697 -0.7445344
-0.7675155 -0.2631677 -0.7675155 -0.6876283 -0.2330456 -0.6876462
-0.6304348 -0.3490608 -0.8534086 -0.6202506 -0.2499759 -0.7435060
-0.7870780 -0.1260870 -0.7870780 -0.7035829 -0.0994526 -0.7036194
-0.8534086 -0.3490608 -0.6304348 -0.7982672 -0.2684699 -0.5391600
-0.8617378 -0.3573900 -0.6095639 -0.8209259 -0.2260567 -0.5243845
-0.6304348 -0.1832005 0.0689736 -0.0213492 0.7763633 0.6299241
-0.6304348 -0.2143443 0.1260872 0.1672430 0.9850658 0.0409296
-0.7082680 -0.2039202 0.0482539 0.5681323 0.5263278 0.6326174
-0.6304348 -0.1260870 0.0202802 0.4045847 0.2145404 0.8889790
-0.6898454 -0.1260870 0.0666765 0.8206357 -0.1582965 0.5490896
-0.7065075 -0.1260870 0.1260872 0.9989296 -0.0448485 -0.0113299
-0.7082971 -0.2039493 0.1260872 0.7513517 0.6403500 -0.1594443
-0.6304348 -0.1555346 0.3488135 0.2069475 0.9558475 -0.2086343
-0.6304348 -0.1504380 0.3782611 0.0880451 0.8846332 -0.4578998
-0.6553608 -0.1510129 0.3533351 0.7535409 0.6521163 -0.0831892
-0.6546190 -0.1260870 0.3540768 0.9952655 -0.0133759 -0.0962685
-0.6553676 -0.1260870 0.3782611 0.9480191 -0.0982650 -0.3026612
-0.6705179 -0.1661700 0.3782611 0.5903003 0.6090684 -0.5296993
-0.6304348 -0.1260870 0.3992082 0.2685006 0.1976834 -0.9427770
-0.8484187 -0.3440709 0.6304350 -0.7621770 -0.2036847 0.6144906
-0.7548904 -0.2505426 0.7581533 -0.6977366 -0.2212512 0.6813307
-0.6304348 -0.2505426 0.8826089 -0.5517231 -0.2280829 0.8022342
-0.6740708 -0.1260870 0.8826089 -0.6522471 -0.1404994 0.7448716
-0.6637061 -0.1593582 0.8826089 -0.6424484 -0.2170293 0.7349546
-0.6304348 -0.1260870 0.9158810 -0.5099514 -0.1263360 0.8508753
-0.6622188 0.0943031 -0.9143927 -0.5834767 -0.0762140 -0.8085458
-0.6304348 0.0755727 -0.9331231 -0.4965025 -0.0619555 -0.8658215
-0.6304348 0.1260872 -0.9360420 -0.4818855 0.0883209 -0.8717716
-0.6639353 0.1260872 -0.9161092 -0.5585551 0.1043045 -0.8228831
-0.7074582 0.1260872 -0.8826087 -0.6373008 0.0612311 -0.7681786
-0.6950974 0.0614245 -0.8826087 -0.6535034 -0.0985088 -0.7504860
-0.7870832 -0.0305614 -0.7870832 -0.6744096 -0.0940840 -0.7323387
-0.8010303 0.1260872 -0.8010303 -0.6568278 0.0812760 -0.7496476
-0.6898454 0.0666765 0.0666765 0.8306118 -0.0000397 0.5568519
-0.6304348 0.0202802 0.0202802 0.5095416 0.0000000 0.8604460
-0.6304348 0.1260872 0.0202802 0.4495999 -0.3548216 0.8197327
-0.6898408 0.1260872 0.0666811 0.7735499 -0.3706028 0.5140761
-0.7064999 0.1260872 0.1260872 0.9410844 -0.3375463 -0.0205590
-0.7065075 0.0500143 0.1260872 0.9996919 -0.0000497 0.0248199
-0.6546177 0.1019043 0.3540782 0.9951138 -0.0023802 -0.0987054
-0.6546145 0.1260872 0.3540813 0.9305614 -0.3516536 -0.1019562
-0.6549034 0.1260872 0.3782611 0.9228495 -0.2604368 -0.2837627
-0.6553661 0.1011558 0.3782611 0.8700429 -0.0067714 -0.4929295
-0.6304348 -0.1051418 0.3992062 0.4603265 -0.0000381 -0.8877497
-0.6304348 0.1260872 0.3992050 0.2927495 -0.0447327 -0.9551422
-0.7074442 0.1260872 0.8826089 -0.6356444 0.0696567 0.7688329
-0.6950848 0.0614371 0.8826089 -0.6294201 -0.0902601 0.7718054
-0.6304348 -0.0907175 0.9179783 -0.5214424 -0.0626145 0.8509861
-0.6304348 0.1260872 0.9360312 -0.4741201 0.0446181 0.8793290
-0.6304348 0.2856000 -0.8826087 -0.5349479 0.2918055 -0.7928936
-0.7793831 0.2293127 -0.7793831 -0.6486151 0.2995231 -0.6997030
-0.6304348 0.3782611 -0.8446794 -0.5634307 0.4093983 -0.7175925
-0.7502136 0.3782611 -0.7502136 -0.6486808 0.3760997 -0.6616360
-0.8485756 0.3782611 -0.6304348 -0.6978288 0.4277686 -0.5744989
-0.8637914 0.3782611 -0.6116175 -0.7424299 0.4507160 -0.4956340
-0.6304348 0.2143445 0.1260872 0.4476949 -0.8743675 0.1872184
-0.6304348 0.1504369 0.3782611 0.4159598 -0.8815880 -0.2231144
-0.6304348 0.2025646 0.2025646 0.4972510 -0.8467143 -0.1892523
-0.6304348 0.1510054 0.4031793 0.1149906 -0.6250295 -0.7720850
-0.8485632 0.3782611 0.6304350 -0.7141541 0.4011205 0.5736604
-0.6304348 0.3460758 0.8504236 -0.5713571 0.2652655 0.7766501
-0.6304348 0.2855846 0.8826089 -0.5438347 0.3254558 0.7735130
-0.7020832 0.3066126 0.8109604 -0.6221728 0.3140765 0.7171171
-0.6304348 0.3782611 0.8446661 -0.5586511 0.3348615 0.7587996
-0.6304348 0.1691825 0.9257042 -0.4818874 0.2542904 0.8385231
-0.6665837 0.5942860 -0.6665837 -0.6212050 0.4672243 -0.6291310
-0.6304348 0.5015876 -0.7592821 -0.5399787 0.4722085 -0.6967368
-0.6304348 0.6304350 -0.6738840 -0.5300136 0.5324959 -0.6599497
-0.6534914 0.6304350 -0.6534914 -0.5996285 0.5299850 -0.5996346
-0.6738845 0.6304350 -0.6304348 -0.6505604 0.5575822 -0.5156290
-0.7672263 0.4936435 -0.6304348 -0.6889501 0.4779837 -0.5448663
-0.8485751 0.4122946 -0.5964012 -0.7223251 0.4931408 -0.4848285
-0.7639633 0.6304350 -0.5117894 -0.6829934 0.5695685 -0.4572873
-0.8423854 0.6304350 -0.3782609 -0.7267597 0.5925965 -0.3473464
-0.8534051 0.6304350 -0.3490573 -0.7515384 0.6093998 -0.2526300
-0.8423750 0.6304350 0.3782611 -0.7184325 0.6020283 0.3484487
-0.7549028 0.6304350 0.5059669 -0.6957133 0.5497522 0.4623371
-0.6738844 0.6304350 0.6304350 -0.6667669 0.5316113 0.5223134
-0.7672262 0.4936436 0.6304350 -0.6788546 0.4724077 0.5621275
-0.6304348 0.5117638 0.7639377 -0.5759492 0.4657700 0.6718190
-0.6304348 0.6304350 0.6738844 -0.5315052 0.5269198 0.6632177
-0.6304348 0.6738853 -0.6304348 -0.5408681 0.6648163 -0.5152487
-0.6304348 0.8423856 -0.3782609 -0.6020651 0.7184089 -0.3484340
-0.6304348 0.7549032 -0.5059665 -0.5498521 0.6956488 -0.4623154
-0.7549037 0.7581399 -0.2505559 -0.6875683 0.6889142 -0.2294494
-0.6304348 0.8826089 -0.2505559 -0.5671499 0.7905970 -0.2308616
-0.6637121 0.8826089 -0.1593643 -0.6434879 0.7345082 -0.2154554
-0.6738843 0.8826089 -0.1260870 -0.6511505 0.7533644 -0.0918968
-0.6738843 0.8826089 0.0826376 -0.6688744 0.7433754 0.0000000
-0.6738843 0.8826089 0.1260872 -0.6629656 0.7381300 0.1250627
-0.6304348 0.8533998 0.3490520 -0.6094768 0.7514637 0.2526665
-0.6304348 0.8423753 0.3782611 -0.5969031 0.7257516 0.3420399
-0.7581397 0.7549039 0.2505561 -0.6889102 0.6875635 0.2294755
-0.6304348 0.8826089 0.2505562 -0.5668806 0.7910385 0.2300098
-0.6304348 0.6738856 0.6304350 -0.5636483 0.6464026 0.5142608
-0.6304348 0.7639461 0.5117722 -0.5802437 0.6767804 0.4530845
-0.6304348 0.6536711 0.6536711 -0.5264431 0.6011807 0.6011983
-0.6304348 0.9158863 -0.1260870 -0.5163493 0.8498172 -0.1058022
-0.6304348 0.9158863 0.1260872 -0.5202038 0.8508229 0.0740841
-0.6304348 0.9158863 -0.0928095 -0.5224317 0.8526812 0.0000000
-0.6304348 0.9097629 0.1532412 -0.5145061 0.8314928 0.2095309
-0.4326166 -0.9369644 -0.4326166 -0.4359808 -0.8120016 -0.3880391
-0.3782609 -0.9827890 -0.3782609 -0.3323619 -0.8935059 -0.3019649
-0.3782609 -0.9550107 -0.4506629 -0.3379821 -0.8564563 -0.3901932
-0.3782609 -0.8826087 -0.5867413 -0.3673857 -0.8234338 -0.4324170
-0.4779315 -0.8826087 -0.4779315 -0.4642090 -0.7780250 -0.4233052
-0.5684104 -0.8826087 -0.3782609 -0.4669515 -0.8170933 -0.3381048
-0.4475470 -0.9518948 -0.3782609 -0.4315895 -0.8498488 -0.3024690
-0.4778401 -0.9821879 -0.2256662 -0.4524575 -0.8626532 -0.2260792
-0.3782609 -1.0456330 -0.1260870 -0.3360064 -0.9366622 -0.0988111
-0.3782609 -1.0166870 -0.2601653 -0.3335262 -0.9143593 -0.2295811
-0.5902849 -0.8826087 -0.3381110 -0.4772671 -0.8455772 -0.2391971
-0.4920321 -0.9963800 -0.1260870 -0.4486766 -0.8886922 -0.0944214
-0.4920273 -0.9963751 0.0123206 -0.4507511 -0.8926497 0.0000808
-0.3782609 -1.0456285 0.1260872 -0.3349308 -0.9337816 0.1259893
-0.3782609 -1.0456285 -0.0369328 -0.3387686 -0.9408697 0.0000233
-0.4920169 -0.9963647 0.1260872 -0.4472815 -0.8857286 0.1241938
-0.4597177 -0.9640656 0.2968042 -0.4369658 -0.8712300 0.2236498
-0.3782609 -0.9827896 0.3782611 -0.3249793 -0.8990273 0.2934933
-0.3782609 -1.0124640 0.2484057 -0.3332921 -0.9147162 0.2284961
-0.5683092 -0.8826087 0.3782611 -0.4749936 -0.8104141 0.3429430
-0.4475344 -0.9518822 0.3782611 -0.4319470 -0.8500730 0.3013265
-0.3782609 -0.8826087 0.5904018 -0.3807562 -0.8111091 0.4439898
-0.4672816 -0.7194555 -0.7194555 -0.4599024 -0.6202214 -0.6354645
-0.3782609 -0.8552552 -0.6304348 -0.3750313 -0.6963516 -0.6119199
-0.3782609 -0.7471901 -0.7471901 -0.3434349 -0.6429371 -0.6846053
-0.3782609 -0.6304348 -0.8423895 -0.3544485 -0.5872092 -0.7277030
-0.5117898 -0.6304348 -0.7639637 -0.4578646 -0.5680891 -0.6838382
-0.5118098 -0.7639837 -0.6304348 -0.4801567 -0.6662368 -0.5705944
-0.5511012 -0.8032751 -0.5511012 -0.4944167 -0.7308245 -0.4705821
-0.3782609 -0.8676920 -0.6155181 -0.3996432 -0.7636197 -0.5071195
-0.6079586 -0.8601325 -0.3782609 -0.5173312 -0.7704811 -0.3724612
-0.6124672 -0.8646411 -0.3602933 -0.5379263 -0.7981606 -0.2712471
-0.6079069 -0.8600808 0.3782611 -0.5148641 -0.7664545 0.3840085
-0.5902114 -0.8423853 0.4184844 -0.5058510 -0.7179886 0.4781288
-0.3782609 -0.8577095 0.6304350 -0.3847381 -0.7061416 0.5944245
-0.5117909 -0.7639648 0.6304350 -0.4868959 -0.6667703 0.5642249
-0.3782609 -0.6304348 0.8423915 -0.3560908 -0.5903263 0.7243716
-0.5059555 -0.6304348 0.7549142 -0.4623669 -0.5497516 0.6956940
-0.4321813 -0.4321813 -0.9365291 -0.4109274 -0.4109199 -0.8138080
-0.3782609 -0.5682932 -0.8826087 -0.3389394 -0.4660982 -0.8172346
-0.3782609 -0.4475120 -0.9518598 -0.3076660 -0.4282687 -0.8496633
-0.3782609 -0.3782609 -0.9822338 -0.3206896 -0.3206922 -0.8912433
-0.4475118 -0.3782609 -0.9518596 -0.4282761 -0.3076684 -0.8496585
-0.5682884 -0.3782609 -0.8826087 -0.4661234 -0.3389175 -0.8172294
-0.4778860 -0.4778860 -0.8826087 -0.4416717 -0.4416602 -0.7809368
-0.5510839 -0.5510839 -0.8032578 -0.4773607 -0.4773487 -0.7377432
-0.3782609 -0.6079161 -0.8600900 -0.3725537 -0.5173360 -0.7704331
-0.6079141 -0.3782609 -0.8600880 -0.5173690 -0.3724463 -0.7704628
-0.3782609 -0.5682939 0.8826089 -0.3332405 -0.4692259 0.8177883
-0.5682856 -0.3782609 0.8826089 -0.4813049 -0.3666472 0.7961881
-0.4778826 -0.4778826 0.8826089 -0.4548118 -0.4643535 0.7599488
-0.3782609 -0.3782609 0.9822304 -0.3247033 -0.3246970 0.8883353
-0.4778250 -0.2256512 -0.9821728 -0.4510749 -0.2265765 -0.8632465
-0.3782609 -0.2596156 -1.0161372 -0.3307274 -0.2314825 -0.9148963
-0.3782609 -0.1260870 -1.0456345 -0.3323562 -0.1097985 -0.9367410
-0.4920245 -0.1260870 -0.9963722 -0.4482049 -0.1067120 -0.8875387
-0.5902121 -0.3380382 -0.8826087 -0.4773017 -0.2393120 -0.8455252
-0.6124329 -0.3602590 -0.8646068 -0.5379410 -0.2713487 -0.7981161
-0.3782609 -0.2271905 0.0249835 -0.2794591 0.7420872 0.6092694
-0.3782609 -0.2768323 0.1260872 -0.2107037 0.9763250 0.0489240
-0.4721366 -0.2199627 0.0322113 0.2204890 0.7547045 0.6179043
-0.3782609 -0.1260870 -0.0519553 -0.3066339 0.2403504 0.9209817
-0.5280967 -0.1260870 -0.0237488 0.2761359 0.3144401 0.9082271
-0.5098077 -0.2576338 0.1260872 0.2407993 0.9675663 0.0763624
-0.3782609 -0.2349422 0.2694059 -0.3115410 0.9237989 -0.2225712
-0.3782609 -0.2168995 0.3782611 -0.1978390 0.8667625 -0.4578018
-0.4685058 -0.2163319 0.2880161 0.2216673 0.9500436 -0.2197292
-0.4565874 -0.2044135 0.3782611 0.1972899 0.8472753 -0.4931545
-0.3782609 -0.1260870 0.4569697 -0.0257222 0.3409780 -0.9397193
-0.6059278 -0.1260870 0.4027681 0.1777783 0.3304240 -0.9269384
-0.5901957 -0.3380217 0.8826089 -0.4789522 -0.2438079 0.8433045
-0.3782609 -0.2484363 1.0124334 -0.3561360 -0.2314013 0.9053290
-0.3782609 -0.1260870 1.0456067 -0.3544718 -0.1373342 0.9249265
-0.5667070 -0.1260870 0.9463367 -0.4454692 -0.1205428 0.8871452
-0.4945069 0.0098410 -0.9988547 -0.4295744 -0.0397872 -0.9021546
-0.3782609 -0.0392125 -1.0479082 -0.3123711 -0.0220229 -0.9497048
-0.3782609 0.1260872 -1.0509965 -0.3132999 0.1228558 -0.9416739
-0.4989508 0.1260872 -1.0032986 -0.4093754 0.1110440 -0.9055832
-0.5280967 -0.0237488 -0.0237488 0.2918709 -0.0000000 0.9564577
-0.3782609 -0.0519553 -0.0519553 -0.2932956 -0.0000000 0.9560218
-0.3782609 0.1260872 -0.0519553 -0.2321413 -0.3833149 0.8939687
-0.5280967 0.1260872 -0.0237488 0.2622928 -0.5206934 0.8124537
-0.6059281 -0.1015802 0.4027678 0.1878913 -0.0000174 -0.9821898
-0.3782609 -0.0473790 0.4569690 -0.0909457 -0.0000047 -0.9958559
-0.3782609 0.1260872 0.4569690 -0.0820862 -0.2419222 -0.9668172
-0.6059295 0.1260872 0.4027664 0.1819248 -0.2566769 -0.9492209
-0.5640666 -0.0597187 0.9489771 -0.4302380 -0.0439488 0.9016450
-0.3782609 0.0400386 1.0487343 -0.3392014 -0.0210749 0.9404776
-0.3782609 0.1260872 1.0509706 -0.3228672 0.0900997 0.9421459
-0.5370098 0.1260872 0.9760338 -0.4092624 0.0722252 0.9095536
-0.4636460 0.2928760 -0.9679938 -0.4107215 0.2543994 -0.8755506
-0.3782609 0.2449883 -1.0158814 -0.3135826 0.2489493 -0.9163461
-0.3782609 0.3782611 -0.9828135 -0.3015534 0.3267047 -0.8957285
-0.4493504 0.3782611 -0.9536982 -0.4162457 0.3358072 -0.8449693
-0.5714859 0.3782611 -0.8826087 -0.4601623 0.3785994 -0.8030649
-0.6092988 0.3782611 -0.8614727 -0.5062566 0.4156902 -0.7555831
-0.3782609 0.2768325 0.1260872 -0.0425780 -0.9757188 0.2148489
-0.5237069 0.2328150 0.1260872 0.2302853 -0.9210211 0.3141477
-0.5416155 0.2149064 0.2149064 0.2280321 -0.9501323 -0.2127207
-0.3782609 0.2168997 0.3782611 -0.0846191 -0.8826279 -0.4623933
-0.3782609 0.2582493 0.2582493 -0.0700777 -0.9701321 -0.2322345
-0.6007335 0.1557885 0.3782611 0.1973816 -0.8669125 -0.4577151
-0.6161898 0.1403321 0.3925060 -0.0046521 -0.6433944 -0.7655208
-0.3782609 0.1769057 0.4290797 -0.0517683 -0.6454489 -0.7620470
-0.5714832 0.3782611 0.8826089 -0.4828362 0.3617652 0.7974930
-0.5655833 0.1909387 0.9474604 -0.4138081 0.2509372 0.8750961
-0.3782609 0.2626761 1.0191978 -0.3191465 0.2497488 0.9142051
-0.3782609 0.3782611 0.9828101 -0.3062235 0.3337355 0.8915424
-0.3782609 0.5682951 -0.8826087 -0.3425121 0.4762184 -0.8098774
-0.5925057 0.4161901 -0.8446796 -0.4886434 0.4869262 -0.7239685
-0.3782609 0.6304350 -0.8423896 -0.3584313 0.5748431 -0.7355830
-0.5117901 0.6304350 -0.7639640 -0.4644659 0.5707071 -0.6771742
-0.3782609 0.6067528 0.8589267 -0.3751715 0.5085512 0.7749981
-0.3782609 0.5682958 0.8826089 -0.3500932 0.4792359 0.8048402
-0.4184918 0.5902040 0.8423779 -0.4757932 0.4933138 0.7281911
-0.3782609 0.6304350 0.8423915 -0.3805448 0.5539899 0.7404599
-0.5059555 0.6304350 0.7549142 -0.4678245 0.5393554 0.7001686
-0.3782609 0.4475114 0.9518592 -0.3181594 0.4296539 0.8450871
-0.3782609 0.8552555 -0.6304348 -0.4520394 0.8621556 -0.2287973
-0.4783213 0.7825485 -0.6304348 -0.4856890 0.6729909 -0.5578437
-0.3782609 0.8826089 -0.5867413 -0.3954386 0.8010408 -0.4494018
-0.3782609 0.8552555 -0.6304348 -0.2633566 0.5388948 -0.8001474
-0.4779143 0.8826089 -0.4779143 -0.4815014 0.7589270 -0.4383903
-0.5683089 0.8826089 -0.3782609 -0.4699389 0.8175476 -0.3328263
-0.5902116 0.8826089 -0.3380377 -0.4834781 0.8422385 -0.2385022
-0.5683092 0.8826089 0.3782611 -0.4786788 0.8152791 0.3258628
-0.3782609 0.8690935 0.6169196 -0.4157502 0.7581402 0.5023695
-0.3782609 0.8577097 0.6304350 -0.4015577 0.6879746 0.6045182
-0.4031668 0.8577030 0.6055291 -0.5068341 0.7185367 0.4762608
-0.3782609 0.8826089 0.5904018 -0.3731937 0.8238832 0.4265479
-0.4720639 0.7888058 0.6304350 -0.4894522 0.6703762 0.5577026
-0.5946069 0.6662629 0.6662629 -0.4641746 0.6111387 0.6411329
-0.3782609 0.7495583 0.7495583 -0.3491401 0.6372187 0.6870615
-0.3782609 0.9827892 -0.3782609 -0.3323110 0.8900931 -0.3119352
-0.3782609 1.0456332 -0.1260870 -0.3540197 0.9255229 -0.1344525
-0.3782609 1.0124638 -0.2484059 -0.3372642 0.9133393 -0.2281757
-0.5666975 0.9463461 -0.1260870 -0.4483130 0.8841484 -0.1315180
-0.3782609 1.0456332 0.0369375 -0.3484431 0.9373299 0.0000232
-0.3782609 1.0456288 0.1260872 -0.3454663 0.9329592 0.1011940
-0.5666975 0.9463461 -0.0623497 -0.4487554 0.8936546 0.0000055
-0.5666975 0.9463461 0.1260872 -0.4465192 0.8891722 0.0999670
-0.3782609 1.0166826 0.2601609 -0.3424073 0.9112731 0.2287768
-0.3782609 0.9827898 0.3782611 -0.3183683 0.9015814 0.2929038
-0.5866689 0.9263747 0.1698530 -0.4447215 0.8696172 0.2144499
-0.3782609 0.9552732 0.4509254 -0.3273814 0.8623905 0.3861399
-0.1557054 -0.9122271 -0.6600532 -0.2056357 -0.7733595 -0.5996907
-0.1260870 -0.9359878 -0.6304348 -0.0897718 -0.8730866 -0.4792295
-0.1260870 -0.9156417 -0.6634678 -0.0801227 -0.7873915 -0.6112241
-0.1260870 -0.8826087 -0.6976581 -0.0939479 -0.7084526 -0.6994775
-0.1785262 -0.8826087 -0.6828740 -0.2315954 -0.7023261 -0.6731282
-0.3062691 -0.8826087 -0.6304348 -0.2682642 -0.7847574 -0.5587400
-0.1700688 -0.9265905 -0.6304348 -0.2267707 -0.8487568 -0.4776890
-0.2300794 -0.9866011 -0.4822533 -0.2397800 -0.8818173 -0.4060833
-0.1260870 -1.0467541 -0.3782609 -0.0996573 -0.9454507 -0.3101475
-0.1260870 -1.0014982 -0.4971505 -0.0930333 -0.9130396 -0.3971188
-0.3511871 -0.8826087 -0.6033610 -0.2657473 -0.8593689 -0.4368792
-0.2608896 -1.0174112 -0.3782609 -0.2360754 -0.9225661 -0.3051888
-0.2829361 -1.0394578 -0.2829361 -0.2400884 -0.9418393 -0.2351518
-0.1260870 -1.1055858 -0.1260870 -0.1051899 -0.9890110 -0.1038866
-0.1260870 -1.0660974 -0.3095756 -0.1012849 -0.9655734 -0.2396024
-0.3091766 -1.0656983 -0.1260870 -0.2447870 -0.9643972 -0.1000867
-0.3091726 -1.0656942 -0.0569986 -0.2460336 -0.9692613 0.0000325
-0.1260870 -1.1055837 0.1260872 -0.1062241 -0.9858876 0.1293913
-0.1260870 -1.1055837 -0.0968881 -0.1070876 -0.9942496 0.0000365
-0.3091726 -1.0656943 0.1260872 -0.2439345 -0.9610647 0.1298103
-0.2897757 -1.0462974 0.2145723 -0.2402340 -0.9421279 0.2338429
-0.1260870 -1.0467550 0.3782611 -0.1032964 -0.9454901 0.3088338
-0.1260870 -1.0949495 0.1659203 -0.1067975 -0.9652966 0.2383212
-0.2608904 -1.0174121 0.3782611 -0.2360027 -0.9222947 0.3060639
-0.1954889 -0.9520106 0.5610330 -0.2351184 -0.8916428 0.3869011
-0.1260870 -0.9403456 0.6304350 -0.0720735 -0.8673585 0.4924374
-0.1260870 -0.9787825 0.5342611 -0.1020476 -0.9179573 0.3833286
-0.3160395 -0.8826087 0.6304350 -0.2817861 -0.7737103 0.5674230
-0.1737739 -0.9302956 0.6304350 -0.2280826 -0.8401043 0.4921412
-0.1260870 -0.8826087 0.7054447 -0.1423682 -0.7057230 0.6940362
-0.1441126 -0.6484604 -0.9006343 -0.1960553 -0.5708145 -0.7973287
-0.1260870 -0.6760430 -0.8826087 -0.0943303 -0.6242884 -0.7754778
-0.1260870 -0.6506282 -0.9028021 -0.0830507 -0.5816252 -0.8092062
-0.1260870 -0.6304348 -0.9158887 -0.0922874 -0.5191370 -0.8496940
-0.1532430 -0.6304348 -0.9097647 -0.2099650 -0.5115280 -0.8332189
-0.2505679 -0.6304348 -0.8826087 -0.2283610 -0.5518983 -0.8020346
-0.1607732 -0.6651210 -0.8826087 -0.2126701 -0.6078647 -0.7650307
-0.2661843 -0.7705321 -0.7705321 -0.2420623 -0.6568658 -0.7140960
-0.1260870 -0.7902548 -0.7902548 -0.0979832 -0.6661340 -0.7393678
-0.3490761 -0.6304348 -0.8534239 -0.2528430 -0.6092027 -0.7516266
-0.3587372 -0.8630850 -0.6304348 -0.2751412 -0.7119384 -0.6460968
-0.3664177 -0.8707655 -0.6185916 -0.2921271 -0.7950026 -0.5316321
-0.3606929 -0.8650407 0.6304350 -0.2952332 -0.7284319 0.6182429
-0.2844703 -0.7888181 0.7242255 -0.2535993 -0.6488410 0.7174209
-0.1260870 -0.6782869 0.8826089 -0.1010889 -0.6104633 0.7855670
-0.2505796 -0.6304348 0.8826089 -0.2351538 -0.5499508 0.8014092
-0.1619214 -0.6662692 0.8826089 -0.2250067 -0.6095765 0.7601240
-0.1260870 -0.6304348 0.9158923 -0.1076528 -0.4963443 0.8614251
-0.2256506 -0.4778244 -0.9821723 -0.2265603 -0.4510754 -0.8632506
-0.1260870 -0.4920219 -0.9963697 -0.0944979 -0.4487695 -0.8886372
-0.1260870 -0.3782609 -1.0456327 -0.1005910 -0.3355236 -0.9366458
-0.2596147 -0.3782609 -1.0161364 -0.2314759 -0.3307306 -0.9148968
-0.3380411 -0.5902150 -0.8826087 -0.2392734 -0.4772565 -0.8455616
-0.3602632 -0.6124371 -0.8646110 -0.2714578 -0.5378056 -0.7981703
-0.3380425 -0.5902164 0.8826089 -0.2385794 -0.4833987 0.8422623
-0.1260870 -0.5666883 0.9463553 -0.1315215 -0.4482927 0.8841581
-0.1260870 -0.3782609 1.0456309 -0.1345227 -0.3539779 0.9255286
-0.2484374 -0.3782609 1.0124323 -0.2301048 -0.3362822 0.9132174
-0.2824156 -0.2824156 -1.0389373 -0.2396207 -0.2396278 -0.9408296
-0.1260870 -0.3091762 -1.0656979 -0.1023748 -0.2447279 -0.9641720
-0.1260870 -0.1260870 -1.1055855 -0.1053556 -0.1055379 -0.9888185
-0.3091771 -0.1260870 -1.0656989 -0.2447168 -0.1025554 -0.9641557
-0.1987948 -0.1260870 0.1260872 -0.8920190 0.3843091 0.2379258
-0.2265931 -0.1260870 0.2777549 -0.8135897 0.5226113 -0.2548511
-0.2684621 -0.1260870 0.3782611 -0.7949637 0.3525671 -0.4936893
-0.3236640 -0.1260870 0.4328579 -0.5280745 0.3419930 -0.7772889
-0.1882349 -0.1882349 1.0726348 -0.2367809 -0.2366579 0.9422992
-0.1260870 -0.1663104 1.0945593 -0.1248639 -0.2427163 0.9620280
-0.1260870 -0.1260870 1.1055773 -0.1302834 -0.1305096 0.9828497
-0.1663252 -0.1260870 1.0945445 -0.2428561 -0.1251007 0.9619619
-0.3091975 -0.0570235 -1.0657191 -0.2348932 -0.0100790 -0.9719689
-0.1260870 -0.0969003 -1.1055959 -0.1068842 -0.0005276 -0.9942713
-0.1260870 0.1260872 -1.1057525 -0.1000501 0.1305398 -0.9863819
-0.3119068 0.1260872 -1.0684285 -0.2238277 0.1246658 -0.9666228
-0.3782609 -0.0392125 -1.0479082 0.2557581 0.0252877 0.9664100
-0.1987948 0.1260872 0.1260872 -0.9184115 -0.2423729 0.3126910
-0.1987948 0.0533793 0.1260872 -0.9541306 0.0000000 0.2993904
-0.2265931 0.0255809 0.2777549 -0.9588152 0.0000000 -0.2840308
-0.2265931 0.1260872 0.2777549 -0.9094262 -0.3176441 -0.2684144
-0.2684621 0.1260872 0.3782611 -0.7968410 -0.2952243 -0.5271499
-0.2684621 -0.0162881 0.3782611 -0.8293719 0.0000000 -0.5586968
-0.3236640 -0.0714901 0.4328579 -0.5628892 -0.0000011 -0.8265324
-0.3236640 0.1260872 0.4328579 -0.5498995 -0.2102454 -0.8083361
-0.1661200 0.0860541 1.0947497 -0.2353660 -0.0119611 0.9718332
-0.1260870 0.0970384 1.1057340 -0.1330804 -0.0005269 0.9911051
-0.1260870 0.1260872 1.1057445 -0.1241057 0.1035104 0.9868553
-0.1648009 0.1260872 1.0960689 -0.2236203 0.0951170 0.9700241
-0.2922392 0.2121089 -1.0487609 -0.2277632 0.2465736 -0.9419795
-0.1260870 0.1661043 -1.0947654 -0.0987838 0.2440505 -0.9647182
-0.1260870 0.3782611 -1.0456331 -0.0991220 0.3474390 -0.9324489
-0.2602161 0.3782611 -1.0167377 -0.2281059 0.3494444 -0.9087664
-0.2768383 0.2275097 0.1260872 -0.6050954 -0.7439829 0.2834591
-0.2838962 0.2204518 0.2204518 -0.6153618 -0.7588480 -0.2132594
-0.3192363 0.1851118 0.3782611 -0.5703385 -0.7102547 -0.4126164
-0.3370287 0.1673193 0.4194932 -0.4609818 -0.5734566 -0.6772321
-0.2129886 0.2913595 1.0478811 -0.2256214 0.2488885 0.9418861
-0.1260870 0.3091809 1.0657027 -0.1218518 0.2446146 0.9619334
-0.1260870 0.3782611 1.0456313 -0.1238394 0.3369937 0.9333269
-0.2484348 0.3782611 1.0124350 -0.2277329 0.3414387 0.9118977
-0.1698851 0.5866368 -0.9264068 -0.2143527 0.4448842 -0.8695580
-0.1260870 0.5666935 -0.9463502 -0.0997587 0.4465309 -0.8891897
-0.1260870 0.6304350 -0.9158887 -0.0849479 0.4982756 -0.8628471
-0.1532430 0.6304350 -0.9097648 -0.2109475 0.5047227 -0.8371118
-0.2505679 0.6304350 -0.8826087 -0.2311843 0.5496595 -0.8027629
-0.3490761 0.6304350 -0.8534239 -0.2575459 0.5895607 -0.7655640
-0.2505796 0.6304350 0.8826089 -0.2344754 0.5429551 0.8063629
-0.2968292 0.4596927 0.9640405 -0.2236894 0.4369985 0.8712034
-0.1260870 0.4920204 0.9963682 -0.1242197 0.4472708 0.8857303
-0.1260870 0.6304350 0.9158923 -0.1006204 0.5102176 0.8541390
-0.1260870 0.6760432 -0.8826087 -0.1096396 0.6368108 -0.7631848
-0.2814488 0.7272471 -0.7857966 -0.2443574 0.6546947 -0.7153071
-0.1260870 0.8826089 -0.6976581 -0.1043736 0.7211340 -0.6848883
-0.1785262 0.8826089 -0.6828740 -0.2272032 0.7157228 -0.6603935
-0.3062691 0.8826089 -0.6304348 -0.2646524 0.8065127 -0.5286743
-0.3511871 0.8826089 -0.6033610 -0.2702975 0.8544803 -0.4436246
-0.3160395 0.8826089 0.6304350 -0.2729332 0.7855696 0.5553268
-0.1260870 0.7941907 0.7941907 -0.1406885 0.6524193 0.7446851
-0.1260870 0.6782871 0.8826089 -0.1061493 0.6029687 0.7906712
-0.2373773 0.7713186 0.7713186 -0.2500182 0.6479045 0.7195210
-0.1260870 0.8826089 0.7054447 -0.1170845 0.7101049 0.6942925
-0.1260870 0.6508560 0.9030299 -0.1118754 0.5619219 0.8195899
-0.1260870 0.9359880 -0.6304348 -0.1135171 0.8607813 -0.4961546
-0.1260870 1.0467544 -0.3782609 -0.1408862 0.9346226 -0.3265447
-0.1260870 0.9732691 -0.5397745 -0.1276803 0.9101711 -0.3940639
-0.2479039 1.0129659 -0.3782609 -0.2361589 0.9122780 -0.3346309
-0.1260870 1.0949494 -0.1659204 -0.1279192 0.9628648 -0.2377566
-0.1260870 1.1055861 -0.1260870 -0.1311368 0.9830881 -0.1278323
-0.1882112 1.0726585 -0.1882112 -0.2389949 0.9423375 -0.2342681
-0.1663089 1.0945609 -0.1260870 -0.2428012 0.9620185 -0.1247717
-0.1260870 1.1055861 0.0968904 -0.1333750 0.9910657 0.0000364
-0.1260870 1.1055839 0.1260872 -0.1326861 0.9855879 0.1049327
-0.1663089 1.0945609 0.0858652 -0.2446974 0.9695995 0.0000267
-0.1663115 1.0945582 0.1260872 -0.2433401 0.9641673 0.1056741
-0.1260870 1.0660938 0.3095721 -0.1329709 0.9619555 0.2386636
-0.1260870 1.0467552 0.3782611 -0.1298994 0.9425591 0.3077474
-0.2147819 1.0460879 0.2895662 -0.2386002 0.9421816 0.2352951
-0.2479031 1.0129666 0.3782611 -0.2346742 0.9225106 0.3064348
-0.1260870 1.0019312 0.4975834 -0.1286489 0.9146795 0.3831591
-0.1260870 0.9403459 0.6304350 -0.1121741 0.8837366 0.4543420
-0.2924905 0.9683792 0.4640314 -0.2373972 0.8919904 0.3847019
-0.1260870 0.9191210 0.6669471 -0.1310802 0.7935824 0.5941759
0.0930490 -0.9156468 -0.6634729 -0.0000226 -0.7899191 -0.6132111
0.1260872 -0.9359961 -0.6304348 0.0879100 -0.8754457 -0.4752541
0.1260872 -0.9156471 -0.6634732 0.0791994 -0.7874479 -0.6112719
0.1260872 -0.8826087 -0.6976680 0.0929298 -0.7043954 -0.7036982
0.0588550 -0.8826087 -0.6976668 -0.0000228 -0.7136164 -0.7005366
0.0727006 -0.9359952 -0.6304348 -0.0000232 -0.8754498 -0.4833092
0.0071954 -1.0015002 -0.4971525 -0.0000178 -0.9170144 -0.3988540
0.1260872 -1.0467570 -0.3782609 0.1151512 -0.9448417 -0.3066176
0.1260872 -1.0015016 -0.4971538 0.1099716 -0.9114636 -0.3964094
-0.0380603 -1.0467560 -0.3782609 -0.0000130 -0.9495167 -0.3137164
-0.0574018 -1.0660975 -0.3095758 -0.0000053 -0.9705638 -0.2408441
0.1260872 -1.1055861 -0.1260870 0.1294160 -0.9860222 -0.1049362
0.1260872 -1.0660983 -0.3095766 0.1296973 -0.9623718 -0.2387868
-0.0968902 -1.1055858 -0.1260870 -0.0000005 -0.9943886 -0.1057893
-0.0968902 -1.1055858 -0.0968902 -0.0000281 -1.0000000 0.0000092
0.1260872 -1.1055861 0.1260872 0.1242521 -0.9844401 0.1242535
0.1260872 -1.1055861 -0.0968904 0.1300876 -0.9915025 0.0000000
-0.0968902 -1.1055858 0.1260872 -0.0000370 -0.9915018 0.1300930
-0.0862549 -1.0949506 0.1659192 -0.0000174 -0.9708490 0.2396920
0.1260872 -1.0467578 0.3782611 0.1022954 -0.9474593 0.3030783
0.1260872 -1.0949508 0.1659189 0.1091626 -0.9650439 0.2382723
-0.0380611 -1.0467567 0.3782611 -0.0000128 -0.9501622 0.3117561
0.0299019 -0.9787939 0.5342498 -0.0000212 -0.9227834 0.3853191
0.1260872 -0.9403551 0.6304350 0.0914214 -0.8658112 0.4919482
0.1260872 -0.9787949 0.5342488 0.0771445 -0.9200343 0.3841688
0.0683417 -0.9403541 0.6304350 -0.0000261 -0.8687556 0.4952412
0.1260872 -0.8826087 0.7054566 0.0772673 -0.7291722 0.6799541
-0.0510752 -0.8826087 0.7054466 -0.0000263 -0.7134677 0.7006881
0.1058937 -0.6506282 -0.9028021 -0.0000026 -0.5836429 -0.8120105
0.1260872 -0.6760439 -0.8826087 0.1004824 -0.6245214 -0.7745169
0.1260872 -0.6506283 -0.9028022 0.1110228 -0.5800229 -0.8069990
0.1260872 -0.6304348 -0.9158887 0.1003431 -0.5149704 -0.8513147
0.0928071 -0.6304348 -0.9158887 0.0000000 -0.5234044 -0.8520845
0.0804789 -0.6760430 -0.8826087 -0.0000061 -0.6254314 -0.7802791
-0.0337339 -0.7902557 -0.7902557 -0.0000139 -0.6693462 -0.7429507
0.1260872 -0.7902572 -0.7902572 0.1254267 -0.6640503 -0.7370925
0.1260872 -0.6782891 0.8826089 0.1249593 -0.6167996 0.7771379
0.0782342 -0.6782877 0.8826089 -0.0000119 -0.6223114 0.7827699
0.1260872 -0.6304348 0.9158930 0.0753043 -0.4999495 0.8627744
-0.0928035 -0.6304348 0.9158923 -0.0000013 -0.5027368 0.8644395
0.0123260 -0.4920219 -0.9963697 0.0000000 -0.4508047 -0.8926226
0.1260872 -0.4920219 -0.9963697 0.1242238 -0.4472825 -0.8857239
0.1260872 -0.3782609 -1.0456327 0.1269435 -0.3341244 -0.9339413
-0.0369370 -0.3782609 -1.0456327 0.0000000 -0.3388208 -0.9408510
-0.0623404 -0.5666883 0.9463553 -0.0000034 -0.4487354 0.8936647
0.1260872 -0.5666873 0.9463564 0.1022120 -0.4464090 0.8889722
0.1260872 -0.3782609 1.0456330 0.1031346 -0.3456255 0.9326876
0.0369353 -0.3782609 1.0456309 -0.0000107 -0.3484218 0.9373379
-0.0570022 -0.3091762 -1.0656979 0.0000001 -0.2460342 -0.9692612
0.1260872 -0.3091762 -1.0656979 0.1331014 -0.2438222 -0.9606429
0.1260872 -0.1260870 -1.1055853 0.1326681 -0.1061437 -0.9854607
-0.0968898 -0.1260870 -1.1055855 0.0000003 -0.1070478 -0.9942539
0.0858636 -0.1663105 1.0945593 -0.0000360 -0.2446192 0.9696192
0.1260872 -0.1663093 1.0945604 0.1068945 -0.2432899 0.9640454
0.1260872 -0.1260870 1.1055843 0.1060568 -0.1326284 0.9854754
0.0968817 -0.1260870 1.1055773 -0.0001173 -0.1332683 0.9910800
-0.0968898 -0.0968898 -1.1055855 0.0002223 -0.0003087 -0.9999999
0.1260872 -0.0968898 -1.1055855 0.1333705 -0.0000020 -0.9910663
0.1260872 0.1260872 -1.1055855 0.1305966 0.1302456 -0.9828432
-0.0970464 0.1260872 -1.1057421 0.0005249 0.1330431 -0.9911101
0.0968817 0.0968817 1.1055773 0.0001889 -0.0002223 1.0000000
0.1260872 0.0968887 1.1055844 0.1069335 0.0000018 0.9942662
0.1260872 0.1260872 1.1055843 0.1054245 0.1053648 0.9888296
0.0968922 0.1260872 1.1055878 0.0004101 0.1069042 0.9942692
-0.0860698 0.1661043 -1.0947654 0.0003032 0.2450098 -0.9695205
0.1260872 0.1663095 -1.0945603 0.1251910 0.2427872 -0.9619676
0.1260872 0.3782611 -1.0456327 0.1315828 0.3566045 -0.9249427
-0.0369374 0.3782611 -1.0456331 0.0000010 0.3487617 -0.9372115
0.0570066 0.3091806 1.0657023 0.0001289 0.2461792 0.9692243
0.1260872 0.3091738 1.0656955 0.1024373 0.2447089 0.9641702
0.1260872 0.3782611 1.0456330 0.1005970 0.3355142 0.9366485
0.0369353 0.3782611 1.0456309 -0.0000097 0.3388659 0.9408347
0.0623456 0.5666934 -0.9463502 0.0000008 0.4487491 -0.8936578
0.1260872 0.5666938 -0.9463499 0.1116684 0.4459665 -0.8880563
0.1260872 0.6304350 -0.9158887 0.1012999 0.5020898 -0.8588622
0.0928071 0.6304350 -0.9158887 0.0000000 0.5282968 -0.8490597
-0.0123275 0.4920204 0.9963682 -0.0000079 0.4507915 0.8926293
0.1260872 0.4920226 0.9963704 0.0944781 0.4487603 0.8886440
0.1260872 0.6304350 0.9158930 0.0900291 0.5115123 0.8545465
-0.0928035 0.6304350 0.9158923 -0.0000013 0.5178714 0.8554584
0.1260872 0.6760441 -0.8826087 0.0942821 0.6318705 -0.7693183
-0.0804778 0.6760441 -0.8826087 -0.0000049 0.6212252 -0.7836322
0.1260872 0.8826089 -0.6976680 0.0637483 0.7169040 -0.6942513
0.0588550 0.8826089 -0.6976668 -0.0000238 0.7392472 -0.6734342
0.1260872 0.7941956 0.7941956 0.0749196 0.6571088 0.7500634
0.1260872 0.6782894 0.8826089 0.0736955 0.6002840 0.7963845
0.0376710 0.7941928 0.7941928 -0.0000254 0.6589748 0.7521651
0.1260872 0.8826089 0.7054567 0.0710769 0.7135150 0.6970254
-0.0510752 0.8826089 0.7054466 -0.0000287 0.7170418 0.6970302
-0.0782334 0.6782885 0.8826089 -0.0000098 0.6018370 0.7986190
-0.1056658 0.6508561 0.9030300 -0.0000044 0.5654714 0.8247679
0.1260872 0.6508565 0.9030304 0.0720553 0.5639957 0.8226280
0.1260872 0.9359963 -0.6304348 0.0694148 0.8732674 -0.4822714
-0.0727069 0.9359888 -0.6304348 -0.0000243 0.8478446 -0.5302449
0.1260872 0.9732804 -0.5397633 0.0942254 0.9136103 -0.3955221
0.1260872 1.0467572 -0.3782609 0.0968495 0.9441364 -0.3150025
-0.0354257 0.9732701 -0.5397736 -0.0000189 0.9176958 -0.3972838
0.0380597 1.0467553 -0.3782609 -0.0000130 0.9476242 -0.3193875
0.1260872 1.0949507 -0.1659190 0.1055152 0.9654254 -0.2383701
0.1260872 1.1055863 -0.1260870 0.1049309 0.9860219 -0.1294230
0.0862540 1.0949496 -0.1659201 -0.0000090 0.9708463 -0.2397029
0.0968906 1.1055862 -0.1260870 -0.0000023 0.9915009 -0.1300997
0.1260872 1.1055863 0.0968906 0.1057845 0.9943891 0.0000000
0.1260872 1.1055863 0.1260872 0.1022935 0.9894769 0.1023303
0.0968906 1.1055862 0.0968906 -0.0000111 1.0000000 0.0000265
0.0968885 1.1055841 0.1260872 -0.0000371 0.9943848 0.1058248
0.1260872 1.0660988 0.3095771 0.0932898 0.9663358 0.2397752
0.1260872 1.0467581 0.3782611 0.0886312 0.9480903 0.3054001
0.0573990 1.0660946 0.3095730 -0.0000322 0.9705694 0.2408215
0.0380605 1.0467561 0.3782611 -0.0000131 0.9502111 0.3116068
0.1260872 1.0019345 0.4975867 0.0716489 0.9199765 0.3853695
0.1260872 0.9403553 0.6304350 0.0682994 0.8859767 0.4586724
-0.0067632 1.0019325 0.4975847 -0.0000186 0.9223405 0.3863782
-0.0683490 0.9403468 0.6304350 -0.0000266 0.8868490 0.4620592
-0.0895745 0.9191213 0.6669474 -0.0000268 0.8004507 0.5993986
0.1260872 0.9191273 0.6669534 0.0588372 0.7990717 0.5983499
0.3734090 -0.8874608 -0.6352869 0.1484876 -0.7795747 -0.6084527
0.3782611 -0.8896837 -0.6304348 0.2025148 -0.8799770 -0.4296840
0.3782611 -0.8870164 -0.6348425 0.1841434 -0.7720867 -0.6082544
0.3782611 -0.8826087 -0.6392058 0.2198521 -0.6509773 -0.7265629
0.3668707 -0.8826087 -0.6418251 0.1650972 -0.6794762 -0.7148811
0.3697459 -0.8911238 -0.6304348 0.1548534 -0.8766043 -0.4556154
0.2867173 -0.9741524 -0.4698046 0.1831898 -0.9100315 -0.3718659
0.3782611 -0.9912792 -0.3782609 0.2682950 -0.9250336 -0.2689433
0.3782611 -0.9633213 -0.4589735 0.2441605 -0.9042805 -0.3502320
0.2411639 -1.0197059 -0.3782609 0.2066018 -0.9340336 -0.2913711
0.2141121 -1.0467577 -0.2902360 0.2243092 -0.9491999 -0.2206922
0.3782611 -1.0467581 -0.1260870 0.3052226 -0.9473109 -0.0971666
0.3782611 -1.0193889 -0.2628673 0.2957297 -0.9326230 -0.2067810
0.1659188 -1.0949509 -0.1260870 0.2383642 -0.9654257 -0.1055256
0.1659188 -1.0949509 -0.0862553 0.2396901 -0.9708495 -0.0000000
0.3782611 -1.0467581 0.1260872 0.3007114 -0.9482268 0.1021691
0.3782611 -1.0467581 -0.0380623 0.3095939 -0.9508688 0.0000000
0.1659188 -1.0949509 0.1260872 0.2382709 -0.9650441 0.1091640
0.1833233 -1.0775464 0.1833233 0.2204624 -0.9501537 0.2204636
0.3782611 -0.9912808 0.3782611 0.2665410 -0.9285505 0.2583598
0.3782611 -1.0197076 0.2411622 0.2777160 -0.9379918 0.2074735
0.2411623 -1.0197074 0.3782611 0.2072815 -0.9371254 0.2807675
0.3456881 -0.9151816 0.5978620 0.1766817 -0.9173828 0.3566405
0.3782611 -0.8966737 0.6304350 0.1901068 -0.8587559 0.4758127
0.3782611 -0.9043358 0.6087078 0.2181312 -0.9160529 0.3365499
0.3614460 -0.8994237 0.6304350 0.1450335 -0.8595459 0.4900469
0.3782611 -0.8826087 0.6486877 0.2072432 -0.6828215 0.7005748
0.1878523 -0.8826087 0.6922001 0.1548132 -0.6983908 0.6987726
0.2506541 -0.6304348 -0.8826087 0.2290883 -0.5491871 -0.8036866
0.2389786 -0.7697172 -0.7697172 0.2049757 -0.6351369 -0.7447053
0.3782611 -0.7526103 -0.7526103 0.2772336 -0.6030682 -0.7479640
0.3782611 -0.6304348 -0.8435402 0.3345072 -0.5504609 -0.7649168
0.2906870 -0.7180088 0.7950348 0.1985896 -0.6231545 0.7564659
0.3782611 -0.8040937 0.7089499 0.2667881 -0.5930994 0.7596428
0.3782611 -0.6304348 0.8468400 0.3124372 -0.5454633 0.7777228
0.3509122 -0.6304348 0.8552600 0.2318713 -0.5762837 0.7836664
0.2546163 -0.6304348 0.8826089 0.2253965 -0.5390372 0.8115635
0.1532471 -0.6304348 0.9097688 0.2084450 -0.4916529 0.8454751
0.2968285 -0.4596934 -0.9640412 0.2240999 -0.4359077 -0.8716442
0.3782611 -0.5683570 -0.8826087 0.3495873 -0.4675627 -0.8118952
0.3782611 -0.4475124 -0.9518602 0.3208673 -0.4261915 -0.8458161
0.3782611 -0.3782609 -0.9822338 0.3166897 -0.3120513 -0.8957297
0.2484339 -0.3782609 -1.0124359 0.2307096 -0.3291537 -0.9156587
0.3782611 -0.6079460 -0.8601199 0.3755389 -0.5046758 -0.7773499
0.3782611 -0.5712459 0.8826089 0.3324197 -0.4626783 0.8218430
0.1695447 -0.5869772 0.9260664 0.2133034 -0.4413590 0.8716099
0.3782611 -0.3782609 0.9822348 0.3113107 -0.3151973 0.8965133
0.2596149 -0.3782609 1.0161366 0.2304325 -0.3425072 0.9108181
0.2152370 -0.2891110 -1.0456327 0.2384425 -0.2376291 -0.9416356
0.3782611 -0.2596147 -1.0161364 0.3425121 -0.2304348 -0.9108157
0.3782611 -0.1260870 -1.0456327 0.3456314 -0.1031425 -0.9326846
0.1663095 -0.1260870 -1.0945601 0.2433044 -0.1069011 -0.9640410
0.2891113 -0.2152368 1.0456330 0.2376244 -0.2384291 0.9416401
0.3782611 -0.2484328 1.0124370 0.3291479 -0.2307076 0.9156614
0.3782611 -0.1260870 1.0456330 0.3341046 -0.1269367 0.9339492
0.3091738 -0.1260870 1.0656955 -0.2686210 0.2686210 -0.9250327
0.3091738 -0.1260870 1.0656954 0.2492119 -0.1606583 0.9550300
0.1663095 -0.0858646 -1.0945601 0.2446926 -0.0000006 -0.9696007
0.3782611 -0.0369370 -1.0456327 0.3484298 0.0000000 -0.9373349
0.3782611 0.1260872 -1.0456327 0.3539569 0.1345062 -0.9255391
0.1663095 0.1260872 -1.0945603 0.2427979 0.1248430 -0.9620101
0.3091738 0.0569998 1.0656954 0.2460161 0.0000004 0.9692658
0.3782611 0.0369373 1.0456330 0.3387958 0.0000000 0.9408600
0.3782611 0.1260872 1.0456330 0.3354968 0.1005900 0.9366555
0.3091738 0.1260872 1.0656955 -0.2788709 -0.0000014 -0.9603286
0.3091738 0.1260872 1.0656954 0.2518090 0.0818840 0.9643066
0.1882323 0.1882323 -1.0726374 0.2367424 0.2367424 -0.9422877
0.3782611 0.2484339 -1.0124359 0.3362229 0.2301050 -0.9132392
0.3782611 0.3782611 -0.9822338 0.3199053 0.3199079 -0.8918069
0.2484339 0.3782611 -1.0124359 0.2315106 0.3559990 -0.9053549
0.2824127 0.2824127 1.0389344 0.2396102 0.2396101 0.9408368
0.3782611 0.2596149 1.0161366 0.3306966 0.2314759 0.9149091
0.3782611 0.3782611 0.9822348 0.3182411 0.3182423 0.8929975
0.2596149 0.3782611 1.0161366 0.2314758 0.3306978 0.9149086
0.3782611 0.5683572 -0.8826087 0.3250761 0.4728369 -0.8189937
0.2506541 0.6304350 -0.8826087 0.2292250 0.5187563 -0.8236187
0.3380874 0.5902613 -0.8826087 0.2418477 0.4748568 -0.8461801
0.3782611 0.6304350 -0.8435401 0.2929536 0.5539933 -0.7792751
0.3782611 0.6091986 0.8613725 0.3417844 0.4952760 0.7986770
0.3782611 0.5712461 0.8826089 0.3116729 0.4613086 0.8306952
0.3613041 0.6134780 0.8656519 0.2618737 0.5230881 0.8110493
0.3782611 0.6304350 0.8468399 0.3009402 0.5337539 0.7902794
0.3509122 0.6304350 0.8552600 0.2321886 0.5746979 0.7847362
0.2546163 0.6304350 0.8826089 0.2236386 0.5247642 0.8213454
0.3401608 0.5923347 0.8826089 0.2356188 0.4734014 0.8487490
0.2256524 0.4778263 0.9821741 0.2247309 0.4488436 0.8648904
0.3782611 0.4475142 0.9518620 0.2957263 0.4255617 0.8552445
0.1532471 0.6304350 0.9097688 0.2078840 0.4957746 0.8432032
0.1623944 0.6667421 -0.8826087 0.2072565 0.5976640 -0.7744949
0.3782611 0.8389908 -0.6740528 0.2476698 0.6072592 -0.7549145
0.3782611 0.8826089 -0.6392058 0.2034287 0.6910372 -0.6936024
0.3668707 0.8826089 -0.6418251 0.1545699 0.7272255 -0.6687683
0.2740035 0.7783513 0.7783513 0.1967311 0.6147892 0.7637612
0.3782611 0.7592453 0.7592453 0.2479829 0.5969599 0.7629831
0.3782611 0.8826089 0.6486877 0.2072165 0.6799691 0.7033515
0.1878523 0.8826089 0.6922001 0.1536981 0.7036348 0.6937399
0.1644461 0.6687939 0.8826089 0.1880687 0.5667741 0.8021205
0.1445770 0.6489248 0.9010987 0.1797265 0.5391490 0.8228103
0.3782611 0.8896839 -0.6304348 0.2052464 0.8669912 -0.4540927
0.1718713 0.9283930 -0.6304348 0.1509654 0.8445041 -0.5138310
0.3782611 0.8937993 -0.6192443 0.2387441 0.9059156 -0.3497402
0.3782611 0.9912795 -0.3782609 0.2655507 0.9221620 -0.2812472
0.1924103 0.9489321 -0.5641116 0.1791676 0.9099571 -0.3740015
0.2628667 1.0193884 -0.3782609 0.2061071 0.9296114 -0.3055202
0.3782611 1.0197065 -0.2411633 0.2887651 0.9348040 -0.2067759
0.3782611 1.0467583 -0.1260870 0.3040211 0.9456682 -0.1152509
0.2902358 1.0467575 -0.2141122 0.2206870 0.9491999 -0.2243139
0.3095772 1.0660988 -0.1260870 0.2387809 0.9623724 -0.1297036
0.3782611 1.0467583 0.0380626 0.3111113 0.9503735 0.0000000
0.3782611 1.0467583 0.1260872 0.3048239 0.9482788 0.0885984
0.3095772 1.0660988 0.0574032 0.2408337 0.9705664 0.0000000
0.3095772 1.0660988 0.1260872 0.2397729 0.9663328 0.0933263
0.3782611 1.0193894 0.2628677 0.2887306 0.9347116 0.2072410
0.3782611 0.9912810 0.3782611 0.2649343 0.9269101 0.2657961
0.2847978 1.0413196 0.2847978 0.2253332 0.9478658 0.2253341
0.2628676 1.0193893 0.3782611 0.2071884 0.9344796 0.2895183
0.3782611 0.9637542 0.4594063 0.2310957 0.9138115 0.3339810
0.3782611 0.8966739 0.6304350 0.1979993 0.8840803 0.4233183
0.2335527 0.9900744 0.4857266 0.1820823 0.9143969 0.3615581
0.1758035 0.9323252 0.6304350 0.1486417 0.8806336 0.4498779
0.1597594 0.9162811 0.6641072 0.1438509 0.7924985 0.5926661
0.3782611 0.8916227 0.6394488 0.1744760 0.7887048 0.5894938
0.4032875 -0.8826087 -0.6304348 0.2943000 -0.7752349 -0.5589262
0.6146536 -0.8983900 -0.3940422 0.2919049 -0.9059221 -0.3067517
0.6304350 -0.8985353 -0.3782609 0.3222759 -0.9253427 -0.1996979
0.6304350 -0.8951080 -0.3907603 0.2868236 -0.9179943 -0.2738954
0.6304350 -0.8826087 -0.4294688 0.2695400 -0.8988056 -0.3456829
0.6059792 -0.9070644 -0.3782609 0.3284588 -0.9142460 -0.2372112
0.5581581 -0.9548855 -0.1983638 0.3567537 -0.9176412 -0.1751039
0.6304350 -0.9415414 -0.1260870 0.3717752 -0.9256703 -0.0701261
0.6304350 -0.9333981 -0.1768764 0.3635074 -0.9187197 -0.1543262
0.5327723 -0.9802713 -0.1260870 0.3803095 -0.9200757 -0.0939442
0.5327723 -0.9802713 0.0284244 0.3819908 -0.9241661 0.0000000
0.6304350 -0.9415414 0.1260872 0.3682427 -0.9262956 0.0798364
0.6304350 -0.9415414 0.0671544 0.3826297 -0.9239018 0.0000000
0.5327723 -0.9802713 0.1260872 0.3808842 -0.9214740 0.0762427
0.5939796 -0.9190640 0.3418057 0.3525648 -0.9191109 0.1758787
0.6304350 -0.8985386 0.3782611 0.3123543 -0.9310768 0.1884959
0.6304350 -0.9016203 0.3592494 0.3405939 -0.9272813 0.1553872
0.6059741 -0.9070695 0.3782611 0.3299574 -0.9184387 0.2181706
0.6304350 -0.8826087 0.4375023 0.3769324 -0.8692574 0.3198648
0.5507514 -0.8826087 0.5507514 0.3413161 -0.8635021 0.3713048
0.4317955 -0.8826087 0.6304350 0.2699110 -0.7557262 0.5966792
0.3918412 -0.8826087 0.6440151 0.2482388 -0.6414602 0.7258831
0.5621320 -0.6987377 -0.6987377 0.3327824 -0.5439491 -0.7703086
0.6304350 -0.7645376 -0.6304348 0.2866851 -0.6495773 -0.7041740
0.6304350 -0.6838137 -0.6838137 0.3318104 -0.4945147 -0.8033412
0.6304350 -0.6304348 -0.7143334 0.4036548 -0.4228269 -0.8113447
0.4581642 -0.6304348 -0.8027055 0.3988190 -0.4839770 -0.7789157
0.6304350 -0.8335308 -0.5813569 -0.2961080 0.7711354 0.5636225
0.4032875 -0.8826087 -0.6304348 0.7391390 -0.4595634 0.4924175
0.6304350 -0.7890261 0.6304350 0.3652303 -0.6227613 0.6919358
0.4023656 -0.8585042 0.6545395 0.3081427 -0.5418668 0.7819389
0.6304350 -0.6304348 0.7311150 0.3777185 -0.4305920 0.8197068
0.5259842 -0.6304348 0.7781581 0.3630567 -0.4886910 0.7933290
0.5683595 -0.3782609 -0.8826087 0.4706195 -0.3410574 -0.8137549
0.4173275 -0.5913684 -0.8435423 0.4526561 -0.4426993 -0.7740282
0.6304350 -0.5189267 -0.7711006 0.4730183 -0.4015544 -0.7842243
0.6304350 -0.3782609 -0.8435439 0.5253941 -0.3375277 -0.7810481
0.5946683 -0.4140276 0.8468422 0.4220162 -0.4312284 0.7974613
0.6304350 -0.4438768 0.8169929 0.4446841 -0.3727297 0.8144499
0.6304350 -0.3782609 0.8468457 0.5136514 -0.3165312 0.7974775
0.6092001 -0.3782609 0.8613740 0.4910780 -0.3626727 0.7920296
0.5712494 -0.3782609 0.8826089 0.4612822 -0.3415371 0.8188841
0.4475144 -0.3782609 0.9518622 0.4224032 -0.3175934 0.8489463
0.5869811 -0.1695409 -0.9260626 0.4428183 -0.2158376 -0.8702449
0.6304350 -0.2506589 -0.8826087 0.5350875 -0.2309616 -0.8126119
0.6304350 -0.1532440 -0.9097657 0.4988476 -0.2116836 -0.8404410
0.6304350 -0.1260870 -0.9158897 0.5060327 -0.0751350 -0.8592355
0.5666922 -0.1260870 -0.9463515 0.4464164 -0.1022135 -0.8889683
0.6304350 -0.3491137 -0.8534615 0.5672154 -0.2495358 -0.7848557
0.6304350 -0.2546239 0.8826089 0.5270304 -0.2236224 0.8198975
0.4596949 -0.2968270 0.9640427 0.4335796 -0.2225176 0.8732094
0.6304350 -0.1260870 0.9158945 0.5078267 -0.0988603 0.8557679
0.4920228 -0.1260870 0.9963706 0.4472687 -0.1242216 0.8857312
0.5666922 0.0623443 -0.9463515 0.4487458 0.0000000 -0.8936595
0.6304350 0.0928061 -0.9158897 0.5087972 0.0000000 -0.8608864
0.6304350 0.1260872 -0.9158897 0.4976997 0.1008982 -0.8614607
0.5666922 0.1260872 -0.9463515 0.4483088 0.1314287 -0.8841639
0.4920228 -0.0123252 0.9963706 0.4507906 0.0000000 0.8926297
0.6304350 -0.0928013 0.9158945 0.5158945 0.0000000 0.8566522
0.6304350 0.1260872 0.9158945 0.5092499 0.0898346 0.8559172
0.4920228 0.1260872 0.9963706 0.4487559 0.0944882 0.8886451
0.6304350 0.2506592 -0.8826087 0.5166703 0.2332697 -0.8237943
0.5683595 0.3782611 -0.8826087 0.4650321 0.3017444 -0.8322833
0.5902629 0.3380890 -0.8826087 0.4793873 0.2364914 -0.8451388
0.6304350 0.3782611 -0.8435439 0.4911796 0.3201252 -0.8101003
0.6304350 0.3509154 0.8552632 0.5661799 0.2338395 0.7904172
0.6304350 0.2546241 0.8826089 0.5165192 0.2244833 0.8263263
0.6134814 0.3613075 0.8656553 0.5230637 0.2619120 0.8110527
0.6304350 0.3782611 0.8468457 0.5236712 0.3016681 0.7967213
0.6092001 0.3782611 0.8613740 0.4952112 0.3418812 0.7986758
0.5712494 0.3782611 0.8826089 0.4612877 0.3116951 0.8306984
0.5923371 0.3401632 0.8826089 0.4733550 0.2355980 0.8487807
0.4778264 0.2256525 0.9821743 0.4488387 0.2247303 0.8648932
0.6304350 0.1532484 0.9097701 0.4925854 0.2083161 0.8449638
0.4475144 0.3782611 0.9518622 0.4255563 0.2957274 0.8552468
0.4828050 0.4828050 -0.8826087 0.4334987 0.4157614 -0.7995132
0.6304350 0.4581616 -0.8027081 0.4457960 0.4080881 -0.7966995
0.6304350 0.6304350 -0.7143334 0.3850459 0.4549275 -0.8029823
0.4581642 0.6304350 -0.8027055 0.3977490 0.4877297 -0.7771199
0.5592414 0.5592414 0.8114153 0.4289444 0.4289801 0.7949734
0.6304350 0.5259912 0.7781651 0.4616047 0.3691670 0.8066207
0.6304350 0.6304350 0.7311150 0.3782225 0.3973487 0.8360991
0.5259842 0.6304350 0.7781581 0.3657783 0.4768268 0.7992762
0.4873318 0.4873318 0.8826089 0.4081600 0.4081678 0.8165810
0.4330516 0.4330516 0.9373994 0.3887307 0.3887358 0.8353280
0.6304350 0.7645379 -0.6304348 0.4301764 0.6595133 -0.6164337
0.4032875 0.8826089 -0.6304348 0.2808148 0.7921011 -0.5419583
0.5653330 0.8175069 -0.6304348 0.4045834 0.6506673 -0.6426073
0.6304350 0.8826089 -0.4294688 0.3867357 0.8504114 -0.3567015
0.4032875 0.8826089 -0.6304348 -0.3435399 -0.8551063 0.3882958
0.6304350 0.8404936 0.5883197 0.2282268 0.8159388 0.5311840
0.6304350 0.7890443 0.6304350 0.2392859 0.5830846 0.7763727
0.5986537 0.8508276 0.5986537 0.3540360 0.7838244 0.5101743
0.6304350 0.8826089 0.4376047 0.1640217 0.9477310 0.2736841
0.5507680 0.8826089 0.5507680 0.2952098 0.9063241 0.3023705
0.4318083 0.8826089 0.6304350 0.2466530 0.7947878 0.5545040
0.5757037 0.8278776 0.6304350 0.3256950 0.6139491 0.7190196
0.4872894 0.7394633 0.7394633 0.3146872 0.5527519 0.7716459
0.6304350 0.6969014 0.6969014 0.2834373 0.5012726 0.8175507
0.3918415 0.8826089 0.6440154 0.2430259 0.6601049 0.7107742
0.3838222 0.8881700 -0.6304348 0.2401965 0.8610880 -0.4481443
0.3854036 0.8897514 -0.6232922 0.2848260 0.9057251 -0.3139048
0.6304350 0.8985355 -0.3782609 0.3364669 0.9175938 -0.2116873
0.4595113 0.9638591 -0.3782609 0.3271386 0.9095878 -0.2561844
0.6304350 0.9016166 -0.3592531 0.3669496 0.9175841 -0.1529291
0.6304350 0.9415416 -0.1260870 0.3910300 0.9162754 -0.0868044
0.4703062 0.9746540 -0.2862157 0.3522741 0.9182630 -0.1808201
0.4976946 1.0020424 -0.1260870 0.3805912 0.9182112 -0.1097208
0.6304350 0.9415416 -0.0671542 0.4000158 0.9165083 0.0000000
0.6304350 0.9415416 0.1260872 0.3475414 0.9374521 0.0199635
0.4976946 1.0020424 -0.0066533 0.3829138 0.9237841 0.0000000
0.4976946 1.0020424 0.1260872 0.3819335 0.9214321 0.0713409
0.6304350 0.9334048 0.1768831 0.1761009 0.9709932 0.1617424
0.6304350 0.8985704 0.3782611 0.1286446 0.9720302 0.1964891
0.4858555 0.9902033 0.2336816 0.3576186 0.9160574 0.1815152
0.4595212 0.9638690 0.3782611 0.3291177 0.9154217 0.2316996
0.4465348 0.9508826 0.4465348 0.2890477 0.9110214 0.2940945
0.6304350 0.8952479 0.3909000 0.0528807 0.9648646 0.2573715
0.3894020 0.8937498 0.6304350 0.2326092 0.8858146 0.4015288
0.3861650 0.8905128 0.6383389 0.2216813 0.7816655 0.5829721
0.6760406 -0.8826087 -0.3782609 0.3238517 -0.9292829 -0.1776327
0.6922711 -0.8826087 -0.3164248 0.3668178 -0.9212973 -0.1290579
0.7687796 -0.8826087 -0.1260870 0.3945911 -0.9164839 -0.0659946
0.7687796 -0.8826087 0.0122578 0.3940243 -0.9191000 0.0000000
0.7687796 -0.8826087 0.1260872 0.3920358 -0.9188986 0.0439687
0.7445067 -0.8826087 0.2401589 0.3487472 -0.9283221 0.1288151
0.6760517 -0.8826087 0.3782611 0.4068680 -0.8813571 0.2401416
0.6630959 -0.8826087 0.4109220 0.3959090 -0.8581368 0.3268901
0.8119646 -0.6304348 -0.6304348 0.3955982 -0.3644555 -0.8430150
0.6939785 -0.8190652 -0.5668913 0.2779776 -0.7729234 -0.5703664
0.8826089 -0.8120124 -0.3782609 0.5211122 -0.8436478 -0.1292298
0.8826089 -0.7823355 -0.5301616 0.5532434 -0.6556669 -0.5138314
0.8826089 -0.6304348 -0.5977531 0.6157520 -0.2565488 -0.7450047
0.6939785 -0.8190651 -0.5668912 -0.9002482 -0.4344439 0.0284929
0.8826089 -0.8333434 -0.1260870 0.5337278 -0.8436829 -0.0577380
0.8826089 -0.8162290 -0.3118812 0.5802815 -0.8121193 -0.0611206
0.8826089 -0.8333434 0.1260872 0.5512996 -0.8340180 0.0219713
0.8826089 -0.8333434 -0.0768216 0.6093451 -0.7929051 0.0000000
0.8826089 -0.8120188 0.3782611 0.4680272 -0.8523973 0.2331725
0.8826089 -0.8299077 0.1787881 0.6053802 -0.7936879 0.0597852
0.8826089 -0.6344271 0.6304350 0.5002363 -0.6451007 0.5775887
0.8826089 -0.6363153 0.6245544 0.4594816 -0.7738568 0.4359154
0.8745064 -0.6385373 0.6304350 0.3710078 -0.6743306 0.6384601
0.8826089 -0.6304348 0.6322641 0.3215398 -0.3294781 0.8877254
0.6989406 -0.6304348 0.6989406 0.3558197 -0.3727436 0.8570032
0.8377250 -0.4231448 -0.6753187 0.4797511 -0.3173485 -0.8180029
0.8826089 -0.5112575 -0.6304348 0.5904332 -0.2554248 -0.7656023
0.8826089 -0.4052899 -0.6574638 0.4701377 -0.2451525 -0.8478624
0.8826089 -0.3782609 -0.6662244 0.5397265 -0.2004179 -0.8176356
0.7606654 -0.3782609 -0.7523783 0.5539085 -0.2698876 -0.7876205
0.8826089 -0.6035246 -0.6035246 0.6619331 -0.1878464 -0.7256435
0.7155687 -0.5453011 0.7155687 0.4313522 -0.2982283 0.8514665
0.8826089 -0.6279420 0.6329278 0.3937945 -0.2189531 0.8927404
0.8826089 -0.3782609 0.6889275 0.4702155 -0.1864673 0.8626281
0.7616461 -0.3782609 0.7616461 0.5124370 -0.2552112 0.8199241
0.6768786 -0.1260870 -0.8826087 0.6093047 -0.1232923 -0.7832922
0.7103339 -0.2983619 -0.8027097 0.5963297 -0.1940297 -0.7789373
0.8826089 -0.1956401 -0.6999879 0.5742556 -0.1571016 -0.8034610
0.8826089 -0.1260870 -0.7143347 0.5973299 -0.0803572 -0.7979597
0.7781652 -0.2305306 0.7781652 0.5525517 -0.1898692 0.8115641
0.8826089 -0.3070118 0.7016841 0.5168847 -0.1441865 0.8438249
0.8826089 -0.1260870 0.7311162 0.5546970 -0.0812741 0.8280735
0.7963011 -0.1260870 0.7963011 0.5946288 -0.1189319 0.7951552
0.6797353 -0.1260870 0.8826089 0.5868077 -0.0975121 0.8038334
0.6509385 -0.1260870 0.9031124 0.5514917 -0.1086388 0.8270760
0.6768786 0.1260872 -0.8826087 0.6022028 0.0638486 -0.7957859
0.6768786 -0.0796433 -0.8826087 0.6131646 0.0000000 -0.7899551
0.8826089 0.0421871 -0.7143347 0.6145059 0.0000000 -0.7889122
0.8826089 0.1260872 -0.7143347 0.5894052 0.0763301 -0.8042233
0.7963011 0.0397793 0.7963011 0.5988794 0.0000002 0.8008392
0.8826089 -0.0254057 0.7311162 0.5666224 0.0000000 0.8239776
0.8826089 0.1260872 0.7311162 0.5586939 0.0662492 0.8267238
0.7963011 0.1260872 0.7963011 0.5973147 0.0722401 0.7987469
0.6797353 0.1260872 0.8826089 0.5859655 0.0714649 0.8071786
0.6797353 -0.0767866 0.8826089 0.5875604 0.0000000 0.8091803
0.6509385 -0.1055834 0.9031124 0.5547788 0.0000000 0.8319979
0.6509385 0.1260872 0.9031124 0.5533862 0.0707706 0.8299128
0.6675250 0.1631772 -0.8826087 0.5797757 0.1833958 -0.7938679
0.8826089 0.3333773 -0.6753185 -0.6265090 -0.1441700 0.7659646
0.8826089 0.3333773 -0.6753185 0.5892435 0.1549695 -0.7929543
0.8826089 0.3782611 -0.6662244 0.5368637 0.1935181 -0.8211748
0.7606654 0.3782611 -0.7523783 0.5598848 0.2270497 -0.7968548
0.7806711 0.2763233 0.7806711 0.5571809 0.1921412 0.8078559
0.8826089 0.2112219 0.7155697 0.5302781 0.1429083 0.8356928
0.8826089 0.3782611 0.6889275 0.4545257 0.1610582 0.8760517
0.7616461 0.3782611 0.7616461 0.5142089 0.2421972 0.8227574
0.6700481 0.1657003 0.8826089 0.5492693 0.1862007 0.8146364
0.6490266 0.1446788 0.9012005 0.5264987 0.1781077 0.8313102
0.8826089 0.5112578 -0.6304348 0.6302376 0.2638170 -0.7302062
0.8119646 0.6304350 -0.6304348 0.4233975 0.5079135 -0.7501723
0.8489927 0.5968188 -0.6304348 0.4923422 0.3025120 -0.8161408
0.8826089 0.6304350 -0.5977531 0.5417205 0.4545344 -0.7070625
0.7420380 0.4898641 0.7420380 0.4421150 0.3009883 0.8449499
0.8826089 0.4239114 0.6760853 0.3002502 0.2280545 0.9261971
0.8826089 0.6304350 0.6323313 0.1753268 0.1703488 0.9696606
0.6989464 0.6304350 0.6989464 0.3660557 0.2967106 0.8820238
0.7229649 0.7229649 -0.6304348 0.4490616 0.6405684 -0.6229091
0.7555109 0.7555109 -0.5053588 0.3970145 0.7689098 -0.5011559
0.8826089 0.8120127 -0.3782609 0.2910033 0.9047384 -0.3110715
0.6760406 0.8826089 -0.3782609 0.3533523 0.9031655 -0.2437913
0.8276159 0.8276159 -0.3782609 0.2880685 0.8926815 -0.3466067
0.8826089 0.8299057 -0.1787901 0.3180050 0.9452565 -0.0732320
0.8826089 0.8333436 -0.1260870 0.3566406 0.9332440 -0.0431648
0.8424293 0.8424293 -0.1662665 0.3352194 0.9354109 -0.1124028
0.6922711 0.8826089 -0.3164248 0.3655368 0.9225503 -0.1236277
0.7687796 0.8826089 -0.1260870 0.4002040 0.9129225 -0.0800574
0.8474352 0.8474352 -0.1260870 0.3888550 0.9177389 -0.0809158
0.8826089 0.8333688 0.0768471 0.3681601 0.9297624 -0.0000893
0.8826089 0.8333722 0.1260872 0.2722558 0.9273115 -0.2568465
0.8474544 0.8474544 0.0909327 0.3901094 0.9207685 -0.0000660
0.7688194 0.8826089 0.0122976 0.4014434 0.9158838 -0.0000578
0.7688194 0.8826089 0.1260872 0.4004166 0.9089952 -0.1157336
0.8474544 0.8474544 0.1260872 0.3868951 0.9133056 -0.1272206
0.8826089 0.8826089 0.3027726 0.0515320 0.9576302 -0.2833529
0.8826089 0.8314877 0.5793138 -0.2616949 0.6454708 0.7175536
0.8826089 0.6377184 0.6304350 -0.0350430 0.2638997 0.9639133
0.8351037 0.8351037 0.5829298 0.1013087 0.7729810 0.6262881
0.8826089 0.8826089 0.4434479 -0.2857555 0.8819435 0.3748590
0.6833931 0.8826089 0.4312192 0.0076788 0.9400210 0.3410300
0.7802775 0.7802775 0.6304350 0.2149445 0.4381187 0.8728407
0.6888791 0.6888791 0.6888791 0.2745705 0.3413082 0.8989547
0.8826089 0.6319708 0.6319708 -0.0432863 0.2431114 0.9690321
0.6421269 0.8943008 -0.3782609 0.3272866 0.9259817 -0.1882589
0.6430733 0.8952472 -0.3656226 0.3649549 0.9217197 -0.1313044
0.6720046 0.9241785 -0.1260870 0.3888470 0.9179466 -0.0785624
0.6720130 0.9241869 -0.0845088 0.3899651 0.9208297 -0.0000804
0.6720130 0.9241869 0.1260872 0.3856893 0.9108588 -0.1469015
0.6845530 0.9367269 0.1802051 0.1732175 0.9833344 -0.0552201
0.8826089 0.9046960 0.3782611 -0.1890180 0.9813953 -0.0336955
0.6476350 0.8998089 0.3782611 -0.0459718 0.9911167 0.1247970
0.6463850 0.8985589 0.3942111 -0.0779361 0.9667370 0.2436092
0.8826089 0.9031219 0.3987741 -0.3587600 0.9043837 0.2310444
1.0565406 -0.6304348 -0.3782609 0.8843377 -0.3737738 -0.2797139
1.0683360 -0.6304348 -0.1925337 0.8589540 -0.5092720 -0.0532911
1.0723900 -0.6304348 -0.1260870 0.9085591 -0.4163956 -0.0336897
1.0723900 -0.6304348 0.0636943 0.8641361 -0.5032582 0.0000000
1.0723900 -0.6304348 0.1260872 0.9117134 -0.4096065 0.0316429
1.0610323 -0.6304348 0.3045106 0.8710072 -0.4882948 0.0539883
1.0565474 -0.6304348 0.3782611 0.9186448 -0.3864964 0.0819284
1.0416005 -0.6304348 0.5372527 0.6696388 -0.5581378 0.4899655
0.8865404 -0.6304348 0.6304350 0.5242457 -0.3513136 0.7757224
0.8839548 -0.6304348 0.6317809 0.3860656 -0.2670080 0.8829836
0.9409154 -0.3782609 -0.6304348 0.7257596 -0.2181748 -0.6524360
0.9864943 -0.3782609 -0.5265493 0.8380792 -0.1989467 -0.5079800
1.0944674 -0.3782609 -0.3782609 0.9225311 -0.1320782 -0.3626179
1.0864378 -0.4266058 -0.3782609 0.9173086 -0.1434588 -0.3714357
1.1151146 -0.3979291 -0.1457552 0.9811000 -0.1751883 -0.0821694
1.1187557 -0.3782609 -0.1421140 0.9838730 -0.1433474 -0.1069833
1.1205928 -0.3782609 -0.1260870 0.9859662 -0.1631484 -0.0354008
1.1165940 -0.3964497 -0.1260870 0.9793345 -0.2001167 -0.0292796
1.1165940 -0.3964497 0.1078984 0.9797547 -0.2002020 0.0000000
1.1205928 -0.3782609 0.1118973 0.9854643 -0.1698828 0.0000000
1.1205928 -0.3782609 0.1260872 0.9831242 -0.1726926 0.0603662
1.1165940 -0.3964497 0.1260872 0.9785038 -0.1999481 0.0505091
1.0896599 -0.4233837 0.3331383 0.9805367 -0.1784513 0.0818714
1.0986664 -0.3782609 0.3421447 0.9816127 -0.1582183 0.1067875
1.0944731 -0.3782609 0.3782611 0.9821059 -0.1339677 0.1323657
1.0864444 -0.4265992 0.3782611 0.9822378 -0.1535932 0.1077870
1.0539690 -0.4590746 0.5496212 0.8385866 -0.1575557 0.5214871
1.0655600 -0.3782609 0.5612121 0.8539642 -0.1341523 0.5027408
0.9767146 -0.3782609 0.6304350 0.5843973 -0.1405106 0.7992099
0.8874763 -0.6255674 0.6304350 0.5351720 -0.1513368 0.8310764
0.8840939 -0.6289498 0.6319200 0.4676265 -0.1703368 0.8673586
0.9209285 -0.3782609 0.6687546 0.5117170 -0.1410491 0.8474968
0.9986466 -0.1260870 -0.6304348 0.7709006 -0.1206353 -0.6254274
0.9507359 -0.3101338 -0.6304348 0.7459686 -0.1517243 -0.6484679
1.0496911 -0.2111786 -0.4633525 0.8560403 -0.1457354 -0.4959397
1.0891111 -0.1260870 -0.4239326 0.8700057 -0.0882367 -0.4850819
1.1205842 -0.1260870 -0.3782609 0.9193162 -0.0475644 -0.3906344
1.1187503 -0.1421194 -0.3782609 0.9426642 -0.1012097 -0.3180262
1.1347828 -0.2653430 -0.1260870 0.9905996 -0.1233588 -0.0591195
1.1347828 -0.2031211 -0.2031211 0.9874361 -0.1092811 -0.1141384
1.1347828 -0.1260870 -0.2653205 0.9914399 -0.0445614 -0.1227235
1.1347828 -0.2653430 0.1260872 0.9906009 -0.1233794 0.0590531
1.1347828 -0.2653430 -0.0131689 0.9924706 -0.1224824 0.0000000
1.1205919 -0.1402779 0.3640701 0.9854813 -0.1200204 0.1200908
1.1347828 -0.1260870 0.2653384 0.9908773 -0.0561735 0.1225017
1.1224754 -0.1260870 0.3659536 0.9879119 -0.0741809 0.1361153
1.1205885 -0.1260870 0.3782611 0.9841826 -0.0608454 0.1663805
1.1187553 -0.1421144 0.3782611 0.9824978 -0.1066997 0.1526866
1.0762018 -0.1846680 0.5718540 0.8578267 -0.1092849 0.5021856
1.0818101 -0.1260870 0.5774624 0.8686543 -0.0648383 0.4911574
1.0230186 -0.1260870 0.6304350 0.6424664 -0.0703296 0.7630798
0.9902226 -0.2706471 0.6304350 0.6138973 -0.1092286 0.7817923
0.9234315 -0.3374383 0.6712576 0.5503057 -0.1180351 0.8265780
0.9446014 -0.1260870 0.6924275 0.5743014 -0.0692802 0.8157072
0.9986466 0.1260872 -0.6304348 0.7810014 0.0460636 -0.6228282
0.9986466 -0.0100491 -0.6304348 0.7783045 0.0000000 -0.6278870
1.0891111 0.0804155 -0.4239326 0.8736506 0.0000000 -0.4865540
1.0891111 0.1260872 -0.4239326 0.8718117 0.0626874 -0.4858135
1.1205842 0.1260872 -0.3782609 0.9210898 0.0575546 -0.3850728
1.1205842 0.1118886 -0.3782609 0.9506427 0.0000000 -0.3102879
1.1347828 -0.0131465 -0.2653205 0.9923752 0.0000000 -0.1232544
1.1347828 0.1260872 -0.2653205 0.9900847 0.0674936 -0.1231940
1.1224754 0.1137797 0.3659536 0.9906410 0.0000000 0.1364933
1.1347828 0.0131644 0.2653384 0.9924853 0.0000000 0.1223641
1.1347828 0.1260872 0.2653384 0.9913262 0.0478529 0.1224028
1.1224754 0.1260872 0.3659536 0.9894347 0.0493372 0.1363262
1.1205885 0.1260872 0.3782611 0.9849954 0.0451089 0.1665808
1.1205885 0.1118929 0.3782611 0.9852111 0.0000000 0.1713450
1.0818101 0.0731145 0.5774624 0.8703715 0.0000000 0.4923956
1.0818101 0.1260872 0.5774624 0.8698512 0.0357095 0.4920200
1.0230186 0.1260872 0.6304350 0.6438549 0.0372838 0.7642387
1.0230186 0.0143230 0.6304350 0.6451089 0.0000000 0.7640906
0.9446014 -0.0640943 0.6924275 0.5756887 0.0000000 0.8176689
0.9446014 0.1260872 0.6924275 0.5752078 0.0408038 0.8169890
0.9409154 0.3782611 -0.6304348 0.7452182 0.2032538 -0.6350888
0.9857917 0.2292700 -0.6304348 0.7643793 0.1602556 -0.6245338
1.0382819 0.2817602 -0.4747618 0.8643528 0.1501800 -0.4799376
0.9864943 0.3782611 -0.5265493 0.8502904 0.1915352 -0.4902248
1.0944674 0.3782611 -0.3782609 0.9285100 0.1285965 -0.3483276
1.0986542 0.3421324 -0.3782609 0.9330324 0.1014056 -0.3452065
1.1205890 0.3640674 -0.1402807 0.9854807 0.1199795 -0.1201363
1.1347828 0.2653432 -0.1260870 0.9908741 0.1225027 -0.0562284
1.1187557 0.3782611 -0.1421140 0.9834304 0.1463882 -0.1069353
1.1205928 0.3782611 -0.1260870 0.9852179 0.1600577 -0.0610509
1.1224762 0.3659545 -0.1260870 0.9879211 0.1359822 -0.0743022
1.1347828 0.2653433 0.0131693 0.9924853 0.1223637 -0.0000000
1.1347828 0.2653432 0.1260872 0.9913259 0.1224014 0.0478626
1.1224762 0.3659545 0.1137806 0.9906592 0.1363611 -0.0000000
1.1205928 0.3782611 0.1118973 0.9863037 0.1649396 0.0000000
1.1205928 0.3782611 0.1260872 0.9986416 0.0521010 -0.0007842
1.1224762 0.3659545 0.1260872 0.9894530 0.1361943 0.0493344
1.1031016 0.3465799 0.3465799 0.9853993 0.1203425 0.1204401
1.1347828 0.2031843 0.2031843 0.9876860 0.1106241 0.1106284
1.0986993 0.3782611 0.3421776 0.9895588 -0.0959583 0.1075427
1.0945116 0.3782611 0.3782611 0.9855243 -0.0618909 0.1578337
1.0986916 0.3421699 0.3782611 0.9824580 0.1066650 0.1529666
1.0718731 0.3153514 0.5675253 0.8637618 0.1109838 0.4915264
1.0655818 0.3782611 0.5612340 0.8594957 -0.0795001 0.5049226
0.9767360 0.3782611 0.6304350 0.5830693 -0.0493808 0.8109203
1.0090159 0.2524942 0.6304350 0.6149274 0.1110690 0.7807227
0.9411634 0.1846417 0.6889895 0.5351087 0.1199405 0.8362255
0.9209309 0.3782611 0.6687570 0.5167906 0.0060967 0.8560901
0.9318756 0.4275278 -0.6304348 0.7183593 0.2637837 -0.6437221
0.9506305 0.4462828 -0.5624131 0.8343962 0.2042495 -0.5119230
1.0565406 0.6304350 -0.3782609 0.9302064 0.2073900 -0.3028291
1.0679066 0.5635588 -0.3782609 0.9295724 0.1455726 -0.3386794
1.0785426 0.5741948 -0.1823271 0.9807878 0.1751663 -0.0858602
1.0683360 0.6304350 -0.1925337 0.9717266 0.2282265 -0.0604996
1.0723900 0.6304350 -0.1260870 0.9677798 0.2491034 -0.0367399
1.0839980 0.5796502 -0.1260870 0.9780236 0.2005262 -0.0570873
1.0840365 0.5796887 0.0753409 0.9796369 0.2007773 -0.0000927
1.0724345 0.6304350 0.0637389 0.9667095 0.2558766 -0.0001440
1.0724385 0.6304350 0.1260872 0.9561800 0.1866894 -0.2255369
1.0840365 0.5796887 0.1260872 0.9507274 0.1904711 -0.2446181
1.1347828 0.4892115 0.3782611 0.8943592 -0.4132022 0.1714226
1.1347828 0.4335058 0.1813319 0.9685379 -0.0569177 -0.2422700
1.1347828 0.6304350 0.2628664 0.8420776 -0.0985772 -0.5302715
1.1176516 0.6133038 0.6133038 0.7364681 -0.1859889 0.6504021
1.1347828 0.6304350 0.5720466 0.6790579 -0.5996546 0.4234322
1.1179796 0.6304350 0.6136319 0.5632941 -0.2818043 0.7767150
0.9067630 0.6304350 0.6304350 0.0801518 -0.0641008 0.9947195
1.0731325 0.5687847 0.6304350 0.3334471 -0.0186961 0.9425834
0.9249746 0.4206268 0.6728007 0.2528276 0.0762662 0.9645007
0.8843423 0.6304350 0.6321684 0.0851896 -0.0520458 0.9950045
1.0199021 0.7677282 -0.3782609 0.6719376 0.6367477 -0.3782223
1.0231540 0.7709801 -0.2377157 0.7305033 0.6801378 -0.0614619
1.0283854 0.7762115 -0.1260870 0.7345380 0.6777435 -0.0334342
1.0284619 0.7762880 0.0197662 0.7349036 0.6781716 -0.0002669
1.0284671 0.7762932 0.1260872 0.6932487 0.5369245 -0.4807478
1.1347828 0.7223982 0.2180504 0.6719843 0.0288322 -0.7400040
1.1347828 0.8826089 0.2673649 0.2944431 0.4566613 -0.8395020
0.9577007 0.8826089 0.2011790 -0.1342054 0.8505656 -0.5084555
1.1347828 0.6699843 0.6304350 0.0811799 -0.4913071 0.8671950
0.9830985 0.8826089 0.6304350 -0.5873775 0.4487874 0.6734816
0.8850739 0.6329000 0.6329000 -0.2017737 -0.0692838 0.9769785
1.1347828 0.8826089 0.7146047 -0.2520899 -0.0249365 0.9673824
1.1347828 1.0284792 0.3782611 -0.2886021 0.8724155 -0.3944618
0.9328189 0.9328189 0.3782611 -0.4418022 0.8699738 -0.2189898
1.1347828 1.0538046 0.5494569 -0.5035432 0.8636720 -0.0226951
1.1347828 1.0399243 0.6304350 -0.5308134 0.6938158 0.4866793
0.9524473 0.9524473 0.4480995 -0.5817021 0.8058387 0.1106646
1.1347828 0.9546235 0.7024496 -0.4044378 0.3810392 0.8314080
1.1517594 -0.1260870 -0.1260870 0.9967865 -0.0566374 -0.0566471
1.1517594 -0.1260870 -0.1091104 0.9973512 -0.0727364 0.0000000
1.1517594 -0.1260870 0.1260872 0.9976829 -0.0519331 0.0439520
1.1501737 -0.1260870 0.1414781 0.9917672 -0.0608073 0.1126961
1.1517594 0.1260872 -0.1260870 0.9974194 0.0384499 -0.0606309
1.1517594 -0.1091104 -0.1260870 0.9981604 0.0000000 -0.0606278
1.1517594 -0.1091104 -0.1091104 1.0000000 0.0000000 0.0000000
1.1517594 0.1260872 -0.1091104 0.9986842 0.0512818 0.0000000
1.1517594 0.1260872 0.1260872 0.9975711 0.0492394 0.0492689
1.1517594 -0.1091104 0.1260872 0.9986827 0.0000000 0.0513112
1.1501737 -0.1106960 0.1414781 0.9936057 0.0000000 0.1129056
1.1501737 0.1260872 0.1414781 0.9926684 0.0434253 0.1127988
1.1501737 0.1414781 -0.1260870 0.9917650 0.1126934 -0.0608467
1.1501745 0.1414789 -0.1106952 0.9936082 0.1128840 -0.0000149
1.1501745 0.1414789 0.1260872 0.9926703 0.1127707 0.0434563
1.1490506 0.1403550 0.1403550 0.9891657 0.1037899 0.1038214
1.2123897 0.6304350 0.3782611 0.7999873 -0.5547808 -0.2285574
1.2139498 0.6304350 0.4574281 0.6169025 -0.7602833 0.2034715
1.3106217 0.8062739 0.3019261 0.5801069 -0.1872134 -0.7927340
1.3869567 0.8356612 0.3782611 0.7186968 -0.5709900 -0.3967936
1.3869567 0.8601956 0.3558478 0.6504083 -0.3535804 -0.6722722
1.3869567 0.8826089 0.3502700 0.4959620 0.0588273 -0.8663493
1.3457006 0.8826089 0.3370050 0.3023719 0.2281907 -0.9254730
1.3869567 0.7643220 0.6304350 0.5429782 -0.7798126 0.3115558
1.3869567 0.7661339 0.5139600 0.7276675 -0.6604186 -0.1853298
1.1688243 0.6644765 0.6304350 0.1952442 -0.7847028 0.5883207
1.3869567 0.8826089 0.7417680 0.1682958 -0.2399454 0.9560872
1.2353388 0.8826089 0.7309911 -0.1148617 -0.1502293 0.9819562
1.3869567 1.0177611 0.3782611 0.6443147 0.2797943 -0.7117399
1.3422033 1.0900294 0.3782611 0.1951250 0.5271679 -0.8270551
1.3869567 1.1347828 0.4594755 0.4138086 0.8014811 -0.4317297
1.2901353 1.1347828 0.5336136 -0.3571894 0.9131837 -0.1962425
1.2634301 1.1347828 0.6304350 -0.4501983 0.8009884 0.3946377
1.2258183 0.9736444 0.7214705 -0.2158789 0.3051170 0.9275235
1.3869567 0.9840838 0.7319099 0.1918689 0.1714661 0.9663258
1.3869567 1.1347828 0.6925898 0.1243247 0.4671884 0.8753732
1.3869567 1.1827451 0.6304350 0.0071695 0.9960268 0.0887653
1.3869567 1.1680763 0.6637285 -0.0357291 0.8045288 0.5928380
1.4264276 0.8826089 0.3782611 0.8241092 -0.1914377 -0.5331001
1.4404315 0.8826089 0.4317358 0.9000888 -0.3228253 -0.2926157
1.5136573 0.8826089 0.6304350 0.9586187 -0.2675676 0.0972505
1.4615604 0.8826089 0.7050387 0.6153258 -0.3248993 0.7182023
1.4220845 0.9177366 0.3782611 0.7919793 0.1839871 -0.5821663
1.4319495 0.9276016 0.4232538 0.9254389 0.1981765 -0.3229379
1.4584666 1.1347828 0.6304350 0.8638448 0.4747952 0.1683501
1.5001788 0.9958310 0.6304350 0.9721763 0.2010783 0.1201696
1.4579885 0.9536406 0.7014667 0.6415578 0.1589088 0.7504343
1.4273062 1.1347828 0.6707844 0.5933973 0.3987367 0.6992057
1.4219123 1.1697384 0.6304350 0.5295980 0.8471602 0.0429611
1.4144075 1.1622336 0.6578858 0.4492190 0.7196224 0.5294770
-1.3153015 -0.8478808 -0.5305768 -0.5970150 0.4956351 0.6308083
0.5005858 0.8663334 -0.5801933 0.8571429 -0.2857143 0.4285714
-0.8289883 -0.7246507 0.1557464 -0.6754062 0.7368067 -0.0307003
0.8311763 0.2297323 -0.7368951 -0.0578315 -0.9831354 -0.1734945
-0.3852780 0.8439171 -0.6304348 0.0000000 1.0000000 0.0000000
0.5895340 -0.8372050 -0.5643073 0.2508779 -0.8187267 -0.5164755
-0.3609950 -0.0653839 -1.0517926 -0.4429092 0.1384091 -0.8858185
0.5895340 -0.8372050 -0.5643073 0.2508782 -0.8187267 -0.5164754
0.3264456 0.1088153 1.0606799 -0.6695082 0.7187267 0.1875917
0.3214300 -0.1483744 1.0556643 -0.6520325 0.6520325 0.3869204
3 0 2 1
3 0 3 2
3 0 4 3
3 0 5 4
3 0 6 5
3 0 1 6
3 6 1 7
3 6 7 5
3 4 8 3
3 4 5 8
3 5 7 9
3 5 9 8
3 10 12 11
3 10 13 12
3 10 14 13
3 2 3 10
3 3 14 10
3 2 10 1
3 1 10 15
3 10 11 15
3 15 11 16
3 15 16 1
3 16 17 1
3 1 17 7
3 14 18 13
3 13 18 19
3 18 20 19
3 18 21 20
3 18 22 21
3 3 8 18
3 8 22 18
3 18 23 3
3 17 16 24
3 24 16 25
3 26 24 25
3 8 24 22
3 24 26 22
3 8 9 24
3 9 7 24
3 7 17 24
3 21 27 20
3 21 22 27
3 22 26 28
3 22 28 27
3 29 31 30
3 29 32 31
3 29 33 32
3 29 34 33
3 29 35 34
3 29 30 35
3 36 38 37
3 35 30 36
3 30 38 36
3 35 36 34
3 34 36 39
3 36 40 39
3 36 41 40
3 36 37 41
3 41 37 42
3 41 42 40
3 33 43 32
3 33 34 43
3 39 44 34
3 44 45 34
3 34 45 43
3 39 40 44
3 40 42 46
3 40 46 44
3 47 49 48
3 47 50 49
3 47 51 50
3 12 13 47
3 13 51 47
3 12 47 11
3 11 47 52
3 47 48 52
3 52 48 53
3 52 53 11
3 53 54 11
3 11 54 16
3 51 55 50
3 50 55 56
3 55 57 56
3 55 58 57
3 19 20 55
3 20 58 55
3 55 13 19
3 55 51 13
3 59 54 53
3 60 26 25
3 25 16 60
3 16 61 60
3 16 54 61
3 54 59 61
3 62 64 63
3 61 59 62
3 59 64 62
3 61 62 60
3 60 62 65
3 62 66 65
3 62 67 66
3 62 63 67
3 67 63 68
3 67 68 66
3 58 69 57
3 57 69 70
3 69 71 70
3 69 72 71
3 69 73 72
3 20 27 69
3 27 73 69
3 69 58 20
3 74 73 27
3 27 28 74
3 28 75 74
3 28 26 75
3 26 76 75
3 76 26 60
3 77 60 65
3 77 76 60
3 76 77 75
3 75 77 78
3 77 79 78
3 77 80 79
3 65 66 77
3 66 80 77
3 66 68 81
3 68 82 81
3 81 80 66
3 80 81 79
3 79 81 83
3 81 84 83
3 81 85 84
3 81 82 85
3 85 82 86
3 85 86 84
3 87 89 88
3 87 90 89
3 87 91 90
3 87 92 91
3 87 93 92
3 87 88 93
3 72 94 71
3 71 94 95
3 93 88 94
3 88 95 94
3 93 94 92
3 92 94 96
3 94 97 96
3 94 98 97
3 72 73 94
3 73 98 94
3 99 73 74
3 99 98 73
3 98 99 97
3 97 99 100
3 99 101 100
3 99 102 101
3 74 75 99
3 75 102 99
3 103 75 78
3 103 102 75
3 102 103 101
3 101 103 104
3 103 105 104
3 103 106 105
3 78 79 103
3 79 106 103
3 107 79 83
3 107 106 79
3 106 107 105
3 105 107 108
3 107 109 108
3 107 110 109
3 83 84 107
3 84 110 107
3 84 86 111
3 86 112 111
3 111 110 84
3 110 111 109
3 109 111 113
3 111 114 113
3 111 115 114
3 111 112 115
3 115 112 116
3 115 116 114
3 91 117 90
3 90 117 118
3 117 119 118
3 117 120 119
3 117 121 120
3 117 122 121
3 91 92 117
3 92 122 117
3 123 92 96
3 123 122 92
3 122 123 121
3 121 123 124
3 123 125 124
3 123 126 125
3 96 97 123
3 97 126 123
3 127 97 100
3 127 126 97
3 126 127 125
3 125 127 128
3 31 32 127
3 32 128 127
3 31 127 30
3 30 127 129
3 100 101 127
3 101 129 127
3 130 101 104
3 130 129 101
3 130 30 129
3 130 38 30
3 38 130 37
3 37 130 131
3 104 105 130
3 105 131 130
3 132 105 108
3 132 131 105
3 132 37 131
3 37 132 42
3 42 132 133
3 132 134 133
3 108 109 132
3 109 134 132
3 135 109 113
3 135 134 109
3 134 135 133
3 133 135 136
3 135 137 136
3 135 138 137
3 113 114 135
3 114 138 135
3 114 116 139
3 114 139 138
3 139 140 138
3 138 140 137
3 120 141 119
3 120 121 141
3 142 121 124
3 121 142 141
3 141 142 143
3 142 144 143
3 142 145 144
3 142 146 145
3 124 125 142
3 125 146 142
3 147 125 128
3 147 146 125
3 146 147 145
3 145 147 148
3 147 149 148
3 32 43 147
3 43 149 147
3 147 128 32
3 150 149 43
3 43 45 150
3 45 151 150
3 151 45 44
3 152 151 44
3 44 46 152
3 46 153 152
3 46 42 153
3 42 154 153
3 154 42 133
3 136 155 133
3 155 156 133
3 133 156 154
3 156 157 154
3 154 157 153
3 136 137 155
3 137 140 158
3 137 158 155
3 144 159 143
3 144 145 159
3 160 145 148
3 145 160 159
3 159 160 161
3 160 162 161
3 160 163 162
3 160 164 163
3 148 149 160
3 149 164 160
3 165 149 150
3 165 164 149
3 164 165 163
3 163 165 166
3 165 167 166
3 165 168 167
3 150 151 165
3 151 168 165
3 152 169 151
3 169 170 151
3 151 170 168
3 170 171 168
3 168 171 167
3 152 153 169
3 153 157 172
3 153 172 169
3 162 173 161
3 162 163 173
3 166 174 163
3 174 175 163
3 163 175 173
3 166 167 174
3 167 171 176
3 167 176 174
3 49 50 177
3 49 177 48
3 178 180 179
3 178 181 180
3 48 177 178
3 177 181 178
3 48 178 53
3 53 178 182
3 178 183 182
3 178 179 183
3 184 186 185
3 183 179 184
3 179 186 184
3 183 184 182
3 182 184 187
3 184 188 187
3 184 189 188
3 184 185 189
3 189 185 190
3 189 190 188
3 191 193 192
3 191 194 193
3 191 195 194
3 191 196 195
3 191 197 196
3 191 192 197
3 198 200 199
3 197 192 198
3 192 200 198
3 197 198 196
3 196 198 201
3 56 57 198
3 57 201 198
3 198 50 56
3 50 198 177
3 177 198 199
3 202 181 177
3 202 177 199
3 203 59 53
3 203 53 182
3 204 182 187
3 204 203 182
3 204 59 203
3 204 64 59
3 64 204 63
3 63 204 205
3 187 188 204
3 188 205 204
3 188 190 206
3 190 207 206
3 206 205 188
3 206 208 205
3 63 206 68
3 68 206 209
3 206 210 209
3 206 207 210
3 211 213 212
3 210 207 211
3 207 213 211
3 210 211 209
3 209 211 214
3 211 215 214
3 211 216 215
3 211 212 216
3 216 212 217
3 216 217 215
3 195 218 194
3 194 218 219
3 218 220 219
3 218 221 220
3 218 222 221
3 218 223 222
3 195 196 218
3 196 223 218
3 224 196 201
3 224 223 196
3 223 224 222
3 222 224 225
3 70 71 224
3 71 225 224
3 224 57 70
3 224 201 57
3 226 82 68
3 226 68 209
3 227 209 214
3 227 226 209
3 227 82 226
3 82 227 86
3 86 227 228
3 227 229 228
3 214 215 227
3 215 229 227
3 215 217 230
3 215 230 229
3 230 231 229
3 229 231 228
3 232 234 233
3 232 235 234
3 232 236 235
3 232 237 236
3 232 238 237
3 232 233 238
3 221 239 220
3 220 239 240
3 238 233 239
3 233 240 239
3 238 239 237
3 237 239 241
3 89 90 239
3 90 241 239
3 89 239 88
3 88 239 242
3 221 222 239
3 222 242 239
3 243 222 225
3 243 242 222
3 243 88 242
3 243 95 88
3 243 71 95
3 243 225 71
3 244 246 245
3 247 246 244
3 248 246 247
3 249 246 248
3 250 246 249
3 245 246 250
3 251 253 252
3 250 253 245
3 253 251 245
3 250 249 253
3 253 249 254
3 255 253 254
3 256 253 255
3 252 253 256
3 257 252 256
3 257 256 255
3 258 112 86
3 258 86 228
3 228 231 259
3 231 260 259
3 259 258 228
3 259 112 258
3 112 259 116
3 116 259 261
3 259 262 261
3 259 260 262
3 262 260 263
3 262 263 261
3 236 264 235
3 235 264 265
3 264 266 265
3 264 267 266
3 264 268 267
3 264 269 268
3 236 237 264
3 237 269 264
3 270 237 241
3 270 269 237
3 269 270 268
3 268 270 271
3 118 119 270
3 119 271 270
3 270 90 118
3 270 241 90
3 248 247 272
3 272 247 273
3 274 272 273
3 275 272 274
3 276 272 275
3 277 272 276
3 248 272 249
3 272 277 249
3 254 249 278
3 249 277 278
3 277 276 278
3 278 276 279
3 280 278 279
3 281 278 280
3 254 278 255
3 278 281 255
3 282 257 255
3 255 281 282
3 281 283 282
3 283 281 280
3 284 140 139
3 139 116 284
3 116 285 284
3 285 116 261
3 261 263 286
3 261 286 285
3 286 287 285
3 285 287 284
3 267 288 266
3 267 268 288
3 289 268 271
3 268 289 288
3 288 289 290
3 289 291 290
3 289 292 291
3 119 141 289
3 141 292 289
3 289 271 119
3 293 292 141
3 293 141 143
3 294 275 274
3 294 276 275
3 279 276 295
3 276 296 295
3 296 276 294
3 295 280 279
3 297 283 280
3 297 280 295
3 298 157 156
3 298 156 155
3 299 301 300
3 302 301 299
3 155 301 298
3 301 302 298
3 155 158 301
3 158 140 301
3 140 284 301
3 301 284 300
3 284 287 303
3 284 303 300
3 291 304 290
3 290 304 305
3 304 306 305
3 304 307 306
3 304 308 307
3 304 309 308
3 291 292 304
3 292 309 304
3 310 292 293
3 310 309 292
3 309 310 308
3 308 310 311
3 310 312 311
3 143 159 310
3 159 312 310
3 310 293 143
3 313 312 159
3 313 159 161
3 314 171 170
3 314 170 169
3 315 314 169
3 169 172 315
3 172 316 315
3 172 157 316
3 157 317 316
3 317 157 298
3 298 302 318
3 298 318 317
3 318 319 317
3 317 319 316
3 307 320 306
3 307 308 320
3 311 321 308
3 321 322 308
3 308 322 320
3 311 312 321
3 323 312 313
3 312 323 321
3 321 323 324
3 323 325 324
3 323 326 325
3 161 173 323
3 173 326 323
3 323 313 161
3 327 326 173
3 173 175 327
3 175 328 327
3 328 175 174
3 329 331 330
3 332 331 329
3 174 331 328
3 331 332 328
3 174 176 331
3 176 171 331
3 171 314 331
3 331 314 330
3 315 333 314
3 333 334 314
3 314 334 330
3 315 316 333
3 316 319 335
3 316 335 333
3 325 336 324
3 325 326 336
3 327 337 326
3 337 338 326
3 326 338 336
3 327 328 337
3 328 332 339
3 328 339 337
3 340 342 341
3 340 343 342
3 340 344 343
3 340 345 344
3 340 346 345
3 340 341 346
3 347 349 348
3 346 341 347
3 341 349 347
3 346 347 345
3 345 347 350
3 180 181 347
3 181 350 347
3 180 347 179
3 179 347 351
3 347 348 351
3 352 354 353
3 351 348 352
3 348 354 352
3 352 179 351
3 352 186 179
3 186 352 185
3 185 352 355
3 352 353 355
3 356 358 357
3 355 353 356
3 353 358 356
3 356 185 355
3 185 356 190
3 190 356 359
3 356 360 359
3 356 357 360
3 360 357 361
3 360 361 359
3 362 364 363
3 362 365 364
3 362 366 365
3 193 194 362
3 194 366 362
3 193 362 192
3 192 362 367
3 362 363 367
3 344 368 343
3 343 368 369
3 367 363 368
3 363 369 368
3 368 192 367
3 368 200 192
3 200 368 199
3 199 368 370
3 344 345 368
3 345 370 368
3 371 345 350
3 371 370 345
3 371 199 370
3 371 202 199
3 371 181 202
3 371 350 181
3 372 207 190
3 372 190 359
3 359 361 373
3 361 374 373
3 373 372 359
3 373 207 372
3 373 213 207
3 213 373 212
3 212 373 375
3 373 374 375
3 375 374 376
3 375 376 212
3 376 377 212
3 212 377 217
3 378 380 379
3 378 381 380
3 378 382 381
3 378 383 382
3 378 384 383
3 378 379 384
3 366 385 365
3 365 385 386
3 384 379 385
3 379 386 385
3 384 385 383
3 383 385 387
3 219 220 385
3 220 387 385
3 385 194 219
3 385 366 194
3 388 377 376
3 389 231 230
3 230 217 389
3 217 390 389
3 217 377 390
3 377 388 390
3 390 388 391
3 390 391 389
3 382 392 381
3 381 392 393
3 392 394 393
3 392 395 394
3 234 235 392
3 235 395 392
3 234 392 233
3 233 392 396
3 382 383 392
3 383 396 392
3 397 383 387
3 397 396 383
3 397 233 396
3 397 240 233
3 397 220 240
3 397 387 220
3 398 400 399
3 401 400 398
3 402 400 401
3 244 400 247
3 400 402 247
3 244 245 400
3 400 245 403
3 399 400 403
3 404 406 405
3 403 406 399
3 406 404 399
3 403 245 406
3 245 251 406
3 251 252 406
3 406 252 407
3 405 406 407
3 408 405 407
3 407 252 408
3 252 409 408
3 409 252 257
3 410 260 231
3 410 231 389
3 389 391 411
3 389 411 410
3 411 412 410
3 410 412 260
3 412 413 260
3 260 413 263
3 395 414 394
3 394 414 415
3 414 416 415
3 414 417 416
3 265 266 414
3 266 417 414
3 414 235 265
3 414 395 235
3 402 401 418
3 418 401 419
3 420 418 419
3 421 418 420
3 273 418 274
3 418 421 274
3 273 247 418
3 247 402 418
3 409 422 408
3 408 422 423
3 422 424 423
3 422 425 424
3 282 283 422
3 283 425 422
3 422 257 282
3 422 409 257
3 413 412 426
3 426 412 427
3 428 426 427
3 429 426 428
3 286 426 287
3 426 429 287
3 286 263 426
3 263 413 426
3 417 430 416
3 416 430 431
3 430 432 431
3 430 433 432
3 430 434 433
3 266 288 430
3 288 434 430
3 430 417 266
3 435 434 288
3 435 288 290
3 436 421 420
3 437 294 274
3 274 421 437
3 421 436 437
3 438 440 439
3 437 436 438
3 436 440 438
3 438 294 437
3 438 296 294
3 296 438 295
3 295 438 441
3 438 439 441
3 425 442 424
3 424 442 443
3 441 439 442
3 439 443 442
3 442 295 441
3 442 297 295
3 442 283 297
3 442 425 283
3 444 302 299
3 444 299 300
3 429 428 445
3 445 428 446
3 447 445 446
3 300 445 444
3 445 447 444
3 300 303 445
3 303 287 445
3 287 429 445
3 433 448 432
3 433 434 448
3 449 434 435
3 434 449 448
3 448 449 450
3 449 451 450
3 305 306 449
3 306 451 449
3 449 290 305
3 449 435 290
3 452 454 453
3 455 454 452
3 456 454 455
3 318 454 319
3 454 456 319
3 318 302 454
3 302 444 454
3 454 444 453
3 444 447 457
3 444 457 453
3 451 458 450
3 306 320 459
3 306 459 451
3 459 458 451
3 460 461 459
3 459 320 460
3 320 462 460
3 320 322 462
3 322 463 462
3 463 322 321
3 464 463 321
3 464 321 324
3 465 332 329
3 465 329 330
3 466 468 467
3 469 468 466
3 330 468 465
3 468 469 465
3 330 334 468
3 334 333 468
3 468 333 470
3 467 468 470
3 456 455 471
3 471 455 472
3 470 471 467
3 471 472 467
3 470 333 471
3 333 335 471
3 335 319 471
3 319 456 471
3 462 473 460
3 462 463 473
3 464 474 463
3 474 475 463
3 463 475 473
3 324 336 476
3 324 476 464
3 476 474 464
3 477 479 478
3 476 479 474
3 479 477 474
3 476 336 479
3 336 338 479
3 338 337 479
3 479 337 480
3 478 479 480
3 481 483 482
3 480 483 478
3 483 481 478
3 480 337 483
3 337 339 483
3 339 332 483
3 332 465 483
3 483 465 482
3 465 469 484
3 465 484 482
3 485 487 486
3 485 488 487
3 485 489 488
3 485 490 489
3 485 491 490
3 485 486 491
3 492 494 493
3 491 486 492
3 486 494 492
3 491 492 490
3 490 492 495
3 342 343 492
3 343 495 492
3 342 492 341
3 341 492 496
3 492 493 496
3 497 499 498
3 496 493 497
3 493 499 497
3 497 341 496
3 497 349 341
3 349 497 348
3 348 497 500
3 497 498 500
3 501 503 502
3 500 498 501
3 498 503 501
3 501 348 500
3 501 354 348
3 354 501 353
3 353 501 504
3 501 502 504
3 505 507 506
3 504 502 505
3 502 507 505
3 505 353 504
3 505 358 353
3 358 505 357
3 357 505 508
3 505 506 508
3 509 511 510
3 508 506 509
3 506 511 509
3 509 357 508
3 357 509 361
3 361 509 512
3 509 513 512
3 509 510 513
3 513 510 514
3 513 514 512
3 515 517 516
3 515 518 517
3 515 519 518
3 515 520 519
3 515 521 520
3 515 516 521
3 489 522 488
3 488 522 523
3 521 516 522
3 516 523 522
3 521 522 520
3 520 522 524
3 364 365 522
3 365 524 522
3 364 522 363
3 363 522 525
3 489 490 522
3 490 525 522
3 526 490 495
3 526 525 490
3 526 363 525
3 526 369 363
3 526 343 369
3 526 495 343
3 527 374 361
3 527 361 512
3 512 514 528
3 514 529 528
3 528 527 512
3 528 374 527
3 374 528 376
3 376 528 530
3 528 531 530
3 528 529 531
3 531 529 532
3 531 532 530
3 519 533 518
3 518 533 534
3 533 535 534
3 533 536 535
3 380 381 533
3 381 536 533
3 380 533 379
3 379 533 537
3 519 520 533
3 520 537 533
3 538 520 524
3 538 537 520
3 538 379 537
3 538 386 379
3 538 365 386
3 538 524 365
3 539 388 376
3 539 376 530
3 530 532 540
3 530 540 539
3 540 541 539
3 539 541 388
3 541 542 388
3 388 542 391
3 536 543 535
3 535 543 544
3 543 545 544
3 543 546 545
3 393 394 543
3 394 546 543
3 543 381 393
3 543 536 381
3 547 401 398
3 547 398 399
3 548 547 399
3 399 404 548
3 404 549 548
3 549 404 405
3 550 549 405
3 550 405 408
3 542 541 551
3 551 541 552
3 553 551 552
3 554 551 553
3 411 551 412
3 551 554 412
3 411 391 551
3 391 542 551
3 546 555 545
3 545 555 556
3 555 557 556
3 555 558 557
3 415 416 555
3 416 558 555
3 555 394 559
3 555 546 394
3 560 420 419
3 419 401 560
3 401 561 560
3 561 401 547
3 562 547 548
3 562 561 547
3 561 562 560
3 560 562 563
3 562 564 563
3 562 565 564
3 548 549 562
3 549 565 562
3 566 549 550
3 566 565 549
3 565 566 564
3 564 566 567
3 423 424 566
3 424 567 566
3 566 408 423
3 566 550 408
3 554 553 568
3 568 553 569
3 570 568 569
3 571 568 570
3 427 568 428
3 568 571 428
3 427 412 568
3 412 554 568
3 558 572 557
3 557 572 573
3 572 574 573
3 572 575 574
3 431 432 572
3 432 575 572
3 572 416 431
3 572 558 416
3 576 436 420
3 576 420 560
3 577 560 563
3 577 576 560
3 577 436 576
3 577 440 436
3 440 577 439
3 439 577 578
3 563 564 577
3 564 578 577
3 579 564 567
3 579 578 564
3 579 439 578
3 579 443 439
3 579 424 443
3 579 567 424
3 571 570 580
3 580 570 581
3 582 580 581
3 583 580 582
3 446 580 447
3 580 583 447
3 446 428 580
3 428 571 580
3 575 584 574
3 574 584 585
3 584 586 585
3 584 587 586
3 584 588 587
3 432 448 584
3 448 588 584
3 584 575 432
3 589 588 448
3 589 448 450
3 590 455 452
3 590 452 453
3 583 582 591
3 591 582 592
3 593 591 592
3 453 591 590
3 591 593 590
3 453 457 591
3 457 447 591
3 447 583 591
3 587 594 586
3 587 588 594
3 595 588 589
3 588 595 594
3 594 595 596
3 595 597 596
3 595 598 597
3 450 458 595
3 458 598 595
3 595 589 450
3 599 598 461
3 599 461 460
3 600 469 466
3 600 466 467
3 601 603 602
3 604 603 601
3 467 603 600
3 603 604 600
3 467 472 603
3 472 455 603
3 455 590 603
3 603 590 602
3 590 593 605
3 590 605 602
3 597 606 596
3 597 598 606
3 599 607 598
3 607 608 598
3 598 608 606
3 460 473 609
3 460 609 599
3 609 607 599
3 610 612 611
3 609 612 607
3 612 610 607
3 609 473 612
3 473 475 612
3 475 474 612
3 612 474 613
3 611 612 613
3 614 616 615
3 613 616 611
3 616 614 611
3 613 474 616
3 474 477 616
3 477 478 616
3 616 478 617
3 615 616 617
3 618 620 619
3 617 620 615
3 620 618 615
3 617 478 620
3 478 481 620
3 481 482 620
3 620 482 621
3 619 620 621
3 622 624 623
3 621 624 619
3 624 622 619
3 621 482 624
3 482 484 624
3 484 469 624
3 469 600 624
3 624 600 623
3 600 604 625
3 600 625 623
3 626 628 627
3 626 629 628
3 626 630 629
3 487 488 626
3 488 630 626
3 487 626 486
3 486 626 631
3 626 627 631
3 632 634 633
3 631 627 632
3 627 634 632
3 632 486 631
3 632 494 486
3 494 632 493
3 493 632 635
3 632 633 635
3 636 638 637
3 635 633 636
3 633 638 636
3 636 493 635
3 636 499 493
3 499 636 498
3 498 636 639
3 636 637 639
3 640 642 641
3 639 637 640
3 637 642 640
3 640 498 639
3 640 503 498
3 503 640 502
3 502 640 643
3 640 641 643
3 644 646 645
3 643 641 644
3 641 646 644
3 644 502 643
3 644 507 502
3 507 644 506
3 506 644 647
3 644 645 647
3 648 650 649
3 647 645 648
3 645 650 648
3 648 506 647
3 648 511 506
3 511 648 510
3 510 648 651
3 648 649 651
3 651 649 652
3 651 652 510
3 652 653 510
3 510 653 514
3 654 656 655
3 654 657 656
3 654 658 657
3 517 518 654
3 518 658 654
3 517 654 516
3 516 654 659
3 654 655 659
3 630 660 629
3 629 660 661
3 659 655 660
3 655 661 660
3 660 516 659
3 660 523 516
3 660 488 523
3 660 630 488
3 662 653 652
3 663 529 514
3 514 653 663
3 653 662 663
3 663 662 664
3 663 664 529
3 664 665 529
3 529 665 532
3 658 666 657
3 657 666 667
3 666 668 667
3 666 669 668
3 534 535 666
3 535 669 666
3 666 518 534
3 666 658 518
3 665 664 670
3 670 664 671
3 672 670 671
3 673 670 672
3 540 670 541
3 670 673 541
3 540 532 670
3 532 665 670
3 669 674 668
3 668 674 675
3 674 676 675
3 674 677 676
3 544 545 674
3 545 677 674
3 674 535 544
3 674 669 535
3 673 672 678
3 678 672 679
3 680 678 679
3 681 678 680
3 552 678 553
3 678 681 553
3 552 541 678
3 541 673 678
3 677 682 676
3 676 682 683
3 682 684 683
3 682 685 684
3 556 557 682
3 557 685 682
3 682 545 556
3 682 677 545
3 681 680 686
3 686 680 687
3 688 686 687
3 689 686 688
3 569 686 570
3 686 689 570
3 569 553 686
3 553 681 686
3 685 690 684
3 684 690 691
3 690 692 691
3 690 693 692
3 573 574 690
3 574 693 690
3 690 557 573
3 690 685 557
3 689 688 694
3 694 688 695
3 696 694 695
3 697 694 696
3 581 694 582
3 694 697 582
3 581 570 694
3 570 689 694
3 693 698 692
3 692 698 699
3 698 700 699
3 698 701 700
3 585 586 698
3 586 701 698
3 698 574 585
3 698 693 574
3 697 696 702
3 702 696 703
3 704 702 703
3 705 702 704
3 592 702 593
3 702 705 593
3 592 582 702
3 582 697 702
3 701 706 700
3 586 594 707
3 586 707 701
3 707 706 701
3 708 706 707
3 707 594 708
3 594 709 708
3 709 594 596
3 710 712 711
3 713 712 710
3 714 712 713
3 601 712 604
3 712 714 604
3 601 602 712
3 712 602 715
3 711 712 715
3 705 704 716
3 716 704 717
3 715 716 711
3 716 717 711
3 715 602 716
3 602 605 716
3 605 593 716
3 593 705 716
3 709 718 708
3 596 606 719
3 596 719 709
3 719 718 709
3 720 722 721
3 719 722 718
3 722 720 718
3 719 606 722
3 606 608 722
3 608 607 722
3 722 607 723
3 721 722 723
3 724 726 725
3 723 726 721
3 726 724 721
3 723 607 726
3 607 610 726
3 610 611 726
3 726 611 727
3 725 726 727
3 728 730 729
3 727 730 725
3 730 728 725
3 727 611 730
3 611 614 730
3 614 615 730
3 730 615 731
3 729 730 731
3 732 734 733
3 731 734 729
3 734 732 729
3 731 615 734
3 615 618 734
3 618 619 734
3 734 619 735
3 733 734 735
3 736 738 737
3 735 738 733
3 738 736 733
3 735 619 738
3 619 622 738
3 622 623 738
3 738 623 739
3 737 738 739
3 714 713 740
3 740 713 741
3 739 740 737
3 740 741 737
3 739 623 740
3 623 625 740
3 625 604 740
3 604 714 740
3 742 744 743
3 742 745 744
3 742 746 745
3 628 629 742
3 629 746 742
3 628 742 627
3 627 742 747
3 742 743 747
3 748 750 749
3 747 743 748
3 743 750 748
3 748 627 747
3 748 634 627
3 634 748 633
3 633 748 751
3 748 749 751
3 752 754 753
3 751 749 752
3 749 754 752
3 752 633 751
3 752 638 633
3 638 752 637
3 637 752 755
3 752 753 755
3 756 758 757
3 755 753 756
3 753 758 756
3 756 637 755
3 756 642 637
3 642 756 641
3 641 756 759
3 756 757 759
3 760 762 761
3 759 757 760
3 757 762 760
3 760 641 759
3 760 646 641
3 646 760 645
3 645 760 763
3 760 761 763
3 764 766 765
3 763 761 764
3 761 766 764
3 764 645 763
3 764 650 645
3 650 764 649
3 649 764 767
3 764 765 767
3 767 765 768
3 767 768 649
3 768 769 649
3 649 769 652
3 656 657 770
3 656 770 655
3 746 771 745
3 745 771 772
3 771 773 772
3 655 770 771
3 770 773 771
3 771 661 655
3 771 629 661
3 771 746 629
3 769 768 774
3 774 768 775
3 776 774 775
3 777 774 776
3 778 774 777
3 652 774 662
3 774 778 662
3 652 769 774
3 662 778 779
3 662 779 664
3 780 782 781
3 780 783 782
3 780 784 783
3 667 668 780
3 668 784 780
3 780 657 667
3 657 780 770
3 770 780 781
3 785 773 770
3 785 770 781
3 786 777 776
3 786 778 777
3 779 778 787
3 778 786 787
3 787 786 788
3 789 787 788
3 671 787 672
3 787 789 672
3 671 664 787
3 664 779 787
3 784 790 783
3 783 790 791
3 790 792 791
3 790 793 792
3 675 676 790
3 676 793 790
3 790 668 675
3 790 784 668
3 789 788 794
3 794 788 795
3 796 794 795
3 797 794 796
3 679 794 680
3 794 798 680
3 679 672 794
3 672 789 794
3 793 799 792
3 792 799 800
3 799 801 800
3 799 802 801
3 683 684 799
3 684 802 799
3 799 676 683
3 799 793 676
3 798 796 803
3 803 796 804
3 805 803 804
3 806 803 805
3 687 803 688
3 803 807 688
3 687 680 803
3 680 798 803
3 802 808 801
3 801 808 809
3 808 810 809
3 808 811 810
3 691 692 808
3 692 811 808
3 808 684 691
3 808 802 684
3 807 805 812
3 812 805 813
3 814 812 813
3 815 812 814
3 695 812 696
3 812 815 696
3 695 688 812
3 688 807 812
3 811 816 810
3 699 700 817
3 699 817 692
3 817 818 692
3 692 818 811
3 818 816 811
3 819 816 818
3 819 818 817
3 820 822 821
3 823 822 820
3 824 822 823
3 825 822 824
3 826 822 825
3 821 822 826
3 815 814 827
3 827 814 828
3 826 827 821
3 827 828 821
3 826 825 827
3 827 825 829
3 703 827 704
3 827 829 704
3 703 696 827
3 696 815 827
3 700 706 830
3 700 830 817
3 831 819 817
3 817 830 831
3 830 832 831
3 830 706 832
3 706 833 832
3 833 706 708
3 824 823 834
3 834 823 835
3 836 834 835
3 837 834 836
3 710 834 713
3 834 837 713
3 710 711 834
3 834 711 838
3 824 834 825
3 834 838 825
3 829 825 839
3 825 838 839
3 838 711 839
3 711 717 839
3 717 704 839
3 704 829 839
3 833 840 832
3 708 718 841
3 708 841 833
3 841 840 833
3 842 844 843
3 841 844 840
3 844 842 840
3 841 718 844
3 718 720 844
3 720 721 844
3 844 721 845
3 843 844 845
3 846 848 847
3 845 848 843
3 848 846 843
3 845 721 848
3 721 724 848
3 724 725 848
3 848 725 849
3 847 848 849
3 850 852 851
3 849 852 847
3 852 850 847
3 849 725 852
3 725 728 852
3 728 729 852
3 852 729 853
3 851 852 853
3 854 856 855
3 853 856 851
3 856 854 851
3 853 729 856
3 729 732 856
3 732 733 856
3 856 733 857
3 855 856 857
3 858 860 859
3 857 860 855
3 860 858 855
3 857 733 860
3 733 736 860
3 736 737 860
3 860 737 861
3 859 860 861
3 837 836 862
3 862 836 863
3 861 862 859
3 862 863 859
3 861 737 862
3 737 741 862
3 741 713 862
3 713 837 862
3 744 745 864
3 744 864 743
3 865 867 866
3 865 868 867
3 743 864 865
3 864 868 865
3 865 750 743
3 750 865 749
3 749 865 869
3 865 866 869
3 870 872 871
3 869 866 870
3 866 872 870
3 870 749 869
3 870 754 749
3 754 870 753
3 753 870 873
3 870 871 873
3 874 876 875
3 873 871 874
3 871 876 874
3 874 753 873
3 874 758 753
3 758 874 757
3 757 874 877
3 874 875 877
3 878 880 879
3 877 875 878
3 875 880 878
3 878 757 877
3 878 762 757
3 762 878 761
3 761 878 881
3 878 879 881
3 881 879 882
3 881 882 761
3 882 883 761
3 761 883 766
3 883 884 766
3 766 884 765
3 765 884 885
3 765 885 768
3 886 888 887
3 886 889 888
3 886 890 889
3 772 773 886
3 773 890 886
3 886 745 772
3 745 886 864
3 864 886 887
3 891 892 868
3 891 887 892
3 893 883 882
3 893 884 883
3 885 884 894
3 884 893 894
3 894 893 895
3 896 894 895
3 775 894 776
3 894 896 776
3 775 768 894
3 768 885 894
3 782 783 897
3 782 897 781
3 890 898 889
3 889 898 899
3 898 900 899
3 781 897 898
3 897 900 898
3 898 785 781
3 898 773 785
3 898 890 773
3 896 895 901
3 901 895 902
3 903 901 902
3 904 901 903
3 905 901 904
3 776 901 786
3 901 905 786
3 776 896 901
3 786 905 906
3 786 906 788
3 907 909 908
3 907 910 909
3 907 911 910
3 791 792 907
3 792 911 907
3 907 783 791
3 783 907 897
3 897 907 908
3 912 900 897
3 912 897 908
3 913 904 903
3 913 905 904
3 906 905 914
3 905 913 914
3 914 913 915
3 916 914 915
3 795 914 796
3 914 916 796
3 795 788 914
3 788 906 914
3 911 917 910
3 910 917 918
3 917 919 918
3 917 920 919
3 800 801 917
3 801 920 917
3 917 792 800
3 917 911 792
3 916 915 921
3 921 915 922
3 923 921 922
3 924 921 923
3 804 921 805
3 921 924 805
3 804 796 921
3 796 916 921
3 920 925 919
3 809 810 926
3 809 926 801
3 926 927 801
3 801 927 920
3 927 925 920
3 928 925 927
3 928 927 926
3 929 931 930
3 932 931 929
3 933 931 932
3 934 931 933
3 935 931 934
3 930 931 935
3 924 923 936
3 936 923 937
3 935 936 930
3 936 937 930
3 935 934 936
3 936 934 938
3 813 936 814
3 936 938 814
3 813 805 936
3 805 924 936
3 810 816 939
3 810 939 926
3 940 928 926
3 926 939 940
3 939 941 940
3 939 816 941
3 816 942 941
3 942 816 819
3 933 932 943
3 943 932 944
3 945 943 944
3 946 943 945
3 820 943 823
3 943 946 823
3 820 821 943
3 943 821 947
3 933 943 934
3 943 947 934
3 938 934 948
3 934 947 948
3 947 821 948
3 821 828 948
3 828 814 948
3 814 938 948
3 942 949 941
3 831 832 950
3 831 950 819
3 950 951 819
3 819 951 942
3 951 949 942
3 952 949 951
3 952 951 953
3 954 956 955
3 957 956 954
3 958 956 957
3 959 956 958
3 960 956 959
3 955 956 960
3 946 945 961
3 961 945 962
3 960 961 955
3 961 962 955
3 960 959 961
3 961 959 963
3 835 961 836
3 961 963 836
3 835 823 961
3 823 946 961
3 832 840 964
3 832 964 950
3 950 965 952
3 965 966 952
3 950 964 965
3 964 840 965
3 840 842 965
3 842 843 965
3 965 843 967
3 966 965 967
3 968 970 969
3 967 970 966
3 970 968 966
3 967 843 970
3 843 846 970
3 846 847 970
3 970 847 971
3 969 970 971
3 972 974 973
3 971 974 969
3 974 972 969
3 971 847 974
3 847 850 974
3 850 851 974
3 974 851 975
3 973 974 975
3 976 978 977
3 975 978 973
3 978 976 973
3 975 851 978
3 851 854 978
3 854 855 978
3 978 855 979
3 977 978 979
3 958 957 980
3 980 957 981
3 979 980 977
3 980 981 977
3 979 855 980
3 855 858 980
3 858 859 980
3 980 859 982
3 958 980 959
3 980 982 959
3 963 959 983
3 959 982 983
3 982 859 983
3 859 863 983
3 863 836 983
3 836 963 983
3 867 868 984
3 867 984 866
3 866 984 985
3 866 985 872
3 985 986 872
3 872 986 871
3 871 986 987
3 871 987 876
3 987 988 876
3 876 988 875
3 875 988 989
3 875 989 880
3 989 990 880
3 880 990 879
3 879 990 991
3 879 991 882
3 888 889 992
3 888 992 887
3 993 995 994
3 993 996 995
3 887 992 993
3 992 996 993
3 997 887 891
3 997 891 868
3 868 993 984
3 984 993 994
3 985 984 998
3 984 999 998
3 999 984 994
3 998 986 985
3 987 986 1000
3 986 1001 1000
3 1001 986 998
3 1000 988 987
3 989 988 1002
3 988 1003 1002
3 1003 988 1000
3 1002 990 989
3 991 990 1004
3 990 1005 1004
3 1005 990 1002
3 1006 893 882
3 882 991 1006
3 991 1004 1006
3 1006 1004 1007
3 1006 1007 893
3 1007 1008 893
3 893 1008 895
3 1009 1011 1010
3 1009 1012 1011
3 1009 1013 1012
3 899 900 1009
3 900 1013 1009
3 1009 889 899
3 889 1009 992
3 992 1009 1010
3 1014 996 992
3 1014 992 1010
3 1008 1007 1015
3 1015 1007 1016
3 1017 1015 1016
3 1018 1015 1017
3 902 1015 903
3 1015 1018 903
3 902 895 1015
3 895 1008 1015
3 909 910 1019
3 909 1019 908
3 1013 1020 1012
3 1012 1020 1021
3 1020 1022 1021
3 908 1019 1020
3 1019 1022 1020
3 1020 912 908
3 1020 900 912
3 1020 1013 900
3 1018 1017 1023
3 1023 1017 1024
3 1025 1023 1024
3 1026 1023 1025
3 1027 1023 1026
3 903 1023 913
3 1023 1027 913
3 903 1018 1023
3 913 1027 1028
3 913 1028 915
3 918 919 1029
3 918 1029 910
3 1029 1030 910
3 910 1030 1019
3 1031 1022 1019
3 1019 1030 1031
3 1030 1032 1031
3 1032 1030 1029
3 1026 1025 1033
3 1033 1025 1034
3 1035 1033 1034
3 1036 1033 1035
3 1037 1033 1036
3 1038 1033 1037
3 1026 1033 1027
3 1033 1038 1027
3 1028 1027 1039
3 1027 1038 1039
3 1038 1037 1039
3 1039 1037 1040
3 922 1039 923
3 1039 1040 923
3 922 915 1039
3 915 1028 1039
3 919 925 1041
3 919 1041 1029
3 1042 1032 1029
3 1029 1041 1043
3 1041 1044 1043
3 1041 925 1044
3 925 1045 1044
3 1045 925 928
3 1036 1035 1046
3 1046 1035 1047
3 1048 1046 1047
3 1049 1046 1048
3 929 1046 932
3 1046 1049 932
3 929 930 1046
3 1046 930 1050
3 1036 1046 1037
3 1046 1050 1037
3 1040 1037 1051
3 1037 1050 1051
3 1050 930 1051
3 930 937 1051
3 937 923 1051
3 923 1040 1051
3 1045 1052 1044
3 940 941 1053
3 940 1053 928
3 1053 1054 928
3 928 1054 1045
3 1054 1052 1045
3 1055 1052 1054
3 1055 1054 1053
3 1049 1048 1056
3 1056 1048 1057
3 1058 1056 1057
3 1059 1056 1058
3 944 1056 945
3 1056 1059 945
3 944 932 1056
3 932 1049 1056
3 941 949 1060
3 941 1060 1053
3 1053 1061 1055
3 1061 1062 1055
3 1053 1060 1061
3 1060 949 1061
3 949 952 1061
3 1061 952 1063
3 1064 1061 1063
3 1062 1061 1064
3 1065 1067 1066
3 1064 1067 1062
3 1067 1065 1062
3 1064 1063 1067
3 1067 1063 1068
3 1069 1067 1068
3 1070 1067 1069
3 1066 1067 1070
3 1071 1073 1072
3 1070 1073 1066
3 1073 1071 1066
3 1070 1069 1073
3 1073 1069 1074
3 1075 1073 1074
3 1076 1073 1075
3 1072 1073 1076
3 1077 1072 1076
3 1077 1076 1075
3 1078 1080 1079
3 1081 1080 1078
3 1082 1080 1081
3 954 1080 957
3 1080 1082 957
3 954 955 1080
3 1080 955 1083
3 1079 1080 1083
3 1059 1058 1084
3 1084 1058 1085
3 1083 1084 1079
3 1084 1085 1079
3 1083 955 1084
3 955 962 1084
3 962 945 1084
3 945 1059 1084
3 952 966 1086
3 952 1086 1063
3 1068 1063 1087
3 1063 1086 1087
3 1086 966 1087
3 966 968 1087
3 968 969 1087
3 1087 969 1088
3 1068 1087 1069
3 1087 1088 1069
3 1074 1069 1089
3 1069 1088 1089
3 1088 969 1089
3 969 972 1089
3 972 973 1089
3 1089 973 1090
3 1074 1089 1075
3 1089 1090 1075
3 1075 1091 1077
3 1091 1092 1077
3 1075 1090 1091
3 1090 973 1091
3 973 976 1091
3 976 977 1091
3 1091 977 1093
3 1092 1091 1093
3 1082 1081 1094
3 1094 1081 1095
3 1093 1094 1092
3 1094 1095 1092
3 1093 977 1094
3 977 981 1094
3 981 957 1094
3 957 1082 1094
3 995 996 1096
3 995 1096 994
3 994 1096 1097
3 994 1097 999
3 1097 1098 999
3 999 1098 998
3 998 1098 1099
3 998 1099 1001
3 1099 1100 1001
3 1001 1100 1000
3 1000 1100 1101
3 1000 1101 1003
3 1101 1102 1003
3 1003 1102 1002
3 1002 1102 1103
3 1002 1103 1005
3 1103 1104 1005
3 1005 1104 1004
3 1004 1104 1105
3 1004 1105 1007
3 1011 1012 1106
3 1011 1106 1010
3 1010 1106 1107
3 1010 1107 1014
3 1107 1108 1014
3 1014 1108 996
3 1108 1109 996
3 996 1109 1096
3 1097 1096 1110
3 1096 1109 1110
3 1109 1108 1110
3 1110 1108 1111
3 1112 1110 1111
3 1113 1110 1112
3 1097 1110 1098
3 1110 1113 1098
3 1099 1098 1114
3 1098 1113 1114
3 1113 1112 1114
3 1114 1112 1115
3 1116 1114 1115
3 1117 1114 1116
3 1099 1114 1100
3 1114 1117 1100
3 1101 1100 1118
3 1100 1117 1118
3 1117 1116 1118
3 1118 1116 1119
3 1120 1118 1119
3 1121 1118 1120
3 1101 1118 1102
3 1118 1121 1102
3 1103 1102 1122
3 1102 1121 1122
3 1121 1120 1122
3 1122 1120 1123
3 1124 1122 1123
3 1125 1122 1124
3 1103 1122 1104
3 1122 1125 1104
3 1105 1104 1126
3 1104 1125 1126
3 1125 1124 1126
3 1126 1124 1127
3 1016 1126 1017
3 1126 1127 1017
3 1016 1007 1126
3 1007 1105 1126
3 1021 1022 1128
3 1021 1128 1012
3 1128 1129 1012
3 1012 1129 1106
3 1107 1106 1130
3 1106 1129 1130
3 1129 1128 1130
3 1130 1128 1131
3 1132 1130 1131
3 1133 1130 1132
3 1107 1130 1108
3 1130 1133 1108
3 1111 1108 1134
3 1108 1135 1134
3 1108 1133 1135
3 1133 1136 1135
3 1136 1133 1132
3 1134 1112 1111
3 1115 1112 1137
3 1112 1138 1137
3 1138 1112 1134
3 1137 1116 1115
3 1119 1116 1139
3 1116 1137 1139
3 1139 1137 1140
3 1141 1139 1140
3 1142 1139 1141
3 1143 1139 1142
3 1119 1139 1120
3 1139 1143 1120
3 1123 1120 1144
3 1120 1143 1144
3 1143 1142 1144
3 1144 1142 1145
3 1146 1144 1145
3 1147 1144 1146
3 1123 1144 1124
3 1144 1147 1124
3 1127 1124 1148
3 1124 1147 1148
3 1147 1146 1148
3 1148 1146 1149
3 1024 1148 1025
3 1148 1149 1025
3 1024 1017 1148
3 1017 1127 1148
3 1031 1032 1150
3 1031 1150 1022
3 1150 1151 1022
3 1022 1151 1128
3 1131 1128 1152
3 1128 1151 1152
3 1151 1150 1152
3 1152 1150 1153
3 1154 1152 1153
3 1155 1152 1154
3 1131 1152 1132
3 1152 1155 1132
3 1156 1136 1132
3 1132 1155 1156
3 1155 1157 1156
3 1157 1155 1154
3 1141 1140 1158
3 1158 1140 1159
3 1160 1158 1159
3 1161 1158 1160
3 1162 1158 1161
3 1163 1158 1162
3 1141 1158 1142
3 1158 1163 1142
3 1145 1142 1164
3 1142 1163 1164
3 1163 1162 1164
3 1164 1162 1165
3 1166 1164 1165
3 1167 1164 1166
3 1145 1164 1146
3 1164 1167 1146
3 1149 1146 1168
3 1146 1167 1168
3 1167 1166 1168
3 1168 1166 1169
3 1034 1168 1035
3 1168 1169 1035
3 1034 1025 1168
3 1025 1149 1168
3 1043 1044 1170
3 1043 1170 1032
3 1170 1171 1032
3 1032 1171 1150
3 1153 1150 1172
3 1150 1171 1172
3 1171 1170 1172
3 1172 1170 1173
3 1174 1172 1173
3 1175 1172 1174
3 1153 1172 1154
3 1172 1175 1154
3 1154 1176 1157
3 1176 1177 1157
3 1154 1175 1176
3 1175 1174 1176
3 1176 1174 1178
3 1179 1176 1178
3 1180 1176 1179
3 1177 1176 1180
3 1181 1183 1182
3 1180 1183 1177
3 1183 1181 1177
3 1180 1179 1183
3 1183 1179 1184
3 1185 1183 1184
3 1186 1183 1185
3 1182 1183 1186
3 1161 1160 1187
3 1187 1160 1188
3 1186 1187 1182
3 1187 1188 1182
3 1186 1185 1187
3 1187 1185 1189
3 1190 1187 1189
3 1191 1187 1190
3 1161 1187 1162
3 1187 1191 1162
3 1165 1162 1192
3 1162 1191 1192
3 1191 1190 1192
3 1192 1190 1193
3 1194 1192 1193
3 1195 1192 1194
3 1165 1192 1166
3 1192 1195 1166
3 1169 1166 1196
3 1166 1195 1196
3 1195 1194 1196
3 1196 1194 1197
3 1047 1196 1048
3 1196 1197 1048
3 1047 1035 1196
3 1035 1169 1196
3 1044 1052 1198
3 1044 1198 1170
3 1173 1170 1199
3 1170 1198 1199
3 1198 1052 1199
3 1052 1055 1199
3 1199 1055 1200
3 1201 1199 1200
3 1173 1199 1174
3 1199 1201 1174
3 1178 1174 1202
3 1174 1201 1202
3 1201 1200 1202
3 1202 1200 1203
3 1204 1202 1203
3 1205 1202 1204
3 1178 1202 1179
3 1202 1205 1179
3 1184 1179 1206
3 1179 1205 1206
3 1205 1204 1206
3 1206 1204 1207
3 1208 1206 1207
3 1209 1206 1208
3 1184 1206 1185
3 1206 1209 1185
3 1189 1185 1210
3 1185 1211 1210
3 1185 1209 1211
3 1209 1212 1211
3 1212 1209 1208
3 1210 1190 1189
3 1193 1190 1213
3 1190 1210 1213
3 1213 1210 1214
3 1215 1213 1214
3 1216 1213 1215
3 1217 1213 1216
3 1193 1213 1194
3 1213 1217 1194
3 1197 1194 1218
3 1194 1217 1218
3 1217 1216 1218
3 1218 1216 1219
3 1057 1218 1058
3 1218 1219 1058
3 1057 1048 1218
3 1048 1197 1218
3 1055 1062 1220
3 1055 1220 1200
3 1203 1200 1221
3 1200 1220 1221
3 1220 1062 1221
3 1062 1065 1221
3 1065 1066 1221
3 1221 1066 1222
3 1203 1221 1204
3 1221 1222 1204
3 1207 1204 1223
3 1204 1222 1223
3 1222 1066 1223
3 1066 1071 1223
3 1071 1072 1223
3 1223 1072 1224
3 1207 1223 1208
3 1223 1224 1208
3 1225 1212 1208
3 1208 1224 1225
3 1224 1226 1225
3 1224 1072 1226
3 1072 1227 1226
3 1227 1072 1077
3 1228 1215 1214
3 1229 1081 1078
3 1229 1078 1079
3 1228 1216 1215
3 1219 1216 1230
3 1216 1228 1230
3 1230 1228 1231
3 1079 1230 1229
3 1230 1231 1229
3 1079 1085 1230
3 1085 1058 1230
3 1058 1219 1230
3 1227 1232 1226
3 1077 1092 1233
3 1077 1233 1227
3 1233 1232 1227
3 1234 1236 1235
3 1233 1236 1232
3 1236 1234 1232
3 1233 1092 1236
3 1092 1095 1236
3 1095 1081 1236
3 1081 1229 1236
3 1236 1229 1235
3 1229 1231 1237
3 1229 1237 1235
3 1135 1136 1238
3 1135 1238 1134
3 1134 1238 1239
3 1134 1239 1138
3 1239 1240 1138
3 1138 1240 1137
3 1137 1240 1241
3 1137 1241 1140
3 1156 1157 1242
3 1156 1242 1136
3 1242 1243 1136
3 1136 1243 1238
3 1239 1238 1244
3 1238 1243 1244
3 1243 1242 1244
3 1244 1242 1245
3 1246 1244 1245
3 1247 1244 1246
3 1239 1244 1240
3 1244 1247 1240
3 1241 1240 1248
3 1240 1247 1248
3 1247 1246 1248
3 1248 1246 1249
3 1159 1248 1160
3 1248 1249 1160
3 1159 1140 1248
3 1140 1241 1248
3 1157 1177 1250
3 1157 1250 1242
3 1245 1242 1251
3 1242 1250 1251
3 1250 1177 1251
3 1177 1181 1251
3 1181 1182 1251
3 1251 1182 1252
3 1245 1251 1246
3 1251 1252 1246
3 1249 1246 1253
3 1246 1252 1253
3 1252 1182 1253
3 1182 1188 1253
3 1188 1160 1253
3 1160 1249 1253
3 1211 1212 1254
3 1211 1254 1210
3 1210 1254 1255
3 1210 1255 1214
3 1256 1258 1257
3 1256 1259 1258
3 1256 1260 1259
3 1225 1226 1256
3 1226 1260 1256
3 1256 1212 1225
3 1212 1256 1254
3 1254 1256 1257
3 1255 1254 1261
3 1254 1262 1261
3 1262 1254 1257
3 1263 1228 1214
3 1214 1255 1263
3 1255 1261 1263
3 1263 1261 1264
3 1263 1264 1228
3 1264 1265 1228
3 1228 1265 1231
3 1260 1266 1259
3 1226 1232 1267
3 1226 1267 1260
3 1267 1266 1260
3 1268 1266 1267
3 1267 1232 1268
3 1232 1269 1268
3 1232 1234 1269
3 1234 1270 1269
3 1270 1234 1235
3 1265 1264 1271
3 1271 1264 1272
3 1273 1271 1272
3 1235 1271 1270
3 1271 1273 1270
3 1235 1237 1271
3 1237 1231 1271
3 1231 1265 1271
3 1269 1274 1268
3 1269 1270 1274
3 1270 1273 1275
3 1270 1275 1274
3 1258 1259 1276
3 1258 1276 1257
3 1257 1276 1277
3 1257 1277 1262
3 1277 1278 1262
3 1262 1278 1261
3 1261 1278 1279
3 1261 1279 1264
3 1259 1266 1280
3 1259 1280 1276
3 1277 1276 1281
3 1276 1280 1281
3 1280 1266 1281
3 1266 1268 1281
3 1281 1268 1282
3 1283 1281 1282
3 1277 1281 1278
3 1281 1283 1278
3 1279 1278 1284
3 1278 1283 1284
3 1283 1282 1284
3 1284 1282 1285
3 1272 1284 1273
3 1284 1285 1273
3 1272 1264 1284
3 1264 1279 1284
3 1268 1274 1286
3 1268 1286 1282
3 1285 1282 1287
3 1282 1286 1287
3 1286 1274 1287
3 1274 1275 1287
3 1275 1273 1287
3 1273 1285 1287
3 18 1288 23
3 23 1288 3
3 3 1288 14
3 14 1288 18
3 950 952 1289
3 952 953 1289
3 953 951 1289
3 951 950 1289
3 63 205 1290
3 205 208 1290
3 208 206 1290
3 206 63 1290
3 1032 1291 1043
3 1043 1291 1029
3 1029 1291 1042
3 1042 1291 1032
3 459 461 1292
3 461 598 1292
3 598 458 1292
3 458 459 1292
3 887 993 1293
3 993 868 1293
3 868 864 1293
3 864 887 1293
3 415 555 1294
3 555 559 1294
3 559 394 1294
3 394 415 1294
3 887 1295 892
3 892 1295 868
3 868 1295 997
3 997 1295 887
3 803 1296 807
3 807 1296 805
3 805 1296 806
3 806 1296 803
3 794 1297 798
3 798 1297 796
3 796 1297 797
3 797 1297 794
