# OBJ generated by sdfpack rechts v3
v -1.4410630 -0.9367152 -0.4323674
v -1.3869565 -1.0367188 -0.3782609
v -1.3869565 -0.9716219 -0.4672741
v -1.3869565 -0.8826087 -0.5176226
v -1.4503599 -0.8826087 -0.4416643
v -1.4689167 -0.8826087 -0.3782609
v -1.4520845 -0.9477367 -0.3782609
v -1.3869565 -0.8826087 -0.2416930
v -1.3869565 -0.7544229 -0.3782609
v -1.3869565 -0.7964332 -0.2920854
v -1.2649146 -1.0127407 -0.5083929
v -1.1347826 -1.0825841 -0.3782609
v -1.1347826 -1.0159709 -0.5116231
v -1.1347826 -0.8826087 -0.5659949
v -1.3131022 -0.8826087 -0.5565805
v -1.3250210 -1.0728471 -0.3782609
v -1.1347826 -0.8826087 -0.1279931
v -1.1384814 -0.8826087 -0.1297858
v -1.2480452 -0.7436974 -0.4915235
v -1.1347826 -0.7554932 -0.5033193
v -1.1347826 -0.6304348 -0.4539370
v -1.1947724 -0.6304348 -0.4382507
v -1.2370646 -0.6304348 -0.3782609
v -1.3131022 -0.8826087 -0.5565805
v -1.1614629 -0.6571151 -0.1527673
v -1.1347826 -0.6448293 -0.1404814
v -1.1347826 -0.6304348 -0.1644210
v -1.1347826 -0.5582663 -0.3782609
v -1.1347826 -0.5309715 -0.2787976
v -1.1609709 0.0998988 -0.1522753
v -1.1347826 -0.0130293 -0.1260870
v -1.1347826 0.0496134 -0.2025606
v -1.1347826 0.1260872 -0.2737741
v -1.1645969 0.1260872 -0.1559013
v -1.1705077 0.1260872 -0.1260870
v -1.1648440 0.0960256 -0.1260870
v -1.1648283 0.0960415 0.0960415
v -1.1347826 -0.0129461 0.1260872
v -1.1347826 -0.0129920 -0.0129920
v -1.1704893 0.1260872 0.0903804
v -1.1704893 0.1260872 0.1260872
v -1.1648281 0.0960416 0.1260872
v -1.1347826 0.1260872 0.2737377
v -1.1347826 0.2145667 -0.1260870
v -1.1347826 0.2145323 0.1260872
v -1.1347826 0.2145667 -0.0376074
v -1.1347826 0.1874469 0.1874469
v -0.8853847 -0.8853847 -0.3810369
v -0.8826087 -0.8847159 -0.3782609
v -0.8826087 -0.8840474 -0.3796996
v -0.8826087 -0.8826087 -0.3806739
v -0.8896893 -0.8826087 -0.3853415
v -0.8918383 -0.8918383 -0.3782609
v -0.8826087 -0.8826087 -0.3674256
v -0.9282306 -0.8826087 -0.1717089
v -1.0415523 -0.7893785 -0.5372046
v -0.8826087 -0.7220041 -0.4698302
v -0.8826087 -0.6304348 -0.4816483
v -0.9901049 -0.6304348 -0.4857571
v -0.8826087 -0.8189152 -0.1260870
v -1.1134061 -0.6304348 -0.1260870
v -1.1318779 -0.8797040 -0.1260870
v -1.1243031 -0.8721291 -0.1156074
v -0.8826087 -0.6739334 0.1260872
v -0.8826087 -0.7421446 0.0143772
v -1.0701504 -0.6304348 -0.0614547
v -0.9159297 -0.6304348 0.1260872
v -0.9090260 -0.6568521 0.1260872
v -0.8826087 -0.6304348 0.2506136
v -0.9863917 -0.4820439 -0.4820439
v -0.8826087 -0.4779791 -0.4779791
v -0.8826087 -0.3782609 -0.5683103
v -0.9519041 -0.3782609 -0.4475562
v -0.9823172 -0.3782609 -0.3782609
v -1.0161848 -0.3782609 -0.2596631
v -1.0456663 -0.3782609 -0.1260870
v -1.1196560 -0.6153082 -0.1260870
v -1.1196482 -0.6153005 -0.1109527
v -1.0456351 -0.3782609 -0.0369394
v -1.0455930 -0.3782609 0.1260872
v -0.9963638 -0.4920160 0.1260872
v -0.9640450 -0.4596972 0.2968248
v -0.8826087 -0.5682638 0.3782611
v -1.0124028 -0.3782609 0.2484670
v -0.9822024 -0.3782609 0.3782611
v -0.9518332 -0.4474854 0.3782611
v -0.8826087 -0.3782609 0.5682640
v -0.9005246 -0.1440029 -0.6483507
v -0.8826087 -0.2505907 -0.6304348
v -0.8826087 -0.1593803 -0.6637281
v -0.8826087 -0.1260870 -0.6740983
v -0.9032879 -0.1260870 -0.6511140
v -0.9168996 -0.1260870 -0.6304348
v -0.9097860 -0.1532643 -0.6304348
v -0.9821905 -0.2256688 -0.4778427
v -0.8826087 -0.3380340 -0.5902079
v -0.9984948 -0.1260870 -0.4941470
v -1.0469468 -0.1260870 -0.3782609
v -1.0161871 -0.2596654 -0.3782609
v -1.0389525 -0.2824308 -0.2824308
v -1.0668120 -0.1260870 -0.3102904
v -1.1056683 -0.1260870 -0.1260870
v -1.0657012 -0.3091796 -0.1260870
v -1.0475543 -0.2910326 -0.0388586
v -1.0957841 -0.1260870 -0.0870884
v -1.0957599 -0.1260870 0.1260872
v -1.0475127 -0.2909909 0.1260872
v -1.0455755 -0.2890538 0.2152942
v -1.0946329 -0.1260870 0.1662368
v -1.0468963 -0.1260870 0.3782611
v -1.0160743 -0.2595526 0.3782611
v -0.9260626 -0.1695409 0.5869810
v -0.8826087 -0.2505633 0.6304350
v -0.9474525 -0.1260870 0.5655912
v -0.9168868 -0.1260870 0.6304350
v -0.9097655 -0.1532438 0.6304350
v -0.8826087 -0.1260870 0.6740829
v -0.9272915 0.0814043 -0.6751176
v -0.8826087 0.0414906 -0.7150313
v -0.8826087 0.1260872 -0.7291957
v -0.9309780 0.1260872 -0.6788041
v -0.9662910 0.1260872 -0.6304348
v -0.9519690 0.0567268 -0.6304348
v -0.9997955 0.0089002 -0.4954477
v -1.0167470 0.1260872 -0.5123992
v -1.0997744 0.1260872 -0.3782609
v -1.0481309 -0.0394351 -0.3782609
v -1.0668172 -0.0581215 -0.3102955
v -1.1090548 0.1260872 -0.3525332
v -1.1056709 -0.0969754 -0.1260870
v -1.0957888 -0.0870932 -0.0870932
v -1.0957645 -0.0870689 0.1260872
v -1.0953290 -0.0866334 0.1655407
v -1.0997483 0.1260872 0.3782611
v -1.0480816 -0.0393860 0.3782611
v -0.9973336 0.0113621 0.5157100
v -1.0668213 0.1260872 0.4462223
v -0.9662809 0.1260872 0.6304350
v -0.9519599 0.0567359 0.6304350
v -0.8826087 -0.0729570 0.6835648
v -0.8826087 0.1260872 0.7291851
v -0.8826087 0.3129249 -0.6304348
v -0.9815842 0.2792856 -0.4772364
v -0.8826087 0.3782611 -0.5770067
v -0.9595213 0.3782611 -0.4551735
v -0.9949033 0.3782611 -0.3782609
v -1.0790731 0.1817967 -0.3782609
v -1.0991390 0.1617308 -0.3426172
v -1.0289556 0.3782611 -0.2724339
v -1.0588969 0.3782611 -0.1260870
v -1.0588771 0.3782611 -0.0501815
v -1.0588771 0.3782611 0.1260872
v -1.0273780 0.3782611 0.2334918
v -0.9948705 0.3782611 0.3782611
v -1.0790503 0.1818195 0.3782611
v -0.8826087 0.3129161 0.6304350
v -0.8826087 0.3448057 0.5969796
v -0.8826087 0.3782611 0.5769848
v -0.8826087 0.1985933 0.7029412
v -0.8826087 0.5682946 -0.3782609
v -0.9339848 0.5790589 -0.1774631
v -0.8826087 0.6304350 -0.2505559
v -0.9097639 0.6304350 -0.1532422
v -0.9158876 0.6304350 -0.1260870
v -0.9584140 0.5546296 -0.1260870
v -0.9584140 0.5546297 0.0502818
v -0.9158876 0.6304350 0.0928082
v -0.9158876 0.6304350 0.1260872
v -0.9584140 0.5546297 0.1260872
v -0.8826087 0.5682700 0.3782611
v -0.8826087 0.5901898 0.3380159
v -0.8826087 0.6304350 0.2505561
v -0.8826087 0.4778632 0.4778632
v -0.8826087 0.6738845 -0.1260870
v -0.8826087 0.6738845 0.1260872
v -0.8826087 0.6738845 -0.0826374
v -0.8826087 0.6637123 0.1593645
v -0.8694186 -0.8826087 -0.3782609
v -0.6631961 -0.9153700 -0.1588484
v -0.6304348 -0.9159251 -0.1260870
v -0.6304348 -0.9097977 -0.1532759
v -0.6304348 -0.8826087 -0.2507675
v -0.7421618 -0.8826087 -0.1260870
v -0.6576827 -0.9098566 -0.1260870
v -0.6576538 -0.9098277 0.0988681
v -0.6304348 -0.9158860 0.1260872
v -0.6304348 -0.9158909 0.0928049
v -0.7420879 -0.8826087 0.0144340
v -0.6739007 -0.8826087 0.1260872
v -0.6505570 -0.9027309 0.1260872
v -0.6304348 -0.8826087 0.2505562
v -0.6476093 -0.6476093 -0.6476093
v -0.6304348 -0.6738954 -0.6304348
v -0.6304348 -0.6535512 -0.6535512
v -0.6304348 -0.6304348 -0.6738839
v -0.6534938 -0.6304348 -0.6534938
v -0.6739227 -0.6304348 -0.6304348
v -0.6672571 -0.6672571 -0.6304348
v -0.7515873 -0.7515873 -0.4994134
v -0.6304348 -0.8424678 -0.3782609
v -0.6304348 -0.7639992 -0.5118253
v -0.7640470 -0.6304348 -0.5118731
v -0.6304348 -0.8534641 -0.3491163
v -0.8477057 -0.8477057 -0.1260870
v -0.8476958 -0.8476958 -0.0911740
v -0.7867643 -0.7867643 0.1260872
v -0.7639716 -0.7639716 0.2447242
v -0.6304348 -0.8423751 0.3782611
v -0.8826087 -0.6739335 0.1260872
v -0.8423750 -0.6304348 0.3782611
v -0.7441763 -0.7441763 0.3782611
v -0.6637117 -0.6637117 0.5971580
v -0.6304348 -0.6738853 0.6304350
v -0.6304348 -0.7549029 0.5059668
v -0.7549028 -0.6304348 0.5059669
v -0.6738837 -0.6304348 0.6304350
v -0.6534907 -0.6534907 0.6304350
v -0.6304348 -0.6304348 0.6738842
v -0.7192966 -0.4671228 -0.7192966
v -0.6304348 -0.5117884 -0.7639623
v -0.6304348 -0.3782609 -0.8423854
v -0.7441954 -0.3782609 -0.7441954
v -0.8423854 -0.3782609 -0.6304348
v -0.7640301 -0.5118562 -0.6304348
v -0.8033041 -0.5511302 -0.5511302
v -0.8600833 -0.3782609 -0.6079094
v -0.8432292 -0.5910553 0.3782611
v -0.8423712 -0.5901973 0.4184986
v -0.8423712 -0.3782609 0.6304350
v -0.7639357 -0.5117618 0.6304350
v -0.6304348 -0.5059667 0.7549031
v -0.6304348 -0.3782609 0.8423714
v -0.6483429 -0.1439951 -0.9005168
v -0.6304348 -0.2505699 -0.8826087
v -0.6304348 -0.1532461 -0.9097678
v -0.6304348 -0.1260870 -0.9158933
v -0.6507346 -0.1260870 -0.9029085
v -0.6740864 -0.1260870 -0.8826087
v -0.6637185 -0.1593708 -0.8826087
v -0.7675155 -0.2631677 -0.7675155
v -0.6304348 -0.3490608 -0.8534086
v -0.7870780 -0.1260870 -0.7870780
v -0.8534086 -0.3490608 -0.6304348
v -0.8617378 -0.3573900 -0.6095639
v -0.6304348 -0.1832005 0.0689736
v -0.6304348 -0.2143443 0.1260872
v -0.7082680 -0.2039202 0.0482539
v -0.6304348 -0.1260870 0.0202802
v -0.6898454 -0.1260870 0.0666765
v -0.7065075 -0.1260870 0.1260872
v -0.7082971 -0.2039493 0.1260872
v -0.6304348 -0.1555346 0.3488135
v -0.6304348 -0.1504380 0.3782611
v -0.6553608 -0.1510129 0.3533351
v -0.6546190 -0.1260870 0.3540768
v -0.6553676 -0.1260870 0.3782611
v -0.6705179 -0.1661700 0.3782611
v -0.6304348 -0.1260870 0.3992082
v -0.8484187 -0.3440709 0.6304350
v -0.7548904 -0.2505426 0.7581533
v -0.6304348 -0.2505426 0.8826089
v -0.6740708 -0.1260870 0.8826089
v -0.6637061 -0.1593582 0.8826089
v -0.6304348 -0.1260870 0.9158810
v -0.6622188 0.0943031 -0.9143927
v -0.6304348 0.0755727 -0.9331231
v -0.6304348 0.1260872 -0.9360420
v -0.6639353 0.1260872 -0.9161092
v -0.7074582 0.1260872 -0.8826087
v -0.6950974 0.0614245 -0.8826087
v -0.7870832 -0.0305614 -0.7870832
v -0.8010303 0.1260872 -0.8010303
v -0.6898454 0.0666765 0.0666765
v -0.6304348 0.0202802 0.0202802
v -0.6304348 0.1260872 0.0202802
v -0.6898408 0.1260872 0.0666811
v -0.7064999 0.1260872 0.1260872
v -0.7065075 0.0500143 0.1260872
v -0.6546177 0.1019043 0.3540782
v -0.6546145 0.1260872 0.3540813
v -0.6549034 0.1260872 0.3782611
v -0.6553661 0.1011558 0.3782611
v -0.6304348 -0.1051418 0.3992062
v -0.6304348 0.1260872 0.3992050
v -0.7074442 0.1260872 0.8826089
v -0.6950848 0.0614371 0.8826089
v -0.6304348 -0.0907175 0.9179783
v -0.6304348 0.1260872 0.9360312
v -0.6304348 0.2856000 -0.8826087
v -0.7793831 0.2293127 -0.7793831
v -0.6304348 0.3782611 -0.8446794
v -0.7502136 0.3782611 -0.7502136
v -0.8485756 0.3782611 -0.6304348
v -0.8637914 0.3782611 -0.6116175
v -0.6304348 0.2143445 0.1260872
v -0.6304348 0.1504369 0.3782611
v -0.6304348 0.2025646 0.2025646
v -0.6304348 0.1510054 0.4031793
v -0.8485632 0.3782611 0.6304350
v -0.6304348 0.3460758 0.8504236
v -0.6304348 0.2855846 0.8826089
v -0.7020832 0.3066126 0.8109604
v -0.6304348 0.3782611 0.8446661
v -0.6304348 0.1691825 0.9257042
v -0.6665837 0.5942860 -0.6665837
v -0.6304348 0.5015876 -0.7592821
v -0.6304348 0.6304350 -0.6738840
v -0.6534914 0.6304350 -0.6534914
v -0.6738845 0.6304350 -0.6304348
v -0.7672263 0.4936435 -0.6304348
v -0.8485751 0.4122946 -0.5964012
v -0.7639633 0.6304350 -0.5117894
v -0.8423854 0.6304350 -0.3782609
v -0.8534051 0.6304350 -0.3490573
v -0.8423750 0.6304350 0.3782611
v -0.7549028 0.6304350 0.5059669
v -0.6738844 0.6304350 0.6304350
v -0.7672262 0.4936436 0.6304350
v -0.6304348 0.5117638 0.7639377
v -0.6304348 0.6304350 0.6738844
v -0.6304348 0.6738853 -0.6304348
v -0.6304348 0.8423856 -0.3782609
v -0.6304348 0.7549032 -0.5059665
v -0.7549037 0.7581399 -0.2505559
v -0.6304348 0.8826089 -0.2505559
v -0.6637121 0.8826089 -0.1593643
v -0.6738843 0.8826089 -0.1260870
v -0.6738843 0.8826089 0.0826376
v -0.6738843 0.8826089 0.1260872
v -0.6304348 0.8533998 0.3490520
v -0.6304348 0.8423753 0.3782611
v -0.7581397 0.7549039 0.2505561
v -0.6304348 0.8826089 0.2505562
v -0.6304348 0.6738856 0.6304350
v -0.6304348 0.7639461 0.5117722
v -0.6304348 0.6536711 0.6536711
v -0.6304348 0.9158863 -0.1260870
v -0.6304348 0.9158863 0.1260872
v -0.6304348 0.9158863 -0.0928095
v -0.6304348 0.9097629 0.1532412
v -0.4326166 -0.9369644 -0.4326166
v -0.3782609 -0.9827890 -0.3782609
v -0.3782609 -0.9550107 -0.4506629
v -0.3782609 -0.8826087 -0.5867413
v -0.4779315 -0.8826087 -0.4779315
v -0.5684104 -0.8826087 -0.3782609
v -0.4475470 -0.9518948 -0.3782609
v -0.4778401 -0.9821879 -0.2256662
v -0.3782609 -1.0456330 -0.1260870
v -0.3782609 -1.0166870 -0.2601653
v -0.5902849 -0.8826087 -0.3381110
v -0.4920321 -0.9963800 -0.1260870
v -0.4920273 -0.9963751 0.0123206
v -0.3782609 -1.0456285 0.1260872
v -0.3782609 -1.0456285 -0.0369328
v -0.4920169 -0.9963647 0.1260872
v -0.4597177 -0.9640656 0.2968042
v -0.3782609 -0.9827896 0.3782611
v -0.3782609 -1.0124640 0.2484057
v -0.5683092 -0.8826087 0.3782611
v -0.4475344 -0.9518822 0.3782611
v -0.3782609 -0.8826087 0.5904018
v -0.4672816 -0.7194555 -0.7194555
v -0.3782609 -0.8552552 -0.6304348
v -0.3782609 -0.7471901 -0.7471901
v -0.3782609 -0.6304348 -0.8423895
v -0.5117898 -0.6304348 -0.7639637
v -0.5118098 -0.7639837 -0.6304348
v -0.5511012 -0.8032751 -0.5511012
v -0.3782609 -0.8676920 -0.6155181
v -0.6079586 -0.8601325 -0.3782609
v -0.6124672 -0.8646411 -0.3602933
v -0.6079069 -0.8600808 0.3782611
v -0.5902114 -0.8423853 0.4184844
v -0.3782609 -0.8577095 0.6304350
v -0.5117909 -0.7639648 0.6304350
v -0.3782609 -0.6304348 0.8423915
v -0.5059555 -0.6304348 0.7549142
v -0.4321813 -0.4321813 -0.9365291
v -0.3782609 -0.5682932 -0.8826087
v -0.3782609 -0.4475120 -0.9518598
v -0.3782609 -0.3782609 -0.9822338
v -0.4475118 -0.3782609 -0.9518596
v -0.5682884 -0.3782609 -0.8826087
v -0.4778860 -0.4778860 -0.8826087
v -0.5510839 -0.5510839 -0.8032578
v -0.3782609 -0.6079161 -0.8600900
v -0.6079141 -0.3782609 -0.8600880
v -0.3782609 -0.5682939 0.8826089
v -0.5682856 -0.3782609 0.8826089
v -0.4778826 -0.4778826 0.8826089
v -0.3782609 -0.3782609 0.9822304
v -0.4778250 -0.2256512 -0.9821728
v -0.3782609 -0.2596156 -1.0161372
v -0.3782609 -0.1260870 -1.0456345
v -0.4920245 -0.1260870 -0.9963722
v -0.5902121 -0.3380382 -0.8826087
v -0.6124329 -0.3602590 -0.8646068
v -0.3782609 -0.2271905 0.0249835
v -0.3782609 -0.2768323 0.1260872
v -0.4721366 -0.2199627 0.0322113
v -0.3782609 -0.1260870 -0.0519553
v -0.5280967 -0.1260870 -0.0237488
v -0.5098077 -0.2576338 0.1260872
v -0.3782609 -0.2349422 0.2694059
v -0.3782609 -0.2168995 0.3782611
v -0.4685058 -0.2163319 0.2880161
v -0.4565874 -0.2044135 0.3782611
v -0.3782609 -0.1260870 0.4569697
v -0.6059278 -0.1260870 0.4027681
v -0.5901957 -0.3380217 0.8826089
v -0.3782609 -0.2484363 1.0124334
v -0.3782609 -0.1260870 1.0456067
v -0.5667070 -0.1260870 0.9463367
v -0.4945069 0.0098410 -0.9988547
v -0.3782609 -0.0392125 -1.0479082
v -0.3782609 0.1260872 -1.0509965
v -0.4989508 0.1260872 -1.0032986
v -0.5280967 -0.0237488 -0.0237488
v -0.3782609 -0.0519553 -0.0519553
v -0.3782609 0.1260872 -0.0519553
v -0.5280967 0.1260872 -0.0237488
v -0.6059281 -0.1015802 0.4027678
v -0.3782609 -0.0473790 0.4569690
v -0.3782609 0.1260872 0.4569690
v -0.6059295 0.1260872 0.4027664
v -0.5640666 -0.0597187 0.9489771
v -0.3782609 0.0400386 1.0487343
v -0.3782609 0.1260872 1.0509706
v -0.5370098 0.1260872 0.9760338
v -0.4636460 0.2928760 -0.9679938
v -0.3782609 0.2449883 -1.0158814
v -0.3782609 0.3782611 -0.9828135
v -0.4493504 0.3782611 -0.9536982
v -0.5714859 0.3782611 -0.8826087
v -0.6092988 0.3782611 -0.8614727
v -0.3782609 0.2768325 0.1260872
v -0.5237069 0.2328150 0.1260872
v -0.5416155 0.2149064 0.2149064
v -0.3782609 0.2168997 0.3782611
v -0.3782609 0.2582493 0.2582493
v -0.6007335 0.1557885 0.3782611
v -0.6161898 0.1403321 0.3925060
v -0.3782609 0.1769057 0.4290797
v -0.5714832 0.3782611 0.8826089
v -0.5655833 0.1909387 0.9474604
v -0.3782609 0.2626761 1.0191978
v -0.3782609 0.3782611 0.9828101
v -0.3782609 0.5682951 -0.8826087
v -0.5925057 0.4161901 -0.8446796
v -0.3782609 0.6304350 -0.8423896
v -0.5117901 0.6304350 -0.7639640
v -0.3782609 0.6067528 0.8589267
v -0.3782609 0.5682958 0.8826089
v -0.4184918 0.5902040 0.8423779
v -0.3782609 0.6304350 0.8423915
v -0.5059555 0.6304350 0.7549142
v -0.3782609 0.4475114 0.9518592
v -0.3782609 0.8552555 -0.6304348
v -0.4783213 0.7825485 -0.6304348
v -0.3782609 0.8826089 -0.5867413
v -0.3782609 0.8552555 -0.6304348
v -0.4779143 0.8826089 -0.4779143
v -0.5683089 0.8826089 -0.3782609
v -0.5902116 0.8826089 -0.3380377
v -0.5683092 0.8826089 0.3782611
v -0.3782609 0.8690935 0.6169196
v -0.3782609 0.8577097 0.6304350
v -0.4031668 0.8577030 0.6055291
v -0.3782609 0.8826089 0.5904018
v -0.4720639 0.7888058 0.6304350
v -0.5946069 0.6662629 0.6662629
v -0.3782609 0.7495583 0.7495583
v -0.3782609 0.9827892 -0.3782609
v -0.3782609 1.0456332 -0.1260870
v -0.3782609 1.0124638 -0.2484059
v -0.5666975 0.9463461 -0.1260870
v -0.3782609 1.0456332 0.0369375
v -0.3782609 1.0456288 0.1260872
v -0.5666975 0.9463461 -0.0623497
v -0.5666975 0.9463461 0.1260872
v -0.3782609 1.0166826 0.2601609
v -0.3782609 0.9827898 0.3782611
v -0.5866689 0.9263747 0.1698530
v -0.3782609 0.9552732 0.4509254
v -0.1557054 -0.9122271 -0.6600532
v -0.1260870 -0.9359878 -0.6304348
v -0.1260870 -0.9156417 -0.6634678
v -0.1260870 -0.8826087 -0.6976581
v -0.1785262 -0.8826087 -0.6828740
v -0.3062691 -0.8826087 -0.6304348
v -0.1700688 -0.9265905 -0.6304348
v -0.2300794 -0.9866011 -0.4822533
v -0.1260870 -1.0467541 -0.3782609
v -0.1260870 -1.0014982 -0.4971505
v -0.3511871 -0.8826087 -0.6033610
v -0.2608896 -1.0174112 -0.3782609
v -0.2829361 -1.0394578 -0.2829361
v -0.1260870 -1.1055858 -0.1260870
v -0.1260870 -1.0660974 -0.3095756
v -0.3091766 -1.0656983 -0.1260870
v -0.3091726 -1.0656942 -0.0569986
v -0.1260870 -1.1055837 0.1260872
v -0.1260870 -1.1055837 -0.0968881
v -0.3091726 -1.0656943 0.1260872
v -0.2897757 -1.0462974 0.2145723
v -0.1260870 -1.0467550 0.3782611
v -0.1260870 -1.0949495 0.1659203
v -0.2608904 -1.0174121 0.3782611
v -0.1954889 -0.9520106 0.5610330
v -0.1260870 -0.9403456 0.6304350
v -0.1260870 -0.9787825 0.5342611
v -0.3160395 -0.8826087 0.6304350
v -0.1737739 -0.9302956 0.6304350
v -0.1260870 -0.8826087 0.7054447
v -0.1441126 -0.6484604 -0.9006343
v -0.1260870 -0.6760430 -0.8826087
v -0.1260870 -0.6506282 -0.9028021
v -0.1260870 -0.6304348 -0.9158887
v -0.1532430 -0.6304348 -0.9097647
v -0.2505679 -0.6304348 -0.8826087
v -0.1607732 -0.6651210 -0.8826087
v -0.2661843 -0.7705321 -0.7705321
v -0.1260870 -0.7902548 -0.7902548
v -0.3490761 -0.6304348 -0.8534239
v -0.3587372 -0.8630850 -0.6304348
v -0.3664177 -0.8707655 -0.6185916
v -0.3606929 -0.8650407 0.6304350
v -0.2844703 -0.7888181 0.7242255
v -0.1260870 -0.6782869 0.8826089
v -0.2505796 -0.6304348 0.8826089
v -0.1619214 -0.6662692 0.8826089
v -0.1260870 -0.6304348 0.9158923
v -0.2256506 -0.4778244 -0.9821723
v -0.1260870 -0.4920219 -0.9963697
v -0.1260870 -0.3782609 -1.0456327
v -0.2596147 -0.3782609 -1.0161364
v -0.3380411 -0.5902150 -0.8826087
v -0.3602632 -0.6124371 -0.8646110
v -0.3380425 -0.5902164 0.8826089
v -0.1260870 -0.5666883 0.9463553
v -0.1260870 -0.3782609 1.0456309
v -0.2484374 -0.3782609 1.0124323
v -0.2824156 -0.2824156 -1.0389373
v -0.1260870 -0.3091762 -1.0656979
v -0.1260870 -0.1260870 -1.1055855
v -0.3091771 -0.1260870 -1.0656989
v -0.1987948 -0.1260870 0.1260872
v -0.2265931 -0.1260870 0.2777549
v -0.2684621 -0.1260870 0.3782611
v -0.3236640 -0.1260870 0.4328579
v -0.1882349 -0.1882349 1.0726348
v -0.1260870 -0.1663104 1.0945593
v -0.1260870 -0.1260870 1.1055773
v -0.1663252 -0.1260870 1.0945445
v -0.3091975 -0.0570235 -1.0657191
v -0.1260870 -0.0969003 -1.1055959
v -0.1260870 0.1260872 -1.1057525
v -0.3119068 0.1260872 -1.0684285
v -0.3782609 -0.0392125 -1.0479082
v -0.1987948 0.1260872 0.1260872
v -0.1987948 0.0533793 0.1260872
v -0.2265931 0.0255809 0.2777549
v -0.2265931 0.1260872 0.2777549
v -0.2684621 0.1260872 0.3782611
v -0.2684621 -0.0162881 0.3782611
v -0.3236640 -0.0714901 0.4328579
v -0.3236640 0.1260872 0.4328579
v -0.1661200 0.0860541 1.0947497
v -0.1260870 0.0970384 1.1057340
v -0.1260870 0.1260872 1.1057445
v -0.1648009 0.1260872 1.0960689
v -0.2922392 0.2121089 -1.0487609
v -0.1260870 0.1661043 -1.0947654
v -0.1260870 0.3782611 -1.0456331
v -0.2602161 0.3782611 -1.0167377
v -0.2768383 0.2275097 0.1260872
v -0.2838962 0.2204518 0.2204518
v -0.3192363 0.1851118 0.3782611
v -0.3370287 0.1673193 0.4194932
v -0.2129886 0.2913595 1.0478811
v -0.1260870 0.3091809 1.0657027
v -0.1260870 0.3782611 1.0456313
v -0.2484348 0.3782611 1.0124350
v -0.1698851 0.5866368 -0.9264068
v -0.1260870 0.5666935 -0.9463502
v -0.1260870 0.6304350 -0.9158887
v -0.1532430 0.6304350 -0.9097648
v -0.2505679 0.6304350 -0.8826087
v -0.3490761 0.6304350 -0.8534239
v -0.2505796 0.6304350 0.8826089
v -0.2968292 0.4596927 0.9640405
v -0.1260870 0.4920204 0.9963682
v -0.1260870 0.6304350 0.9158923
v -0.1260870 0.6760432 -0.8826087
v -0.2814488 0.7272471 -0.7857966
v -0.1260870 0.8826089 -0.6976581
v -0.1785262 0.8826089 -0.6828740
v -0.3062691 0.8826089 -0.6304348
v -0.3511871 0.8826089 -0.6033610
v -0.3160395 0.8826089 0.6304350
v -0.1260870 0.7941907 0.7941907
v -0.1260870 0.6782871 0.8826089
v -0.2373773 0.7713186 0.7713186
v -0.1260870 0.8826089 0.7054447
v -0.1260870 0.6508560 0.9030299
v -0.1260870 0.9359880 -0.6304348
v -0.1260870 1.0467544 -0.3782609
v -0.1260870 0.9732691 -0.5397745
v -0.2479039 1.0129659 -0.3782609
v -0.1260870 1.0949494 -0.1659204
v -0.1260870 1.1055861 -0.1260870
v -0.1882112 1.0726585 -0.1882112
v -0.1663089 1.0945609 -0.1260870
v -0.1260870 1.1055861 0.0968904
v -0.1260870 1.1055839 0.1260872
v -0.1663089 1.0945609 0.0858652
v -0.1663115 1.0945582 0.1260872
v -0.1260870 1.0660938 0.3095721
v -0.1260870 1.0467552 0.3782611
v -0.2147819 1.0460879 0.2895662
v -0.2479031 1.0129666 0.3782611
v -0.1260870 1.0019312 0.4975834
v -0.1260870 0.9403459 0.6304350
v -0.2924905 0.9683792 0.4640314
v -0.1260870 0.9191210 0.6669471
v 0.0930490 -0.9156468 -0.6634729
v 0.1260872 -0.9359961 -0.6304348
v 0.1260872 -0.9156471 -0.6634732
v 0.1260872 -0.8826087 -0.6976680
v 0.0588550 -0.8826087 -0.6976668
v 0.0727006 -0.9359952 -0.6304348
v 0.0071954 -1.0015002 -0.4971525
v 0.1260872 -1.0467570 -0.3782609
v 0.1260872 -1.0015016 -0.4971538
v -0.0380603 -1.0467560 -0.3782609
v -0.0574018 -1.0660975 -0.3095758
v 0.1260872 -1.1055861 -0.1260870
v 0.1260872 -1.0660983 -0.3095766
v -0.0968902 -1.1055858 -0.1260870
v -0.0968902 -1.1055858 -0.0968902
v 0.1260872 -1.1055861 0.1260872
v 0.1260872 -1.1055861 -0.0968904
v -0.0968902 -1.1055858 0.1260872
v -0.0862549 -1.0949506 0.1659192
v 0.1260872 -1.0467578 0.3782611
v 0.1260872 -1.0949508 0.1659189
v -0.0380611 -1.0467567 0.3782611
v 0.0299019 -0.9787939 0.5342498
v 0.1260872 -0.9403551 0.6304350
v 0.1260872 -0.9787949 0.5342488
v 0.0683417 -0.9403541 0.6304350
v 0.1260872 -0.8826087 0.7054566
v -0.0510752 -0.8826087 0.7054466
v 0.1058937 -0.6506282 -0.9028021
v 0.1260872 -0.6760439 -0.8826087
v 0.1260872 -0.6506283 -0.9028022
v 0.1260872 -0.6304348 -0.9158887
v 0.0928071 -0.6304348 -0.9158887
v 0.0804789 -0.6760430 -0.8826087
v -0.0337339 -0.7902557 -0.7902557
v 0.1260872 -0.7902572 -0.7902572
v 0.1260872 -0.6782891 0.8826089
v 0.0782342 -0.6782877 0.8826089
v 0.1260872 -0.6304348 0.9158930
v -0.0928035 -0.6304348 0.9158923
v 0.0123260 -0.4920219 -0.9963697
v 0.1260872 -0.4920219 -0.9963697
v 0.1260872 -0.3782609 -1.0456327
v -0.0369370 -0.3782609 -1.0456327
v -0.0623404 -0.5666883 0.9463553
v 0.1260872 -0.5666873 0.9463564
v 0.1260872 -0.3782609 1.0456330
v 0.0369353 -0.3782609 1.0456309
v -0.0570022 -0.3091762 -1.0656979
v 0.1260872 -0.3091762 -1.0656979
v 0.1260872 -0.1260870 -1.1055853
v -0.0968898 -0.1260870 -1.1055855
v 0.0858636 -0.1663105 1.0945593
v 0.1260872 -0.1663093 1.0945604
v 0.1260872 -0.1260870 1.1055843
v 0.0968817 -0.1260870 1.1055773
v -0.0968898 -0.0968898 -1.1055855
v 0.1260872 -0.0968898 -1.1055855
v 0.1260872 0.1260872 -1.1055855
v -0.0970464 0.1260872 -1.1057421
v 0.0968817 0.0968817 1.1055773
v 0.1260872 0.0968887 1.1055844
v 0.1260872 0.1260872 1.1055843
v 0.0968922 0.1260872 1.1055878
v -0.0860698 0.1661043 -1.0947654
v 0.1260872 0.1663095 -1.0945603
v 0.1260872 0.3782611 -1.0456327
v -0.0369374 0.3782611 -1.0456331
v 0.0570066 0.3091806 1.0657023
v 0.1260872 0.3091738 1.0656955
v 0.1260872 0.3782611 1.0456330
v 0.0369353 0.3782611 1.0456309
v 0.0623456 0.5666934 -0.9463502
v 0.1260872 0.5666938 -0.9463499
v 0.1260872 0.6304350 -0.9158887
v 0.0928071 0.6304350 -0.9158887
v -0.0123275 0.4920204 0.9963682
v 0.1260872 0.4920226 0.9963704
v 0.1260872 0.6304350 0.9158930
v -0.0928035 0.6304350 0.9158923
v 0.1260872 0.6760441 -0.8826087
v -0.0804778 0.6760441 -0.8826087
v 0.1260872 0.8826089 -0.6976680
v 0.0588550 0.8826089 -0.6976668
v 0.1260872 0.7941956 0.7941956
v 0.1260872 0.6782894 0.8826089
v 0.0376710 0.7941928 0.7941928
v 0.1260872 0.8826089 0.7054567
v -0.0510752 0.8826089 0.7054466
v -0.0782334 0.6782885 0.8826089
v -0.1056658 0.6508561 0.9030300
v 0.1260872 0.6508565 0.9030304
v 0.1260872 0.9359963 -0.6304348
v -0.0727069 0.9359888 -0.6304348
v 0.1260872 0.9732804 -0.5397633
v 0.1260872 1.0467572 -0.3782609
v -0.0354257 0.9732701 -0.5397736
v 0.0380597 1.0467553 -0.3782609
v 0.1260872 1.0949507 -0.1659190
v 0.1260872 1.1055863 -0.1260870
v 0.0862540 1.0949496 -0.1659201
v 0.0968906 1.1055862 -0.1260870
v 0.1260872 1.1055863 0.0968906
v 0.1260872 1.1055863 0.1260872
v 0.0968906 1.1055862 0.0968906
v 0.0968885 1.1055841 0.1260872
v 0.1260872 1.0660988 0.3095771
v 0.1260872 1.0467581 0.3782611
v 0.0573990 1.0660946 0.3095730
v 0.0380605 1.0467561 0.3782611
v 0.1260872 1.0019345 0.4975867
v 0.1260872 0.9403553 0.6304350
v -0.0067632 1.0019325 0.4975847
v -0.0683490 0.9403468 0.6304350
v -0.0895745 0.9191213 0.6669474
v 0.1260872 0.9191273 0.6669534
v 0.3734090 -0.8874608 -0.6352869
v 0.3782611 -0.8896837 -0.6304348
v 0.3782611 -0.8870164 -0.6348425
v 0.3782611 -0.8826087 -0.6392058
v 0.3668707 -0.8826087 -0.6418251
v 0.3697459 -0.8911238 -0.6304348
v 0.2867173 -0.9741524 -0.4698046
v 0.3782611 -0.9912792 -0.3782609
v 0.3782611 -0.9633213 -0.4589735
v 0.2411639 -1.0197059 -0.3782609
v 0.2141121 -1.0467577 -0.2902360
v 0.3782611 -1.0467581 -0.1260870
v 0.3782611 -1.0193889 -0.2628673
v 0.1659188 -1.0949509 -0.1260870
v 0.1659188 -1.0949509 -0.0862553
v 0.3782611 -1.0467581 0.1260872
v 0.3782611 -1.0467581 -0.0380623
v 0.1659188 -1.0949509 0.1260872
v 0.1833233 -1.0775464 0.1833233
v 0.3782611 -0.9912808 0.3782611
v 0.3782611 -1.0197076 0.2411622
v 0.2411623 -1.0197074 0.3782611
v 0.3456881 -0.9151816 0.5978620
v 0.3782611 -0.8966737 0.6304350
v 0.3782611 -0.9043358 0.6087078
v 0.3614460 -0.8994237 0.6304350
v 0.3782611 -0.8826087 0.6486877
v 0.1878523 -0.8826087 0.6922001
v 0.2506541 -0.6304348 -0.8826087
v 0.2389786 -0.7697172 -0.7697172
v 0.3782611 -0.7526103 -0.7526103
v 0.3782611 -0.6304348 -0.8435402
v 0.2906870 -0.7180088 0.7950348
v 0.3782611 -0.8040937 0.7089499
v 0.3782611 -0.6304348 0.8468400
v 0.3509122 -0.6304348 0.8552600
v 0.2546163 -0.6304348 0.8826089
v 0.1532471 -0.6304348 0.9097688
v 0.2968285 -0.4596934 -0.9640412
v 0.3782611 -0.5683570 -0.8826087
v 0.3782611 -0.4475124 -0.9518602
v 0.3782611 -0.3782609 -0.9822338
v 0.2484339 -0.3782609 -1.0124359
v 0.3782611 -0.6079460 -0.8601199
v 0.3782611 -0.5712459 0.8826089
v 0.1695447 -0.5869772 0.9260664
v 0.3782611 -0.3782609 0.9822348
v 0.2596149 -0.3782609 1.0161366
v 0.2152370 -0.2891110 -1.0456327
v 0.3782611 -0.2596147 -1.0161364
v 0.3782611 -0.1260870 -1.0456327
v 0.1663095 -0.1260870 -1.0945601
v 0.2891113 -0.2152368 1.0456330
v 0.3782611 -0.2484328 1.0124370
v 0.3782611 -0.1260870 1.0456330
v 0.3091738 -0.1260870 1.0656955
v 0.3091738 -0.1260870 1.0656954
v 0.1663095 -0.0858646 -1.0945601
v 0.3782611 -0.0369370 -1.0456327
v 0.3782611 0.1260872 -1.0456327
v 0.1663095 0.1260872 -1.0945603
v 0.3091738 0.0569998 1.0656954
v 0.3782611 0.0369373 1.0456330
v 0.3782611 0.1260872 1.0456330
v 0.3091738 0.1260872 1.0656955
v 0.3091738 0.1260872 1.0656954
v 0.1882323 0.1882323 -1.0726374
v 0.3782611 0.2484339 -1.0124359
v 0.3782611 0.3782611 -0.9822338
v 0.2484339 0.3782611 -1.0124359
v 0.2824127 0.2824127 1.0389344
v 0.3782611 0.2596149 1.0161366
v 0.3782611 0.3782611 0.9822348
v 0.2596149 0.3782611 1.0161366
v 0.3782611 0.5683572 -0.8826087
v 0.2506541 0.6304350 -0.8826087
v 0.3380874 0.5902613 -0.8826087
v 0.3782611 0.6304350 -0.8435401
v 0.3782611 0.6091986 0.8613725
v 0.3782611 0.5712461 0.8826089
v 0.3613041 0.6134780 0.8656519
v 0.3782611 0.6304350 0.8468399
v 0.3509122 0.6304350 0.8552600
v 0.2546163 0.6304350 0.8826089
v 0.3401608 0.5923347 0.8826089
v 0.2256524 0.4778263 0.9821741
v 0.3782611 0.4475142 0.9518620
v 0.1532471 0.6304350 0.9097688
v 0.1623944 0.6667421 -0.8826087
v 0.3782611 0.8389908 -0.6740528
v 0.3782611 0.8826089 -0.6392058
v 0.3668707 0.8826089 -0.6418251
v 0.2740035 0.7783513 0.7783513
v 0.3782611 0.7592453 0.7592453
v 0.3782611 0.8826089 0.6486877
v 0.1878523 0.8826089 0.6922001
v 0.1644461 0.6687939 0.8826089
v 0.1445770 0.6489248 0.9010987
v 0.3782611 0.8896839 -0.6304348
v 0.1718713 0.9283930 -0.6304348
v 0.3782611 0.8937993 -0.6192443
v 0.3782611 0.9912795 -0.3782609
v 0.1924103 0.9489321 -0.5641116
v 0.2628667 1.0193884 -0.3782609
v 0.3782611 1.0197065 -0.2411633
v 0.3782611 1.0467583 -0.1260870
v 0.2902358 1.0467575 -0.2141122
v 0.3095772 1.0660988 -0.1260870
v 0.3782611 1.0467583 0.0380626
v 0.3782611 1.0467583 0.1260872
v 0.3095772 1.0660988 0.0574032
v 0.3095772 1.0660988 0.1260872
v 0.3782611 1.0193894 0.2628677
v 0.3782611 0.9912810 0.3782611
v 0.2847978 1.0413196 0.2847978
v 0.2628676 1.0193893 0.3782611
v 0.3782611 0.9637542 0.4594063
v 0.3782611 0.8966739 0.6304350
v 0.2335527 0.9900744 0.4857266
v 0.1758035 0.9323252 0.6304350
v 0.1597594 0.9162811 0.6641072
v 0.3782611 0.8916227 0.6394488
v 0.4032875 -0.8826087 -0.6304348
v 0.6146536 -0.8983900 -0.3940422
v 0.6304350 -0.8985353 -0.3782609
v 0.6304350 -0.8951080 -0.3907603
v 0.6304350 -0.8826087 -0.4294688
v 0.6059792 -0.9070644 -0.3782609
v 0.5581581 -0.9548855 -0.1983638
v 0.6304350 -0.9415414 -0.1260870
v 0.6304350 -0.9333981 -0.1768764
v 0.5327723 -0.9802713 -0.1260870
v 0.5327723 -0.9802713 0.0284244
v 0.6304350 -0.9415414 0.1260872
v 0.6304350 -0.9415414 0.0671544
v 0.5327723 -0.9802713 0.1260872
v 0.5939796 -0.9190640 0.3418057
v 0.6304350 -0.8985386 0.3782611
v 0.6304350 -0.9016203 0.3592494
v 0.6059741 -0.9070695 0.3782611
v 0.6304350 -0.8826087 0.4375023
v 0.5507514 -0.8826087 0.5507514
v 0.4317955 -0.8826087 0.6304350
v 0.3918412 -0.8826087 0.6440151
v 0.5621320 -0.6987377 -0.6987377
v 0.6304350 -0.7645376 -0.6304348
v 0.6304350 -0.6838137 -0.6838137
v 0.6304350 -0.6304348 -0.7143334
v 0.4581642 -0.6304348 -0.8027055
v 0.6304350 -0.8335308 -0.5813569
v 0.4032875 -0.8826087 -0.6304348
v 0.6304350 -0.7890261 0.6304350
v 0.4023656 -0.8585042 0.6545395
v 0.6304350 -0.6304348 0.7311150
v 0.5259842 -0.6304348 0.7781581
v 0.5683595 -0.3782609 -0.8826087
v 0.4173275 -0.5913684 -0.8435423
v 0.6304350 -0.5189267 -0.7711006
v 0.6304350 -0.3782609 -0.8435439
v 0.5946683 -0.4140276 0.8468422
v 0.6304350 -0.4438768 0.8169929
v 0.6304350 -0.3782609 0.8468457
v 0.6092001 -0.3782609 0.8613740
v 0.5712494 -0.3782609 0.8826089
v 0.4475144 -0.3782609 0.9518622
v 0.5869811 -0.1695409 -0.9260626
v 0.6304350 -0.2506589 -0.8826087
v 0.6304350 -0.1532440 -0.9097657
v 0.6304350 -0.1260870 -0.9158897
v 0.5666922 -0.1260870 -0.9463515
v 0.6304350 -0.3491137 -0.8534615
v 0.6304350 -0.2546239 0.8826089
v 0.4596949 -0.2968270 0.9640427
v 0.6304350 -0.1260870 0.9158945
v 0.4920228 -0.1260870 0.9963706
v 0.5666922 0.0623443 -0.9463515
v 0.6304350 0.0928061 -0.9158897
v 0.6304350 0.1260872 -0.9158897
v 0.5666922 0.1260872 -0.9463515
v 0.4920228 -0.0123252 0.9963706
v 0.6304350 -0.0928013 0.9158945
v 0.6304350 0.1260872 0.9158945
v 0.4920228 0.1260872 0.9963706
v 0.6304350 0.2506592 -0.8826087
v 0.5683595 0.3782611 -0.8826087
v 0.5902629 0.3380890 -0.8826087
v 0.6304350 0.3782611 -0.8435439
v 0.6304350 0.3509154 0.8552632
v 0.6304350 0.2546241 0.8826089
v 0.6134814 0.3613075 0.8656553
v 0.6304350 0.3782611 0.8468457
v 0.6092001 0.3782611 0.8613740
v 0.5712494 0.3782611 0.8826089
v 0.5923371 0.3401632 0.8826089
v 0.4778264 0.2256525 0.9821743
v 0.6304350 0.1532484 0.9097701
v 0.4475144 0.3782611 0.9518622
v 0.4828050 0.4828050 -0.8826087
v 0.6304350 0.4581616 -0.8027081
v 0.6304350 0.6304350 -0.7143334
v 0.4581642 0.6304350 -0.8027055
v 0.5592414 0.5592414 0.8114153
v 0.6304350 0.5259912 0.7781651
v 0.6304350 0.6304350 0.7311150
v 0.5259842 0.6304350 0.7781581
v 0.4873318 0.4873318 0.8826089
v 0.4330516 0.4330516 0.9373994
v 0.6304350 0.7645379 -0.6304348
v 0.4032875 0.8826089 -0.6304348
v 0.5653330 0.8175069 -0.6304348
v 0.6304350 0.8826089 -0.4294688
v 0.4032875 0.8826089 -0.6304348
v 0.6304350 0.8404936 0.5883197
v 0.6304350 0.7890443 0.6304350
v 0.5986537 0.8508276 0.5986537
v 0.6304350 0.8826089 0.4376047
v 0.5507680 0.8826089 0.5507680
v 0.4318083 0.8826089 0.6304350
v 0.5757037 0.8278776 0.6304350
v 0.4872894 0.7394633 0.7394633
v 0.6304350 0.6969014 0.6969014
v 0.3918415 0.8826089 0.6440154
v 0.3838222 0.8881700 -0.6304348
v 0.3854036 0.8897514 -0.6232922
v 0.6304350 0.8985355 -0.3782609
v 0.4595113 0.9638591 -0.3782609
v 0.6304350 0.9016166 -0.3592531
v 0.6304350 0.9415416 -0.1260870
v 0.4703062 0.9746540 -0.2862157
v 0.4976946 1.0020424 -0.1260870
v 0.6304350 0.9415416 -0.0671542
v 0.6304350 0.9415416 0.1260872
v 0.4976946 1.0020424 -0.0066533
v 0.4976946 1.0020424 0.1260872
v 0.6304350 0.9334048 0.1768831
v 0.6304350 0.8985704 0.3782611
v 0.4858555 0.9902033 0.2336816
v 0.4595212 0.9638690 0.3782611
v 0.4465348 0.9508826 0.4465348
v 0.6304350 0.8952479 0.3909000
v 0.3894020 0.8937498 0.6304350
v 0.3861650 0.8905128 0.6383389
v 0.6760406 -0.8826087 -0.3782609
v 0.6922711 -0.8826087 -0.3164248
v 0.7687796 -0.8826087 -0.1260870
v 0.7687796 -0.8826087 0.0122578
v 0.7687796 -0.8826087 0.1260872
v 0.7445067 -0.8826087 0.2401589
v 0.6760517 -0.8826087 0.3782611
v 0.6630959 -0.8826087 0.4109220
v 0.8119646 -0.6304348 -0.6304348
v 0.6939785 -0.8190652 -0.5668913
v 0.8826089 -0.8120124 -0.3782609
v 0.8826089 -0.7823355 -0.5301616
v 0.8826089 -0.6304348 -0.5977531
v 0.6939785 -0.8190651 -0.5668912
v 0.8826089 -0.8333434 -0.1260870
v 0.8826089 -0.8162290 -0.3118812
v 0.8826089 -0.8333434 0.1260872
v 0.8826089 -0.8333434 -0.0768216
v 0.8826089 -0.8120188 0.3782611
v 0.8826089 -0.8299077 0.1787881
v 0.8826089 -0.6344271 0.6304350
v 0.8826089 -0.6363153 0.6245544
v 0.8745064 -0.6385373 0.6304350
v 0.8826089 -0.6304348 0.6322641
v 0.6989406 -0.6304348 0.6989406
v 0.8377250 -0.4231448 -0.6753187
v 0.8826089 -0.5112575 -0.6304348
v 0.8826089 -0.4052899 -0.6574638
v 0.8826089 -0.3782609 -0.6662244
v 0.7606654 -0.3782609 -0.7523783
v 0.8826089 -0.6035246 -0.6035246
v 0.7155687 -0.5453011 0.7155687
v 0.8826089 -0.6279420 0.6329278
v 0.8826089 -0.3782609 0.6889275
v 0.7616461 -0.3782609 0.7616461
v 0.6768786 -0.1260870 -0.8826087
v 0.7103339 -0.2983619 -0.8027097
v 0.8826089 -0.1956401 -0.6999879
v 0.8826089 -0.1260870 -0.7143347
v 0.7781652 -0.2305306 0.7781652
v 0.8826089 -0.3070118 0.7016841
v 0.8826089 -0.1260870 0.7311162
v 0.7963011 -0.1260870 0.7963011
v 0.6797353 -0.1260870 0.8826089
v 0.6509385 -0.1260870 0.9031124
v 0.6768786 0.1260872 -0.8826087
v 0.6768786 -0.0796433 -0.8826087
v 0.8826089 0.0421871 -0.7143347
v 0.8826089 0.1260872 -0.7143347
v 0.7963011 0.0397793 0.7963011
v 0.8826089 -0.0254057 0.7311162
v 0.8826089 0.1260872 0.7311162
v 0.7963011 0.1260872 0.7963011
v 0.6797353 0.1260872 0.8826089
v 0.6797353 -0.0767866 0.8826089
v 0.6509385 -0.1055834 0.9031124
v 0.6509385 0.1260872 0.9031124
v 0.6675250 0.1631772 -0.8826087
v 0.8826089 0.3333773 -0.6753185
v 0.8826089 0.3333773 -0.6753185
v 0.8826089 0.3782611 -0.6662244
v 0.7606654 0.3782611 -0.7523783
v 0.7806711 0.2763233 0.7806711
v 0.8826089 0.2112219 0.7155697
v 0.8826089 0.3782611 0.6889275
v 0.7616461 0.3782611 0.7616461
v 0.6700481 0.1657003 0.8826089
v 0.6490266 0.1446788 0.9012005
v 0.8826089 0.5112578 -0.6304348
v 0.8119646 0.6304350 -0.6304348
v 0.8489927 0.5968188 -0.6304348
v 0.8826089 0.6304350 -0.5977531
v 0.7420380 0.4898641 0.7420380
v 0.8826089 0.4239114 0.6760853
v 0.8826089 0.6304350 0.6323313
v 0.6989464 0.6304350 0.6989464
v 0.7229649 0.7229649 -0.6304348
v 0.7555109 0.7555109 -0.5053588
v 0.8826089 0.8120127 -0.3782609
v 0.6760406 0.8826089 -0.3782609
v 0.8276159 0.8276159 -0.3782609
v 0.8826089 0.8299057 -0.1787901
v 0.8826089 0.8333436 -0.1260870
v 0.8424293 0.8424293 -0.1662665
v 0.6922711 0.8826089 -0.3164248
v 0.7687796 0.8826089 -0.1260870
v 0.8474352 0.8474352 -0.1260870
v 0.8826089 0.8333688 0.0768471
v 0.8826089 0.8333722 0.1260872
v 0.8474544 0.8474544 0.0909327
v 0.7688194 0.8826089 0.0122976
v 0.7688194 0.8826089 0.1260872
v 0.8474544 0.8474544 0.1260872
v 0.8826089 0.8826089 0.3027726
v 0.8826089 0.8314877 0.5793138
v 0.8826089 0.6377184 0.6304350
v 0.8351037 0.8351037 0.5829298
v 0.8826089 0.8826089 0.4434479
v 0.6833931 0.8826089 0.4312192
v 0.7802775 0.7802775 0.6304350
v 0.6888791 0.6888791 0.6888791
v 0.8826089 0.6319708 0.6319708
v 0.6421269 0.8943008 -0.3782609
v 0.6430733 0.8952472 -0.3656226
v 0.6720046 0.9241785 -0.1260870
v 0.6720130 0.9241869 -0.0845088
v 0.6720130 0.9241869 0.1260872
v 0.6845530 0.9367269 0.1802051
v 0.8826089 0.9046960 0.3782611
v 0.6476350 0.8998089 0.3782611
v 0.6463850 0.8985589 0.3942111
v 0.8826089 0.9031219 0.3987741
v 1.0565406 -0.6304348 -0.3782609
v 1.0683360 -0.6304348 -0.1925337
v 1.0723900 -0.6304348 -0.1260870
v 1.0723900 -0.6304348 0.0636943
v 1.0723900 -0.6304348 0.1260872
v 1.0610323 -0.6304348 0.3045106
v 1.0565474 -0.6304348 0.3782611
v 1.0416005 -0.6304348 0.5372527
v 0.8865404 -0.6304348 0.6304350
v 0.8839548 -0.6304348 0.6317809
v 0.9409154 -0.3782609 -0.6304348
v 0.9864943 -0.3782609 -0.5265493
v 1.0944674 -0.3782609 -0.3782609
v 1.0864378 -0.4266058 -0.3782609
v 1.1151146 -0.3979291 -0.1457552
v 1.1187557 -0.3782609 -0.1421140
v 1.1205928 -0.3782609 -0.1260870
v 1.1165940 -0.3964497 -0.1260870
v 1.1165940 -0.3964497 0.1078984
v 1.1205928 -0.3782609 0.1118973
v 1.1205928 -0.3782609 0.1260872
v 1.1165940 -0.3964497 0.1260872
v 1.0896599 -0.4233837 0.3331383
v 1.0986664 -0.3782609 0.3421447
v 1.0944731 -0.3782609 0.3782611
v 1.0864444 -0.4265992 0.3782611
v 1.0539690 -0.4590746 0.5496212
v 1.0655600 -0.3782609 0.5612121
v 0.9767146 -0.3782609 0.6304350
v 0.8874763 -0.6255674 0.6304350
v 0.8840939 -0.6289498 0.6319200
v 0.9209285 -0.3782609 0.6687546
v 0.9986466 -0.1260870 -0.6304348
v 0.9507359 -0.3101338 -0.6304348
v 1.0496911 -0.2111786 -0.4633525
v 1.0891111 -0.1260870 -0.4239326
v 1.1205842 -0.1260870 -0.3782609
v 1.1187503 -0.1421194 -0.3782609
v 1.1347828 -0.2653430 -0.1260870
v 1.1347828 -0.2031211 -0.2031211
v 1.1347828 -0.1260870 -0.2653205
v 1.1347828 -0.2653430 0.1260872
v 1.1347828 -0.2653430 -0.0131689
v 1.1205919 -0.1402779 0.3640701
v 1.1347828 -0.1260870 0.2653384
v 1.1224754 -0.1260870 0.3659536
v 1.1205885 -0.1260870 0.3782611
v 1.1187553 -0.1421144 0.3782611
v 1.0762018 -0.1846680 0.5718540
v 1.0818101 -0.1260870 0.5774624
v 1.0230186 -0.1260870 0.6304350
v 0.9902226 -0.2706471 0.6304350
v 0.9234315 -0.3374383 0.6712576
v 0.9446014 -0.1260870 0.6924275
v 0.9986466 0.1260872 -0.6304348
v 0.9986466 -0.0100491 -0.6304348
v 1.0891111 0.0804155 -0.4239326
v 1.0891111 0.1260872 -0.4239326
v 1.1205842 0.1260872 -0.3782609
v 1.1205842 0.1118886 -0.3782609
v 1.1347828 -0.0131465 -0.2653205
v 1.1347828 0.1260872 -0.2653205
v 1.1224754 0.1137797 0.3659536
v 1.1347828 0.0131644 0.2653384
v 1.1347828 0.1260872 0.2653384
v 1.1224754 0.1260872 0.3659536
v 1.1205885 0.1260872 0.3782611
v 1.1205885 0.1118929 0.3782611
v 1.0818101 0.0731145 0.5774624
v 1.0818101 0.1260872 0.5774624
v 1.0230186 0.1260872 0.6304350
v 1.0230186 0.0143230 0.6304350
v 0.9446014 -0.0640943 0.6924275
v 0.9446014 0.1260872 0.6924275
v 0.9409154 0.3782611 -0.6304348
v 0.9857917 0.2292700 -0.6304348
v 1.0382819 0.2817602 -0.4747618
v 0.9864943 0.3782611 -0.5265493
v 1.0944674 0.3782611 -0.3782609
v 1.0986542 0.3421324 -0.3782609
v 1.1205890 0.3640674 -0.1402807
v 1.1347828 0.2653432 -0.1260870
v 1.1187557 0.3782611 -0.1421140
v 1.1205928 0.3782611 -0.1260870
v 1.1224762 0.3659545 -0.1260870
v 1.1347828 0.2653433 0.0131693
v 1.1347828 0.2653432 0.1260872
v 1.1224762 0.3659545 0.1137806
v 1.1205928 0.3782611 0.1118973
v 1.1205928 0.3782611 0.1260872
v 1.1224762 0.3659545 0.1260872
v 1.1031016 0.3465799 0.3465799
v 1.1347828 0.2031843 0.2031843
v 1.0986993 0.3782611 0.3421776
v 1.0945116 0.3782611 0.3782611
v 1.0986916 0.3421699 0.3782611
v 1.0718731 0.3153514 0.5675253
v 1.0655818 0.3782611 0.5612340
v 0.9767360 0.3782611 0.6304350
v 1.0090159 0.2524942 0.6304350
v 0.9411634 0.1846417 0.6889895
v 0.9209309 0.3782611 0.6687570
v 0.9318756 0.4275278 -0.6304348
v 0.9506305 0.4462828 -0.5624131
v 1.0565406 0.6304350 -0.3782609
v 1.0679066 0.5635588 -0.3782609
v 1.0785426 0.5741948 -0.1823271
v 1.0683360 0.6304350 -0.1925337
v 1.0723900 0.6304350 -0.1260870
v 1.0839980 0.5796502 -0.1260870
v 1.0840365 0.5796887 0.0753409
v 1.0724345 0.6304350 0.0637389
v 1.0724385 0.6304350 0.1260872
v 1.0840365 0.5796887 0.1260872
v 1.1347828 0.4892115 0.3782611
v 1.1347828 0.4335058 0.1813319
v 1.1347828 0.6304350 0.2628664
v 1.1176516 0.6133038 0.6133038
v 1.1347828 0.6304350 0.5720466
v 1.1179796 0.6304350 0.6136319
v 0.9067630 0.6304350 0.6304350
v 1.0731325 0.5687847 0.6304350
v 0.9249746 0.4206268 0.6728007
v 0.8843423 0.6304350 0.6321684
v 1.0199021 0.7677282 -0.3782609
v 1.0231540 0.7709801 -0.2377157
v 1.0283854 0.7762115 -0.1260870
v 1.0284619 0.7762880 0.0197662
v 1.0284671 0.7762932 0.1260872
v 1.1347828 0.7223982 0.2180504
v 1.1347828 0.8826089 0.2673649
v 0.9577007 0.8826089 0.2011790
v 1.1347828 0.6699843 0.6304350
v 0.9830985 0.8826089 0.6304350
v 0.8850739 0.6329000 0.6329000
v 1.1347828 0.8826089 0.7146047
v 1.1347828 1.0284792 0.3782611
v 0.9328189 0.9328189 0.3782611
v 1.1347828 1.0538046 0.5494569
v 1.1347828 1.0399243 0.6304350
v 0.9524473 0.9524473 0.4480995
v 1.1347828 0.9546235 0.7024496
v 1.1517594 -0.1260870 -0.1260870
v 1.1517594 -0.1260870 -0.1091104
v 1.1517594 -0.1260870 0.1260872
v 1.1501737 -0.1260870 0.1414781
v 1.1517594 0.1260872 -0.1260870
v 1.1517594 -0.1091104 -0.1260870
v 1.1517594 -0.1091104 -0.1091104
v 1.1517594 0.1260872 -0.1091104
v 1.1517594 0.1260872 0.1260872
v 1.1517594 -0.1091104 0.1260872
v 1.1501737 -0.1106960 0.1414781
v 1.1501737 0.1260872 0.1414781
v 1.1501737 0.1414781 -0.1260870
v 1.1501745 0.1414789 -0.1106952
v 1.1501745 0.1414789 0.1260872
v 1.1490506 0.1403550 0.1403550
v 1.2123897 0.6304350 0.3782611
v 1.2139498 0.6304350 0.4574281
v 1.3106217 0.8062739 0.3019261
v 1.3869567 0.8356612 0.3782611
v 1.3869567 0.8601956 0.3558478
v 1.3869567 0.8826089 0.3502700
v 1.3457006 0.8826089 0.3370050
v 1.3869567 0.7643220 0.6304350
v 1.3869567 0.7661339 0.5139600
v 1.1688243 0.6644765 0.6304350
v 1.3869567 0.8826089 0.7417680
v 1.2353388 0.8826089 0.7309911
v 1.3869567 1.0177611 0.3782611
v 1.3422033 1.0900294 0.3782611
v 1.3869567 1.1347828 0.4594755
v 1.2901353 1.1347828 0.5336136
v 1.2634301 1.1347828 0.6304350
v 1.2258183 0.9736444 0.7214705
v 1.3869567 0.9840838 0.7319099
v 1.3869567 1.1347828 0.6925898
v 1.3869567 1.1827451 0.6304350
v 1.3869567 1.1680763 0.6637285
v 1.4264276 0.8826089 0.3782611
v 1.4404315 0.8826089 0.4317358
v 1.5136573 0.8826089 0.6304350
v 1.4615604 0.8826089 0.7050387
v 1.4220845 0.9177366 0.3782611
v 1.4319495 0.9276016 0.4232538
v 1.4584666 1.1347828 0.6304350
v 1.5001788 0.9958310 0.6304350
v 1.4579885 0.9536406 0.7014667
v 1.4273062 1.1347828 0.6707844
v 1.4219123 1.1697384 0.6304350
v 1.4144075 1.1622336 0.6578858
v -1.3153015 -0.8478808 -0.5305768
v 0.5005858 0.8663334 -0.5801933
v -0.8289883 -0.7246507 0.1557464
v 0.8311763 0.2297323 -0.7368951
v -0.3852780 0.8439171 -0.6304348
v 0.5895340 -0.8372050 -0.5643073
v -0.3609950 -0.0653839 -1.0517926
v 0.5895340 -0.8372050 -0.5643073
v 0.3264456 0.1088153 1.0606799
v 0.3214300 -0.1483744 1.0556643
vn -0.8161477 -0.3836840 -0.4320757
vn -0.6210836 -0.7703900 0.1440637
vn -0.5578604 -0.5511386 -0.6205144
vn -0.6259473 0.0388895 -0.7788951
vn -0.8687800 0.1805210 -0.4611220
vn -0.9874114 0.1269249 0.0943859
vn -0.8943769 -0.4212630 0.1504243
vn -0.6908240 -0.1140492 0.7139713
vn -0.7167181 0.6779093 -0.1635670
vn -0.7504880 0.4854416 0.4484577
vn -0.2460790 -0.6511863 -0.7179147
vn 0.3505038 -0.9364746 -0.0127423
vn 0.3001783 -0.6477906 -0.7001859
vn 0.1937137 -0.0531047 -0.9796198
vn -0.2979787 0.1603869 -0.9410020
vn -0.2732826 -0.9545823 0.1186977
vn -0.3107030 -0.4039791 0.8603863
vn -0.4038669 -0.3010922 0.8638489
vn -0.3262718 0.5355996 -0.7788965
vn -0.1176756 0.4023486 -0.9078921
vn -0.2578518 0.4310412 -0.8647057
vn -0.4228395 0.6586601 -0.6223935
vn -0.6773729 0.7277683 -0.1073285
vn 0.3942661 -0.5346961 0.7474319
vn -0.5948786 0.4715790 0.6509476
vn -0.6074366 0.3939732 0.6897869
vn -0.8198682 0.4289109 0.3792776
vn -0.6069948 0.6855665 -0.4019404
vn -0.8106728 0.5852572 0.0168372
vn -0.9543535 -0.2127472 -0.2096380
vn -0.9459098 -0.3149793 -0.0777351
vn -0.9262738 -0.2748297 -0.2578478
vn -0.9600979 0.0241189 -0.2786222
vn -0.9696896 0.1092305 -0.2185655
vn -0.9922938 0.1016278 -0.0708865
vn -0.9704653 -0.2247524 -0.0876557
vn -0.9742101 -0.2256429 0.0000559
vn -0.9283972 -0.3626728 0.0809131
vn -0.9298622 -0.3679080 0.0001214
vn -0.9951297 0.0985743 0.0000422
vn -0.9902728 0.0883091 0.1075232
vn -0.9672378 -0.2240128 0.1194541
vn -0.9585198 0.0430879 0.2817504
vn -0.9075863 0.3995927 -0.1288909
vn -0.9134024 0.3972903 0.0886363
vn -0.9155254 0.4022603 0.0000334
vn -0.8960215 0.3911456 0.2101202
vn 0.5760942 -0.5777097 -0.5782448
vn 0.3103369 -0.9285147 -0.2038418
vn 0.3669309 -0.7088923 -0.6023565
vn 0.3066668 -0.5208392 -0.7966694
vn 0.5327349 -0.3660625 -0.7630149
vn 0.6099001 -0.7835209 -0.1188145
vn 0.1492216 -0.9683918 0.1998753
vn 0.3887039 -0.7573155 0.5247691
vn 0.2090146 0.0243802 -0.9776086
vn 0.1067227 -0.3079940 -0.9453835
vn -0.1119133 -0.0697170 -0.9912694
vn -0.0868406 0.1812749 -0.9795908
vn -0.1259774 -0.9002736 0.4166981
vn -0.8238611 -0.0776284 0.5614506
vn -0.2201012 -0.5109826 0.8309346
vn -0.4490345 -0.4917022 0.7460542
vn -0.5759323 -0.7075429 0.4094936
vn -0.3137900 -0.8217542 0.4756637
vn -0.7735925 -0.2607939 0.5775302
vn -0.8132259 -0.3214221 0.4851303
vn -0.6738594 -0.4806496 0.5611502
vn -0.7928257 -0.5409413 0.2807311
vn -0.4645669 0.2039949 -0.8617214
vn -0.4026978 -0.3051346 -0.8629758
vn -0.7778834 -0.2761065 -0.5645021
vn -0.8900166 0.0795731 -0.4489304
vn -0.9203628 0.0836057 -0.3820239
vn -0.9279745 0.2939435 -0.2290427
vn -0.9933165 0.1136716 0.0200270
vn -0.9806967 -0.0365057 0.1920977
vn -0.9344628 -0.1852900 0.3040508
vn -0.9901762 0.1398251 0.0003012
vn -0.9738109 -0.1468311 0.1735887
vn -0.8117682 -0.4095006 0.4163432
vn -0.8716406 -0.4358248 0.2242754
vn -0.7260819 -0.6151244 0.3072898
vn -0.9157630 -0.3288708 0.2306992
vn -0.8957604 -0.3119047 0.3167473
vn -0.8457054 -0.4262192 0.3211221
vn -0.8082658 -0.3320578 0.4862552
vn -0.7762134 -0.2165123 -0.5921276
vn -0.7976649 -0.2367654 -0.5546826
vn -0.7444682 -0.2137045 -0.6325326
vn -0.7345319 -0.1638987 -0.6584831
vn -0.7778062 -0.1858729 -0.6003905
vn -0.8436142 -0.1712577 -0.5089065
vn -0.8249565 -0.2231207 -0.5192916
vn -0.8606080 -0.2353893 -0.4516036
vn -0.8078953 -0.2640497 -0.5268613
vn -0.8867402 -0.1144797 -0.4478686
vn -0.9372501 -0.1116714 -0.3302903
vn -0.9136242 -0.2354417 -0.3314483
vn -0.9402762 -0.2424634 -0.2389396
vn -0.9643723 -0.1063236 -0.2422422
vn -0.9940458 -0.1070451 0.0203524
vn -0.9690469 -0.2459547 0.0213167
vn -0.9817253 -0.1661834 0.0927287
vn -0.9845859 -0.1238740 0.1234737
vn -0.9895122 -0.1439651 0.0118173
vn -0.9881936 -0.1526975 0.0125294
vn -0.9618599 -0.2285762 0.1502616
vn -0.9831150 -0.1348724 0.1236697
vn -0.9354130 -0.1302436 0.3286931
vn -0.9094917 -0.2345634 0.3432271
vn -0.8680440 -0.2234028 0.4433858
vn -0.7801382 -0.2436308 0.5762191
vn -0.8783047 -0.1873047 0.4398839
vn -0.8424386 -0.1811767 0.5074171
vn -0.8271936 -0.2238469 0.5154059
vn -0.7211877 -0.1686392 0.6718996
vn -0.7741647 -0.1446974 -0.6162236
vn -0.6959353 -0.1442852 -0.7034599
vn -0.6927617 0.0725981 -0.7175032
vn -0.7610491 0.1167646 -0.6380990
vn -0.8722575 0.0499904 -0.4864851
vn -0.8674477 -0.1727443 -0.4665768
vn -0.8932908 -0.1315518 -0.4297974
vn -0.8861769 0.0537398 -0.4602200
vn -0.9031045 0.0322028 -0.4282116
vn -0.9200805 -0.1447250 -0.3640144
vn -0.9444426 -0.1785511 -0.2759489
vn -0.9453587 0.0281350 -0.3248159
vn -0.9860576 -0.1648333 0.0228129
vn -0.9697149 -0.2212701 0.1034049
vn -0.9707600 -0.2399570 0.0067506
vn -0.9672866 -0.1839885 0.1746560
vn -0.9158516 0.0421203 0.3993016
vn -0.9363262 -0.1478163 0.3185022
vn -0.8866317 -0.1835156 0.4245071
vn -0.8866488 0.0730945 0.4566300
vn -0.8359056 0.0630567 0.5452391
vn -0.8162249 -0.1614342 0.5547214
vn -0.7271328 -0.1403943 0.6719876
vn -0.7088001 0.0565004 0.7031431
vn -0.7477453 0.3585200 -0.5588741
vn -0.8304433 0.3193126 -0.4565122
vn -0.7830377 0.4204468 -0.4583411
vn -0.8104427 0.3872926 -0.4395304
vn -0.8489923 0.4121972 -0.3306140
vn -0.8541482 0.3416469 -0.3920563
vn -0.8900040 0.3661655 -0.2716905
vn -0.8709630 0.4351534 -0.2281776
vn -0.8844160 0.4529826 -0.1123163
vn -0.8926618 0.4507271 0.0000927
vn -0.8800142 0.4586237 0.1234473
vn -0.8653337 0.4512534 0.2181004
vn -0.8451862 0.4253525 0.3236286
vn -0.8484612 0.3346656 0.4100152
vn -0.7684201 0.3923531 0.5055587
vn -0.8130805 0.3502993 0.4649628
vn -0.7712944 0.4145049 0.4830017
vn -0.6939298 0.3159913 0.6470016
vn -0.7954919 0.4946478 -0.3500232
vn -0.8432163 0.4938890 -0.2122732
vn -0.7775820 0.5849410 -0.2306736
vn -0.8087300 0.5517483 -0.2037880
vn -0.8321967 0.5501946 -0.0688092
vn -0.8670654 0.4902009 -0.0888854
vn -0.8705339 0.4921085 0.0000284
vn -0.8351287 0.5500546 0.0000000
vn -0.8325782 0.5440079 0.1042545
vn -0.8622385 0.4881606 0.1350707
vn -0.8041472 0.4877646 0.3397543
vn -0.8309603 0.4989105 0.2461568
vn -0.7811677 0.5799276 0.2312162
vn -0.7447449 0.4850394 0.4583578
vn -0.7381229 0.6629734 -0.1250631
vn -0.7533557 0.6511605 0.0918973
vn -0.7433694 0.6688811 0.0000001
vn -0.7345004 0.6434960 0.2154577
vn 0.1477707 -0.8610536 -0.4865700
vn -0.0568461 -0.9977033 -0.0368344
vn -0.3169690 -0.9470082 -0.0520202
vn -0.1587725 -0.9574068 -0.2411713
vn -0.2424827 -0.9333417 -0.2647176
vn -0.3103628 -0.9471024 0.0816821
vn -0.2610763 -0.9599407 0.1017498
vn -0.3867233 -0.9121599 0.1356813
vn -0.4683048 -0.8706618 0.1504620
vn -0.3643109 -0.9312774 0.0001405
vn -0.4706298 -0.8617882 0.1892848
vn -0.6191833 -0.7221033 0.3085107
vn -0.5768449 -0.7664647 0.2824568
vn -0.5642492 -0.7930973 0.2293897
vn -0.4933591 -0.4919379 -0.7173520
vn -0.3690759 -0.6974359 -0.6143013
vn -0.4680019 -0.6248019 -0.6249774
vn -0.5320096 -0.5304918 -0.6599578
vn -0.6254032 -0.4658339 -0.6259949
vn -0.6967407 -0.3685940 -0.6153786
vn -0.4494483 -0.4498464 -0.7717735
vn -0.2848651 -0.5490236 -0.7857639
vn -0.3346788 -0.8261101 -0.4533565
vn -0.3630853 -0.7740737 -0.5186318
vn -0.5116240 -0.3643903 -0.7781135
vn -0.2542302 -0.9167237 -0.3081958
vn -0.4809726 -0.8713444 0.0970792
vn -0.6055582 -0.7614434 0.2313077
vn -0.6708398 -0.6709359 0.3159413
vn -0.6879667 -0.6880184 0.2309384
vn -0.5876590 -0.7159137 0.3769940
vn 0.7356476 0.6248984 -0.2613898
vn -0.8294298 -0.4521044 0.3280974
vn -0.6659043 -0.6659040 0.3363677
vn -0.6360775 -0.6360682 0.4368326
vn -0.5250435 -0.6548535 0.5435957
vn -0.5596944 -0.6890596 0.4603685
vn -0.6891147 -0.5595927 0.4604095
vn -0.6620277 -0.5343105 0.5255775
vn -0.6112473 -0.6112234 0.5027749
vn -0.5303040 -0.5234299 0.6669324
vn -0.6329655 -0.4452501 -0.6333302
vn -0.5691205 -0.4574594 -0.6832516
vn -0.5966401 -0.3484449 -0.7229154
vn -0.6693696 -0.3223176 -0.6693696
vn -0.7443470 -0.3268665 -0.5823278
vn -0.6831234 -0.4572857 -0.5694139
vn -0.6762437 -0.4184683 -0.6062828
vn -0.8003435 -0.2654268 -0.5375862
vn -0.8432147 -0.4931458 0.2140003
vn -0.7739294 -0.5081157 0.3779573
vn -0.7504812 -0.3065629 0.5854888
vn -0.6703678 -0.4595599 0.5825906
vn -0.5662667 -0.4594179 0.6843079
vn -0.6020769 -0.3328906 0.7257321
vn -0.5880716 -0.2028147 -0.7829674
vn -0.5629683 -0.2271604 -0.7946476
vn -0.5153113 -0.2094365 -0.8310179
vn -0.5116866 -0.1247373 -0.8500691
vn -0.5940882 -0.1284564 -0.7940770
vn -0.6513301 -0.1259877 -0.7482621
vn -0.6324665 -0.2136697 -0.7445344
vn -0.6876283 -0.2330456 -0.6876462
vn -0.6202506 -0.2499759 -0.7435060
vn -0.7035829 -0.0994526 -0.7036194
vn -0.7982672 -0.2684699 -0.5391600
vn -0.8209259 -0.2260567 -0.5243845
vn -0.0213492 0.7763633 0.6299241
vn 0.1672430 0.9850658 0.0409296
vn 0.5681323 0.5263278 0.6326174
vn 0.4045847 0.2145404 0.8889790
vn 0.8206357 -0.1582965 0.5490896
vn 0.9989296 -0.0448485 -0.0113299
vn 0.7513517 0.6403500 -0.1594443
vn 0.2069475 0.9558475 -0.2086343
vn 0.0880451 0.8846332 -0.4578998
vn 0.7535409 0.6521163 -0.0831892
vn 0.9952655 -0.0133759 -0.0962685
vn 0.9480191 -0.0982650 -0.3026612
vn 0.5903003 0.6090684 -0.5296993
vn 0.2685006 0.1976834 -0.9427770
vn -0.7621770 -0.2036847 0.6144906
vn -0.6977366 -0.2212512 0.6813307
vn -0.5517231 -0.2280829 0.8022342
vn -0.6522471 -0.1404994 0.7448716
vn -0.6424484 -0.2170293 0.7349546
vn -0.5099514 -0.1263360 0.8508753
vn -0.5834767 -0.0762140 -0.8085458
vn -0.4965025 -0.0619555 -0.8658215
vn -0.4818855 0.0883209 -0.8717716
vn -0.5585551 0.1043045 -0.8228831
vn -0.6373008 0.0612311 -0.7681786
vn -0.6535034 -0.0985088 -0.7504860
vn -0.6744096 -0.0940840 -0.7323387
vn -0.6568278 0.0812760 -0.7496476
vn 0.8306118 -0.0000397 0.5568519
vn 0.5095416 0.0000000 0.8604460
vn 0.4495999 -0.3548216 0.8197327
vn 0.7735499 -0.3706028 0.5140761
vn 0.9410844 -0.3375463 -0.0205590
vn 0.9996919 -0.0000497 0.0248199
vn 0.9951138 -0.0023802 -0.0987054
vn 0.9305614 -0.3516536 -0.1019562
vn 0.9228495 -0.2604368 -0.2837627
vn 0.8700429 -0.0067714 -0.4929295
vn 0.4603265 -0.0000381 -0.8877497
vn 0.2927495 -0.0447327 -0.9551422
vn -0.6356444 0.0696567 0.7688329
vn -0.6294201 -0.0902601 0.7718054
vn -0.5214424 -0.0626145 0.8509861
vn -0.4741201 0.0446181 0.8793290
vn -0.5349479 0.2918055 -0.7928936
vn -0.6486151 0.2995231 -0.6997030
vn -0.5634307 0.4093983 -0.7175925
vn -0.6486808 0.3760997 -0.6616360
vn -0.6978288 0.4277686 -0.5744989
vn -0.7424299 0.4507160 -0.4956340
vn 0.4476949 -0.8743675 0.1872184
vn 0.4159598 -0.8815880 -0.2231144
vn 0.4972510 -0.8467143 -0.1892523
vn 0.1149906 -0.6250295 -0.7720850
vn -0.7141541 0.4011205 0.5736604
vn -0.5713571 0.2652655 0.7766501
vn -0.5438347 0.3254558 0.7735130
vn -0.6221728 0.3140765 0.7171171
vn -0.5586511 0.3348615 0.7587996
vn -0.4818874 0.2542904 0.8385231
vn -0.6212050 0.4672243 -0.6291310
vn -0.5399787 0.4722085 -0.6967368
vn -0.5300136 0.5324959 -0.6599497
vn -0.5996285 0.5299850 -0.5996346
vn -0.6505604 0.5575822 -0.5156290
vn -0.6889501 0.4779837 -0.5448663
vn -0.7223251 0.4931408 -0.4848285
vn -0.6829934 0.5695685 -0.4572873
vn -0.7267597 0.5925965 -0.3473464
vn -0.7515384 0.6093998 -0.2526300
vn -0.7184325 0.6020283 0.3484487
vn -0.6957133 0.5497522 0.4623371
vn -0.6667669 0.5316113 0.5223134
vn -0.6788546 0.4724077 0.5621275
vn -0.5759492 0.4657700 0.6718190
vn -0.5315052 0.5269198 0.6632177
vn -0.5408681 0.6648163 -0.5152487
vn -0.6020651 0.7184089 -0.3484340
vn -0.5498521 0.6956488 -0.4623154
vn -0.6875683 0.6889142 -0.2294494
vn -0.5671499 0.7905970 -0.2308616
vn -0.6434879 0.7345082 -0.2154554
vn -0.6511505 0.7533644 -0.0918968
vn -0.6688744 0.7433754 0.0000000
vn -0.6629656 0.7381300 0.1250627
vn -0.6094768 0.7514637 0.2526665
vn -0.5969031 0.7257516 0.3420399
vn -0.6889102 0.6875635 0.2294755
vn -0.5668806 0.7910385 0.2300098
vn -0.5636483 0.6464026 0.5142608
vn -0.5802437 0.6767804 0.4530845
vn -0.5264431 0.6011807 0.6011983
vn -0.5163493 0.8498172 -0.1058022
vn -0.5202038 0.8508229 0.0740841
vn -0.5224317 0.8526812 0.0000000
vn -0.5145061 0.8314928 0.2095309
vn -0.4359808 -0.8120016 -0.3880391
vn -0.3323619 -0.8935059 -0.3019649
vn -0.3379821 -0.8564563 -0.3901932
vn -0.3673857 -0.8234338 -0.4324170
vn -0.4642090 -0.7780250 -0.4233052
vn -0.4669515 -0.8170933 -0.3381048
vn -0.4315895 -0.8498488 -0.3024690
vn -0.4524575 -0.8626532 -0.2260792
vn -0.3360064 -0.9366622 -0.0988111
vn -0.3335262 -0.9143593 -0.2295811
vn -0.4772671 -0.8455772 -0.2391971
vn -0.4486766 -0.8886922 -0.0944214
vn -0.4507511 -0.8926497 0.0000808
vn -0.3349308 -0.9337816 0.1259893
vn -0.3387686 -0.9408697 0.0000233
vn -0.4472815 -0.8857286 0.1241938
vn -0.4369658 -0.8712300 0.2236498
vn -0.3249793 -0.8990273 0.2934933
vn -0.3332921 -0.9147162 0.2284961
vn -0.4749936 -0.8104141 0.3429430
vn -0.4319470 -0.8500730 0.3013265
vn -0.3807562 -0.8111091 0.4439898
vn -0.4599024 -0.6202214 -0.6354645
vn -0.3750313 -0.6963516 -0.6119199
vn -0.3434349 -0.6429371 -0.6846053
vn -0.3544485 -0.5872092 -0.7277030
vn -0.4578646 -0.5680891 -0.6838382
vn -0.4801567 -0.6662368 -0.5705944
vn -0.4944167 -0.7308245 -0.4705821
vn -0.3996432 -0.7636197 -0.5071195
vn -0.5173312 -0.7704811 -0.3724612
vn -0.5379263 -0.7981606 -0.2712471
vn -0.5148641 -0.7664545 0.3840085
vn -0.5058510 -0.7179886 0.4781288
vn -0.3847381 -0.7061416 0.5944245
vn -0.4868959 -0.6667703 0.5642249
vn -0.3560908 -0.5903263 0.7243716
vn -0.4623669 -0.5497516 0.6956940
vn -0.4109274 -0.4109199 -0.8138080
vn -0.3389394 -0.4660982 -0.8172346
vn -0.3076660 -0.4282687 -0.8496633
vn -0.3206896 -0.3206922 -0.8912433
vn -0.4282761 -0.3076684 -0.8496585
vn -0.4661234 -0.3389175 -0.8172294
vn -0.4416717 -0.4416602 -0.7809368
vn -0.4773607 -0.4773487 -0.7377432
vn -0.3725537 -0.5173360 -0.7704331
vn -0.5173690 -0.3724463 -0.7704628
vn -0.3332405 -0.4692259 0.8177883
vn -0.4813049 -0.3666472 0.7961881
vn -0.4548118 -0.4643535 0.7599488
vn -0.3247033 -0.3246970 0.8883353
vn -0.4510749 -0.2265765 -0.8632465
vn -0.3307274 -0.2314825 -0.9148963
vn -0.3323562 -0.1097985 -0.9367410
vn -0.4482049 -0.1067120 -0.8875387
vn -0.4773017 -0.2393120 -0.8455252
vn -0.5379410 -0.2713487 -0.7981161
vn -0.2794591 0.7420872 0.6092694
vn -0.2107037 0.9763250 0.0489240
vn 0.2204890 0.7547045 0.6179043
vn -0.3066339 0.2403504 0.9209817
vn 0.2761359 0.3144401 0.9082271
vn 0.2407993 0.9675663 0.0763624
vn -0.3115410 0.9237989 -0.2225712
vn -0.1978390 0.8667625 -0.4578018
vn 0.2216673 0.9500436 -0.2197292
vn 0.1972899 0.8472753 -0.4931545
vn -0.0257222 0.3409780 -0.9397193
vn 0.1777783 0.3304240 -0.9269384
vn -0.4789522 -0.2438079 0.8433045
vn -0.3561360 -0.2314013 0.9053290
vn -0.3544718 -0.1373342 0.9249265
vn -0.4454692 -0.1205428 0.8871452
vn -0.4295744 -0.0397872 -0.9021546
vn -0.3123711 -0.0220229 -0.9497048
vn -0.3132999 0.1228558 -0.9416739
vn -0.4093754 0.1110440 -0.9055832
vn 0.2918709 -0.0000000 0.9564577
vn -0.2932956 -0.0000000 0.9560218
vn -0.2321413 -0.3833149 0.8939687
vn 0.2622928 -0.5206934 0.8124537
vn 0.1878913 -0.0000174 -0.9821898
vn -0.0909457 -0.0000047 -0.9958559
vn -0.0820862 -0.2419222 -0.9668172
vn 0.1819248 -0.2566769 -0.9492209
vn -0.4302380 -0.0439488 0.9016450
vn -0.3392014 -0.0210749 0.9404776
vn -0.3228672 0.0900997 0.9421459
vn -0.4092624 0.0722252 0.9095536
vn -0.4107215 0.2543994 -0.8755506
vn -0.3135826 0.2489493 -0.9163461
vn -0.3015534 0.3267047 -0.8957285
vn -0.4162457 0.3358072 -0.8449693
vn -0.4601623 0.3785994 -0.8030649
vn -0.5062566 0.4156902 -0.7555831
vn -0.0425780 -0.9757188 0.2148489
vn 0.2302853 -0.9210211 0.3141477
vn 0.2280321 -0.9501323 -0.2127207
vn -0.0846191 -0.8826279 -0.4623933
vn -0.0700777 -0.9701321 -0.2322345
vn 0.1973816 -0.8669125 -0.4577151
vn -0.0046521 -0.6433944 -0.7655208
vn -0.0517683 -0.6454489 -0.7620470
vn -0.4828362 0.3617652 0.7974930
vn -0.4138081 0.2509372 0.8750961
vn -0.3191465 0.2497488 0.9142051
vn -0.3062235 0.3337355 0.8915424
vn -0.3425121 0.4762184 -0.8098774
vn -0.4886434 0.4869262 -0.7239685
vn -0.3584313 0.5748431 -0.7355830
vn -0.4644659 0.5707071 -0.6771742
vn -0.3751715 0.5085512 0.7749981
vn -0.3500932 0.4792359 0.8048402
vn -0.4757932 0.4933138 0.7281911
vn -0.3805448 0.5539899 0.7404599
vn -0.4678245 0.5393554 0.7001686
vn -0.3181594 0.4296539 0.8450871
vn -0.4520394 0.8621556 -0.2287973
vn -0.4856890 0.6729909 -0.5578437
vn -0.3954386 0.8010408 -0.4494018
vn -0.2633566 0.5388948 -0.8001474
vn -0.4815014 0.7589270 -0.4383903
vn -0.4699389 0.8175476 -0.3328263
vn -0.4834781 0.8422385 -0.2385022
vn -0.4786788 0.8152791 0.3258628
vn -0.4157502 0.7581402 0.5023695
vn -0.4015577 0.6879746 0.6045182
vn -0.5068341 0.7185367 0.4762608
vn -0.3731937 0.8238832 0.4265479
vn -0.4894522 0.6703762 0.5577026
vn -0.4641746 0.6111387 0.6411329
vn -0.3491401 0.6372187 0.6870615
vn -0.3323110 0.8900931 -0.3119352
vn -0.3540197 0.9255229 -0.1344525
vn -0.3372642 0.9133393 -0.2281757
vn -0.4483130 0.8841484 -0.1315180
vn -0.3484431 0.9373299 0.0000232
vn -0.3454663 0.9329592 0.1011940
vn -0.4487554 0.8936546 0.0000055
vn -0.4465192 0.8891722 0.0999670
vn -0.3424073 0.9112731 0.2287768
vn -0.3183683 0.9015814 0.2929038
vn -0.4447215 0.8696172 0.2144499
vn -0.3273814 0.8623905 0.3861399
vn -0.2056357 -0.7733595 -0.5996907
vn -0.0897718 -0.8730866 -0.4792295
vn -0.0801227 -0.7873915 -0.6112241
vn -0.0939479 -0.7084526 -0.6994775
vn -0.2315954 -0.7023261 -0.6731282
vn -0.2682642 -0.7847574 -0.5587400
vn -0.2267707 -0.8487568 -0.4776890
vn -0.2397800 -0.8818173 -0.4060833
vn -0.0996573 -0.9454507 -0.3101475
vn -0.0930333 -0.9130396 -0.3971188
vn -0.2657473 -0.8593689 -0.4368792
vn -0.2360754 -0.9225661 -0.3051888
vn -0.2400884 -0.9418393 -0.2351518
vn -0.1051899 -0.9890110 -0.1038866
vn -0.1012849 -0.9655734 -0.2396024
vn -0.2447870 -0.9643972 -0.1000867
vn -0.2460336 -0.9692613 0.0000325
vn -0.1062241 -0.9858876 0.1293913
vn -0.1070876 -0.9942496 0.0000365
vn -0.2439345 -0.9610647 0.1298103
vn -0.2402340 -0.9421279 0.2338429
vn -0.1032964 -0.9454901 0.3088338
vn -0.1067975 -0.9652966 0.2383212
vn -0.2360027 -0.9222947 0.3060639
vn -0.2351184 -0.8916428 0.3869011
vn -0.0720735 -0.8673585 0.4924374
vn -0.1020476 -0.9179573 0.3833286
vn -0.2817861 -0.7737103 0.5674230
vn -0.2280826 -0.8401043 0.4921412
vn -0.1423682 -0.7057230 0.6940362
vn -0.1960553 -0.5708145 -0.7973287
vn -0.0943303 -0.6242884 -0.7754778
vn -0.0830507 -0.5816252 -0.8092062
vn -0.0922874 -0.5191370 -0.8496940
vn -0.2099650 -0.5115280 -0.8332189
vn -0.2283610 -0.5518983 -0.8020346
vn -0.2126701 -0.6078647 -0.7650307
vn -0.2420623 -0.6568658 -0.7140960
vn -0.0979832 -0.6661340 -0.7393678
vn -0.2528430 -0.6092027 -0.7516266
vn -0.2751412 -0.7119384 -0.6460968
vn -0.2921271 -0.7950026 -0.5316321
vn -0.2952332 -0.7284319 0.6182429
vn -0.2535993 -0.6488410 0.7174209
vn -0.1010889 -0.6104633 0.7855670
vn -0.2351538 -0.5499508 0.8014092
vn -0.2250067 -0.6095765 0.7601240
vn -0.1076528 -0.4963443 0.8614251
vn -0.2265603 -0.4510754 -0.8632506
vn -0.0944979 -0.4487695 -0.8886372
vn -0.1005910 -0.3355236 -0.9366458
vn -0.2314759 -0.3307306 -0.9148968
vn -0.2392734 -0.4772565 -0.8455616
vn -0.2714578 -0.5378056 -0.7981703
vn -0.2385794 -0.4833987 0.8422623
vn -0.1315215 -0.4482927 0.8841581
vn -0.1345227 -0.3539779 0.9255286
vn -0.2301048 -0.3362822 0.9132174
vn -0.2396207 -0.2396278 -0.9408296
vn -0.1023748 -0.2447279 -0.9641720
vn -0.1053556 -0.1055379 -0.9888185
vn -0.2447168 -0.1025554 -0.9641557
vn -0.8920190 0.3843091 0.2379258
vn -0.8135897 0.5226113 -0.2548511
vn -0.7949637 0.3525671 -0.4936893
vn -0.5280745 0.3419930 -0.7772889
vn -0.2367809 -0.2366579 0.9422992
vn -0.1248639 -0.2427163 0.9620280
vn -0.1302834 -0.1305096 0.9828497
vn -0.2428561 -0.1251007 0.9619619
vn -0.2348932 -0.0100790 -0.9719689
vn -0.1068842 -0.0005276 -0.9942713
vn -0.1000501 0.1305398 -0.9863819
vn -0.2238277 0.1246658 -0.9666228
vn 0.2557581 0.0252877 0.9664100
vn -0.9184115 -0.2423729 0.3126910
vn -0.9541306 0.0000000 0.2993904
vn -0.9588152 0.0000000 -0.2840308
vn -0.9094262 -0.3176441 -0.2684144
vn -0.7968410 -0.2952243 -0.5271499
vn -0.8293719 0.0000000 -0.5586968
vn -0.5628892 -0.0000011 -0.8265324
vn -0.5498995 -0.2102454 -0.8083361
vn -0.2353660 -0.0119611 0.9718332
vn -0.1330804 -0.0005269 0.9911051
vn -0.1241057 0.1035104 0.9868553
vn -0.2236203 0.0951170 0.9700241
vn -0.2277632 0.2465736 -0.9419795
vn -0.0987838 0.2440505 -0.9647182
vn -0.0991220 0.3474390 -0.9324489
vn -0.2281059 0.3494444 -0.9087664
vn -0.6050954 -0.7439829 0.2834591
vn -0.6153618 -0.7588480 -0.2132594
vn -0.5703385 -0.7102547 -0.4126164
vn -0.4609818 -0.5734566 -0.6772321
vn -0.2256214 0.2488885 0.9418861
vn -0.1218518 0.2446146 0.9619334
vn -0.1238394 0.3369937 0.9333269
vn -0.2277329 0.3414387 0.9118977
vn -0.2143527 0.4448842 -0.8695580
vn -0.0997587 0.4465309 -0.8891897
vn -0.0849479 0.4982756 -0.8628471
vn -0.2109475 0.5047227 -0.8371118
vn -0.2311843 0.5496595 -0.8027629
vn -0.2575459 0.5895607 -0.7655640
vn -0.2344754 0.5429551 0.8063629
vn -0.2236894 0.4369985 0.8712034
vn -0.1242197 0.4472708 0.8857303
vn -0.1006204 0.5102176 0.8541390
vn -0.1096396 0.6368108 -0.7631848
vn -0.2443574 0.6546947 -0.7153071
vn -0.1043736 0.7211340 -0.6848883
vn -0.2272032 0.7157228 -0.6603935
vn -0.2646524 0.8065127 -0.5286743
vn -0.2702975 0.8544803 -0.4436246
vn -0.2729332 0.7855696 0.5553268
vn -0.1406885 0.6524193 0.7446851
vn -0.1061493 0.6029687 0.7906712
vn -0.2500182 0.6479045 0.7195210
vn -0.1170845 0.7101049 0.6942925
vn -0.1118754 0.5619219 0.8195899
vn -0.1135171 0.8607813 -0.4961546
vn -0.1408862 0.9346226 -0.3265447
vn -0.1276803 0.9101711 -0.3940639
vn -0.2361589 0.9122780 -0.3346309
vn -0.1279192 0.9628648 -0.2377566
vn -0.1311368 0.9830881 -0.1278323
vn -0.2389949 0.9423375 -0.2342681
vn -0.2428012 0.9620185 -0.1247717
vn -0.1333750 0.9910657 0.0000364
vn -0.1326861 0.9855879 0.1049327
vn -0.2446974 0.9695995 0.0000267
vn -0.2433401 0.9641673 0.1056741
vn -0.1329709 0.9619555 0.2386636
vn -0.1298994 0.9425591 0.3077474
vn -0.2386002 0.9421816 0.2352951
vn -0.2346742 0.9225106 0.3064348
vn -0.1286489 0.9146795 0.3831591
vn -0.1121741 0.8837366 0.4543420
vn -0.2373972 0.8919904 0.3847019
vn -0.1310802 0.7935824 0.5941759
vn -0.0000226 -0.7899191 -0.6132111
vn 0.0879100 -0.8754457 -0.4752541
vn 0.0791994 -0.7874479 -0.6112719
vn 0.0929298 -0.7043954 -0.7036982
vn -0.0000228 -0.7136164 -0.7005366
vn -0.0000232 -0.8754498 -0.4833092
vn -0.0000178 -0.9170144 -0.3988540
vn 0.1151512 -0.9448417 -0.3066176
vn 0.1099716 -0.9114636 -0.3964094
vn -0.0000130 -0.9495167 -0.3137164
vn -0.0000053 -0.9705638 -0.2408441
vn 0.1294160 -0.9860222 -0.1049362
vn 0.1296973 -0.9623718 -0.2387868
vn -0.0000005 -0.9943886 -0.1057893
vn -0.0000281 -1.0000000 0.0000092
vn 0.1242521 -0.9844401 0.1242535
vn 0.1300876 -0.9915025 0.0000000
vn -0.0000370 -0.9915018 0.1300930
vn -0.0000174 -0.9708490 0.2396920
vn 0.1022954 -0.9474593 0.3030783
vn 0.1091626 -0.9650439 0.2382723
vn -0.0000128 -0.9501622 0.3117561
vn -0.0000212 -0.9227834 0.3853191
vn 0.0914214 -0.8658112 0.4919482
vn 0.0771445 -0.9200343 0.3841688
vn -0.0000261 -0.8687556 0.4952412
vn 0.0772673 -0.7291722 0.6799541
vn -0.0000263 -0.7134677 0.7006881
vn -0.0000026 -0.5836429 -0.8120105
vn 0.1004824 -0.6245214 -0.7745169
vn 0.1110228 -0.5800229 -0.8069990
vn 0.1003431 -0.5149704 -0.8513147
vn 0.0000000 -0.5234044 -0.8520845
vn -0.0000061 -0.6254314 -0.7802791
vn -0.0000139 -0.6693462 -0.7429507
vn 0.1254267 -0.6640503 -0.7370925
vn 0.1249593 -0.6167996 0.7771379
vn -0.0000119 -0.6223114 0.7827699
vn 0.0753043 -0.4999495 0.8627744
vn -0.0000013 -0.5027368 0.8644395
vn 0.0000000 -0.4508047 -0.8926226
vn 0.1242238 -0.4472825 -0.8857239
vn 0.1269435 -0.3341244 -0.9339413
vn 0.0000000 -0.3388208 -0.9408510
vn -0.0000034 -0.4487354 0.8936647
vn 0.1022120 -0.4464090 0.8889722
vn 0.1031346 -0.3456255 0.9326876
vn -0.0000107 -0.3484218 0.9373379
vn 0.0000001 -0.2460342 -0.9692612
vn 0.1331014 -0.2438222 -0.9606429
vn 0.1326681 -0.1061437 -0.9854607
vn 0.0000003 -0.1070478 -0.9942539
vn -0.0000360 -0.2446192 0.9696192
vn 0.1068945 -0.2432899 0.9640454
vn 0.1060568 -0.1326284 0.9854754
vn -0.0001173 -0.1332683 0.9910800
vn 0.0002223 -0.0003087 -0.9999999
vn 0.1333705 -0.0000020 -0.9910663
vn 0.1305966 0.1302456 -0.9828432
vn 0.0005249 0.1330431 -0.9911101
vn 0.0001889 -0.0002223 1.0000000
vn 0.1069335 0.0000018 0.9942662
vn 0.1054245 0.1053648 0.9888296
vn 0.0004101 0.1069042 0.9942692
vn 0.0003032 0.2450098 -0.9695205
vn 0.1251910 0.2427872 -0.9619676
vn 0.1315828 0.3566045 -0.9249427
vn 0.0000010 0.3487617 -0.9372115
vn 0.0001289 0.2461792 0.9692243
vn 0.1024373 0.2447089 0.9641702
vn 0.1005970 0.3355142 0.9366485
vn -0.0000097 0.3388659 0.9408347
vn 0.0000008 0.4487491 -0.8936578
vn 0.1116684 0.4459665 -0.8880563
vn 0.1012999 0.5020898 -0.8588622
vn 0.0000000 0.5282968 -0.8490597
vn -0.0000079 0.4507915 0.8926293
vn 0.0944781 0.4487603 0.8886440
vn 0.0900291 0.5115123 0.8545465
vn -0.0000013 0.5178714 0.8554584
vn 0.0942821 0.6318705 -0.7693183
vn -0.0000049 0.6212252 -0.7836322
vn 0.0637483 0.7169040 -0.6942513
vn -0.0000238 0.7392472 -0.6734342
vn 0.0749196 0.6571088 0.7500634
vn 0.0736955 0.6002840 0.7963845
vn -0.0000254 0.6589748 0.7521651
vn 0.0710769 0.7135150 0.6970254
vn -0.0000287 0.7170418 0.6970302
vn -0.0000098 0.6018370 0.7986190
vn -0.0000044 0.5654714 0.8247679
vn 0.0720553 0.5639957 0.8226280
vn 0.0694148 0.8732674 -0.4822714
vn -0.0000243 0.8478446 -0.5302449
vn 0.0942254 0.9136103 -0.3955221
vn 0.0968495 0.9441364 -0.3150025
vn -0.0000189 0.9176958 -0.3972838
vn -0.0000130 0.9476242 -0.3193875
vn 0.1055152 0.9654254 -0.2383701
vn 0.1049309 0.9860219 -0.1294230
vn -0.0000090 0.9708463 -0.2397029
vn -0.0000023 0.9915009 -0.1300997
vn 0.1057845 0.9943891 0.0000000
vn 0.1022935 0.9894769 0.1023303
vn -0.0000111 1.0000000 0.0000265
vn -0.0000371 0.9943848 0.1058248
vn 0.0932898 0.9663358 0.2397752
vn 0.0886312 0.9480903 0.3054001
vn -0.0000322 0.9705694 0.2408215
vn -0.0000131 0.9502111 0.3116068
vn 0.0716489 0.9199765 0.3853695
vn 0.0682994 0.8859767 0.4586724
vn -0.0000186 0.9223405 0.3863782
vn -0.0000266 0.8868490 0.4620592
vn -0.0000268 0.8004507 0.5993986
vn 0.0588372 0.7990717 0.5983499
vn 0.1484876 -0.7795747 -0.6084527
vn 0.2025148 -0.8799770 -0.4296840
vn 0.1841434 -0.7720867 -0.6082544
vn 0.2198521 -0.6509773 -0.7265629
vn 0.1650972 -0.6794762 -0.7148811
vn 0.1548534 -0.8766043 -0.4556154
vn 0.1831898 -0.9100315 -0.3718659
vn 0.2682950 -0.9250336 -0.2689433
vn 0.2441605 -0.9042805 -0.3502320
vn 0.2066018 -0.9340336 -0.2913711
vn 0.2243092 -0.9491999 -0.2206922
vn 0.3052226 -0.9473109 -0.0971666
vn 0.2957297 -0.9326230 -0.2067810
vn 0.2383642 -0.9654257 -0.1055256
vn 0.2396901 -0.9708495 -0.0000000
vn 0.3007114 -0.9482268 0.1021691
vn 0.3095939 -0.9508688 0.0000000
vn 0.2382709 -0.9650441 0.1091640
vn 0.2204624 -0.9501537 0.2204636
vn 0.2665410 -0.9285505 0.2583598
vn 0.2777160 -0.9379918 0.2074735
vn 0.2072815 -0.9371254 0.2807675
vn 0.1766817 -0.9173828 0.3566405
vn 0.1901068 -0.8587559 0.4758127
vn 0.2181312 -0.9160529 0.3365499
vn 0.1450335 -0.8595459 0.4900469
vn 0.2072432 -0.6828215 0.7005748
vn 0.1548132 -0.6983908 0.6987726
vn 0.2290883 -0.5491871 -0.8036866
vn 0.2049757 -0.6351369 -0.7447053
vn 0.2772336 -0.6030682 -0.7479640
vn 0.3345072 -0.5504609 -0.7649168
vn 0.1985896 -0.6231545 0.7564659
vn 0.2667881 -0.5930994 0.7596428
vn 0.3124372 -0.5454633 0.7777228
vn 0.2318713 -0.5762837 0.7836664
vn 0.2253965 -0.5390372 0.8115635
vn 0.2084450 -0.4916529 0.8454751
vn 0.2240999 -0.4359077 -0.8716442
vn 0.3495873 -0.4675627 -0.8118952
vn 0.3208673 -0.4261915 -0.8458161
vn 0.3166897 -0.3120513 -0.8957297
vn 0.2307096 -0.3291537 -0.9156587
vn 0.3755389 -0.5046758 -0.7773499
vn 0.3324197 -0.4626783 0.8218430
vn 0.2133034 -0.4413590 0.8716099
vn 0.3113107 -0.3151973 0.8965133
vn 0.2304325 -0.3425072 0.9108181
vn 0.2384425 -0.2376291 -0.9416356
vn 0.3425121 -0.2304348 -0.9108157
vn 0.3456314 -0.1031425 -0.9326846
vn 0.2433044 -0.1069011 -0.9640410
vn 0.2376244 -0.2384291 0.9416401
vn 0.3291479 -0.2307076 0.9156614
vn 0.3341046 -0.1269367 0.9339492
vn -0.2686210 0.2686210 -0.9250327
vn 0.2492119 -0.1606583 0.9550300
vn 0.2446926 -0.0000006 -0.9696007
vn 0.3484298 0.0000000 -0.9373349
vn 0.3539569 0.1345062 -0.9255391
vn 0.2427979 0.1248430 -0.9620101
vn 0.2460161 0.0000004 0.9692658
vn 0.3387958 0.0000000 0.9408600
vn 0.3354968 0.1005900 0.9366555
vn -0.2788709 -0.0000014 -0.9603286
vn 0.2518090 0.0818840 0.9643066
vn 0.2367424 0.2367424 -0.9422877
vn 0.3362229 0.2301050 -0.9132392
vn 0.3199053 0.3199079 -0.8918069
vn 0.2315106 0.3559990 -0.9053549
vn 0.2396102 0.2396101 0.9408368
vn 0.3306966 0.2314759 0.9149091
vn 0.3182411 0.3182423 0.8929975
vn 0.2314758 0.3306978 0.9149086
vn 0.3250761 0.4728369 -0.8189937
vn 0.2292250 0.5187563 -0.8236187
vn 0.2418477 0.4748568 -0.8461801
vn 0.2929536 0.5539933 -0.7792751
vn 0.3417844 0.4952760 0.7986770
vn 0.3116729 0.4613086 0.8306952
vn 0.2618737 0.5230881 0.8110493
vn 0.3009402 0.5337539 0.7902794
vn 0.2321886 0.5746979 0.7847362
vn 0.2236386 0.5247642 0.8213454
vn 0.2356188 0.4734014 0.8487490
vn 0.2247309 0.4488436 0.8648904
vn 0.2957263 0.4255617 0.8552445
vn 0.2078840 0.4957746 0.8432032
vn 0.2072565 0.5976640 -0.7744949
vn 0.2476698 0.6072592 -0.7549145
vn 0.2034287 0.6910372 -0.6936024
vn 0.1545699 0.7272255 -0.6687683
vn 0.1967311 0.6147892 0.7637612
vn 0.2479829 0.5969599 0.7629831
vn 0.2072165 0.6799691 0.7033515
vn 0.1536981 0.7036348 0.6937399
vn 0.1880687 0.5667741 0.8021205
vn 0.1797265 0.5391490 0.8228103
vn 0.2052464 0.8669912 -0.4540927
vn 0.1509654 0.8445041 -0.5138310
vn 0.2387441 0.9059156 -0.3497402
vn 0.2655507 0.9221620 -0.2812472
vn 0.1791676 0.9099571 -0.3740015
vn 0.2061071 0.9296114 -0.3055202
vn 0.2887651 0.9348040 -0.2067759
vn 0.3040211 0.9456682 -0.1152509
vn 0.2206870 0.9491999 -0.2243139
vn 0.2387809 0.9623724 -0.1297036
vn 0.3111113 0.9503735 0.0000000
vn 0.3048239 0.9482788 0.0885984
vn 0.2408337 0.9705664 0.0000000
vn 0.2397729 0.9663328 0.0933263
vn 0.2887306 0.9347116 0.2072410
vn 0.2649343 0.9269101 0.2657961
vn 0.2253332 0.9478658 0.2253341
vn 0.2071884 0.9344796 0.2895183
vn 0.2310957 0.9138115 0.3339810
vn 0.1979993 0.8840803 0.4233183
vn 0.1820823 0.9143969 0.3615581
vn 0.1486417 0.8806336 0.4498779
vn 0.1438509 0.7924985 0.5926661
vn 0.1744760 0.7887048 0.5894938
vn 0.2943000 -0.7752349 -0.5589262
vn 0.2919049 -0.9059221 -0.3067517
vn 0.3222759 -0.9253427 -0.1996979
vn 0.2868236 -0.9179943 -0.2738954
vn 0.2695400 -0.8988056 -0.3456829
vn 0.3284588 -0.9142460 -0.2372112
vn 0.3567537 -0.9176412 -0.1751039
vn 0.3717752 -0.9256703 -0.0701261
vn 0.3635074 -0.9187197 -0.1543262
vn 0.3803095 -0.9200757 -0.0939442
vn 0.3819908 -0.9241661 0.0000000
vn 0.3682427 -0.9262956 0.0798364
vn 0.3826297 -0.9239018 0.0000000
vn 0.3808842 -0.9214740 0.0762427
vn 0.3525648 -0.9191109 0.1758787
vn 0.3123543 -0.9310768 0.1884959
vn 0.3405939 -0.9272813 0.1553872
vn 0.3299574 -0.9184387 0.2181706
vn 0.3769324 -0.8692574 0.3198648
vn 0.3413161 -0.8635021 0.3713048
vn 0.2699110 -0.7557262 0.5966792
vn 0.2482388 -0.6414602 0.7258831
vn 0.3327824 -0.5439491 -0.7703086
vn 0.2866851 -0.6495773 -0.7041740
vn 0.3318104 -0.4945147 -0.8033412
vn 0.4036548 -0.4228269 -0.8113447
vn 0.3988190 -0.4839770 -0.7789157
vn -0.2961080 0.7711354 0.5636225
vn 0.7391390 -0.4595634 0.4924175
vn 0.3652303 -0.6227613 0.6919358
vn 0.3081427 -0.5418668 0.7819389
vn 0.3777185 -0.4305920 0.8197068
vn 0.3630567 -0.4886910 0.7933290
vn 0.4706195 -0.3410574 -0.8137549
vn 0.4526561 -0.4426993 -0.7740282
vn 0.4730183 -0.4015544 -0.7842243
vn 0.5253941 -0.3375277 -0.7810481
vn 0.4220162 -0.4312284 0.7974613
vn 0.4446841 -0.3727297 0.8144499
vn 0.5136514 -0.3165312 0.7974775
vn 0.4910780 -0.3626727 0.7920296
vn 0.4612822 -0.3415371 0.8188841
vn 0.4224032 -0.3175934 0.8489463
vn 0.4428183 -0.2158376 -0.8702449
vn 0.5350875 -0.2309616 -0.8126119
vn 0.4988476 -0.2116836 -0.8404410
vn 0.5060327 -0.0751350 -0.8592355
vn 0.4464164 -0.1022135 -0.8889683
vn 0.5672154 -0.2495358 -0.7848557
vn 0.5270304 -0.2236224 0.8198975
vn 0.4335796 -0.2225176 0.8732094
vn 0.5078267 -0.0988603 0.8557679
vn 0.4472687 -0.1242216 0.8857312
vn 0.4487458 0.0000000 -0.8936595
vn 0.5087972 0.0000000 -0.8608864
vn 0.4976997 0.1008982 -0.8614607
vn 0.4483088 0.1314287 -0.8841639
vn 0.4507906 0.0000000 0.8926297
vn 0.5158945 0.0000000 0.8566522
vn 0.5092499 0.0898346 0.8559172
vn 0.4487559 0.0944882 0.8886451
vn 0.5166703 0.2332697 -0.8237943
vn 0.4650321 0.3017444 -0.8322833
vn 0.4793873 0.2364914 -0.8451388
vn 0.4911796 0.3201252 -0.8101003
vn 0.5661799 0.2338395 0.7904172
vn 0.5165192 0.2244833 0.8263263
vn 0.5230637 0.2619120 0.8110527
vn 0.5236712 0.3016681 0.7967213
vn 0.4952112 0.3418812 0.7986758
vn 0.4612877 0.3116951 0.8306984
vn 0.4733550 0.2355980 0.8487807
vn 0.4488387 0.2247303 0.8648932
vn 0.4925854 0.2083161 0.8449638
vn 0.4255563 0.2957274 0.8552468
vn 0.4334987 0.4157614 -0.7995132
vn 0.4457960 0.4080881 -0.7966995
vn 0.3850459 0.4549275 -0.8029823
vn 0.3977490 0.4877297 -0.7771199
vn 0.4289444 0.4289801 0.7949734
vn 0.4616047 0.3691670 0.8066207
vn 0.3782225 0.3973487 0.8360991
vn 0.3657783 0.4768268 0.7992762
vn 0.4081600 0.4081678 0.8165810
vn 0.3887307 0.3887358 0.8353280
vn 0.4301764 0.6595133 -0.6164337
vn 0.2808148 0.7921011 -0.5419583
vn 0.4045834 0.6506673 -0.6426073
vn 0.3867357 0.8504114 -0.3567015
vn -0.3435399 -0.8551063 0.3882958
vn 0.2282268 0.8159388 0.5311840
vn 0.2392859 0.5830846 0.7763727
vn 0.3540360 0.7838244 0.5101743
vn 0.1640217 0.9477310 0.2736841
vn 0.2952098 0.9063241 0.3023705
vn 0.2466530 0.7947878 0.5545040
vn 0.3256950 0.6139491 0.7190196
vn 0.3146872 0.5527519 0.7716459
vn 0.2834373 0.5012726 0.8175507
vn 0.2430259 0.6601049 0.7107742
vn 0.2401965 0.8610880 -0.4481443
vn 0.2848260 0.9057251 -0.3139048
vn 0.3364669 0.9175938 -0.2116873
vn 0.3271386 0.9095878 -0.2561844
vn 0.3669496 0.9175841 -0.1529291
vn 0.3910300 0.9162754 -0.0868044
vn 0.3522741 0.9182630 -0.1808201
vn 0.3805912 0.9182112 -0.1097208
vn 0.4000158 0.9165083 0.0000000
vn 0.3475414 0.9374521 0.0199635
vn 0.3829138 0.9237841 0.0000000
vn 0.3819335 0.9214321 0.0713409
vn 0.1761009 0.9709932 0.1617424
vn 0.1286446 0.9720302 0.1964891
vn 0.3576186 0.9160574 0.1815152
vn 0.3291177 0.9154217 0.2316996
vn 0.2890477 0.9110214 0.2940945
vn 0.0528807 0.9648646 0.2573715
vn 0.2326092 0.8858146 0.4015288
vn 0.2216813 0.7816655 0.5829721
vn 0.3238517 -0.9292829 -0.1776327
vn 0.3668178 -0.9212973 -0.1290579
vn 0.3945911 -0.9164839 -0.0659946
vn 0.3940243 -0.9191000 0.0000000
vn 0.3920358 -0.9188986 0.0439687
vn 0.3487472 -0.9283221 0.1288151
vn 0.4068680 -0.8813571 0.2401416
vn 0.3959090 -0.8581368 0.3268901
vn 0.3955982 -0.3644555 -0.8430150
vn 0.2779776 -0.7729234 -0.5703664
vn 0.5211122 -0.8436478 -0.1292298
vn 0.5532434 -0.6556669 -0.5138314
vn 0.6157520 -0.2565488 -0.7450047
vn -0.9002482 -0.4344439 0.0284929
vn 0.5337278 -0.8436829 -0.0577380
vn 0.5802815 -0.8121193 -0.0611206
vn 0.5512996 -0.8340180 0.0219713
vn 0.6093451 -0.7929051 0.0000000
vn 0.4680272 -0.8523973 0.2331725
vn 0.6053802 -0.7936879 0.0597852
vn 0.5002363 -0.6451007 0.5775887
vn 0.4594816 -0.7738568 0.4359154
vn 0.3710078 -0.6743306 0.6384601
vn 0.3215398 -0.3294781 0.8877254
vn 0.3558197 -0.3727436 0.8570032
vn 0.4797511 -0.3173485 -0.8180029
vn 0.5904332 -0.2554248 -0.7656023
vn 0.4701377 -0.2451525 -0.8478624
vn 0.5397265 -0.2004179 -0.8176356
vn 0.5539085 -0.2698876 -0.7876205
vn 0.6619331 -0.1878464 -0.7256435
vn 0.4313522 -0.2982283 0.8514665
vn 0.3937945 -0.2189531 0.8927404
vn 0.4702155 -0.1864673 0.8626281
vn 0.5124370 -0.2552112 0.8199241
vn 0.6093047 -0.1232923 -0.7832922
vn 0.5963297 -0.1940297 -0.7789373
vn 0.5742556 -0.1571016 -0.8034610
vn 0.5973299 -0.0803572 -0.7979597
vn 0.5525517 -0.1898692 0.8115641
vn 0.5168847 -0.1441865 0.8438249
vn 0.5546970 -0.0812741 0.8280735
vn 0.5946288 -0.1189319 0.7951552
vn 0.5868077 -0.0975121 0.8038334
vn 0.5514917 -0.1086388 0.8270760
vn 0.6022028 0.0638486 -0.7957859
vn 0.6131646 0.0000000 -0.7899551
vn 0.6145059 0.0000000 -0.7889122
vn 0.5894052 0.0763301 -0.8042233
vn 0.5988794 0.0000002 0.8008392
vn 0.5666224 0.0000000 0.8239776
vn 0.5586939 0.0662492 0.8267238
vn 0.5973147 0.0722401 0.7987469
vn 0.5859655 0.0714649 0.8071786
vn 0.5875604 0.0000000 0.8091803
vn 0.5547788 0.0000000 0.8319979
vn 0.5533862 0.0707706 0.8299128
vn 0.5797757 0.1833958 -0.7938679
vn -0.6265090 -0.1441700 0.7659646
vn 0.5892435 0.1549695 -0.7929543
vn 0.5368637 0.1935181 -0.8211748
vn 0.5598848 0.2270497 -0.7968548
vn 0.5571809 0.1921412 0.8078559
vn 0.5302781 0.1429083 0.8356928
vn 0.4545257 0.1610582 0.8760517
vn 0.5142089 0.2421972 0.8227574
vn 0.5492693 0.1862007 0.8146364
vn 0.5264987 0.1781077 0.8313102
vn 0.6302376 0.2638170 -0.7302062
vn 0.4233975 0.5079135 -0.7501723
vn 0.4923422 0.3025120 -0.8161408
vn 0.5417205 0.4545344 -0.7070625
vn 0.4421150 0.3009883 0.8449499
vn 0.3002502 0.2280545 0.9261971
vn 0.1753268 0.1703488 0.9696606
vn 0.3660557 0.2967106 0.8820238
vn 0.4490616 0.6405684 -0.6229091
vn 0.3970145 0.7689098 -0.5011559
vn 0.2910033 0.9047384 -0.3110715
vn 0.3533523 0.9031655 -0.2437913
vn 0.2880685 0.8926815 -0.3466067
vn 0.3180050 0.9452565 -0.0732320
vn 0.3566406 0.9332440 -0.0431648
vn 0.3352194 0.9354109 -0.1124028
vn 0.3655368 0.9225503 -0.1236277
vn 0.4002040 0.9129225 -0.0800574
vn 0.3888550 0.9177389 -0.0809158
vn 0.3681601 0.9297624 -0.0000893
vn 0.2722558 0.9273115 -0.2568465
vn 0.3901094 0.9207685 -0.0000660
vn 0.4014434 0.9158838 -0.0000578
vn 0.4004166 0.9089952 -0.1157336
vn 0.3868951 0.9133056 -0.1272206
vn 0.0515320 0.9576302 -0.2833529
vn -0.2616949 0.6454708 0.7175536
vn -0.0350430 0.2638997 0.9639133
vn 0.1013087 0.7729810 0.6262881
vn -0.2857555 0.8819435 0.3748590
vn 0.0076788 0.9400210 0.3410300
vn 0.2149445 0.4381187 0.8728407
vn 0.2745705 0.3413082 0.8989547
vn -0.0432863 0.2431114 0.9690321
vn 0.3272866 0.9259817 -0.1882589
vn 0.3649549 0.9217197 -0.1313044
vn 0.3888470 0.9179466 -0.0785624
vn 0.3899651 0.9208297 -0.0000804
vn 0.3856893 0.9108588 -0.1469015
vn 0.1732175 0.9833344 -0.0552201
vn -0.1890180 0.9813953 -0.0336955
vn -0.0459718 0.9911167 0.1247970
vn -0.0779361 0.9667370 0.2436092
vn -0.3587600 0.9043837 0.2310444
vn 0.8843377 -0.3737738 -0.2797139
vn 0.8589540 -0.5092720 -0.0532911
vn 0.9085591 -0.4163956 -0.0336897
vn 0.8641361 -0.5032582 0.0000000
vn 0.9117134 -0.4096065 0.0316429
vn 0.8710072 -0.4882948 0.0539883
vn 0.9186448 -0.3864964 0.0819284
vn 0.6696388 -0.5581378 0.4899655
vn 0.5242457 -0.3513136 0.7757224
vn 0.3860656 -0.2670080 0.8829836
vn 0.7257596 -0.2181748 -0.6524360
vn 0.8380792 -0.1989467 -0.5079800
vn 0.9225311 -0.1320782 -0.3626179
vn 0.9173086 -0.1434588 -0.3714357
vn 0.9811000 -0.1751883 -0.0821694
vn 0.9838730 -0.1433474 -0.1069833
vn 0.9859662 -0.1631484 -0.0354008
vn 0.9793345 -0.2001167 -0.0292796
vn 0.9797547 -0.2002020 0.0000000
vn 0.9854643 -0.1698828 0.0000000
vn 0.9831242 -0.1726926 0.0603662
vn 0.9785038 -0.1999481 0.0505091
vn 0.9805367 -0.1784513 0.0818714
vn 0.9816127 -0.1582183 0.1067875
vn 0.9821059 -0.1339677 0.1323657
vn 0.9822378 -0.1535932 0.1077870
vn 0.8385866 -0.1575557 0.5214871
vn 0.8539642 -0.1341523 0.5027408
vn 0.5843973 -0.1405106 0.7992099
vn 0.5351720 -0.1513368 0.8310764
vn 0.4676265 -0.1703368 0.8673586
vn 0.5117170 -0.1410491 0.8474968
vn 0.7709006 -0.1206353 -0.6254274
vn 0.7459686 -0.1517243 -0.6484679
vn 0.8560403 -0.1457354 -0.4959397
vn 0.8700057 -0.0882367 -0.4850819
vn 0.9193162 -0.0475644 -0.3906344
vn 0.9426642 -0.1012097 -0.3180262
vn 0.9905996 -0.1233588 -0.0591195
vn 0.9874361 -0.1092811 -0.1141384
vn 0.9914399 -0.0445614 -0.1227235
vn 0.9906009 -0.1233794 0.0590531
vn 0.9924706 -0.1224824 0.0000000
vn 0.9854813 -0.1200204 0.1200908
vn 0.9908773 -0.0561735 0.1225017
vn 0.9879119 -0.0741809 0.1361153
vn 0.9841826 -0.0608454 0.1663805
vn 0.9824978 -0.1066997 0.1526866
vn 0.8578267 -0.1092849 0.5021856
vn 0.8686543 -0.0648383 0.4911574
vn 0.6424664 -0.0703296 0.7630798
vn 0.6138973 -0.1092286 0.7817923
vn 0.5503057 -0.1180351 0.8265780
vn 0.5743014 -0.0692802 0.8157072
vn 0.7810014 0.0460636 -0.6228282
vn 0.7783045 0.0000000 -0.6278870
vn 0.8736506 0.0000000 -0.4865540
vn 0.8718117 0.0626874 -0.4858135
vn 0.9210898 0.0575546 -0.3850728
vn 0.9506427 0.0000000 -0.3102879
vn 0.9923752 0.0000000 -0.1232544
vn 0.9900847 0.0674936 -0.1231940
vn 0.9906410 0.0000000 0.1364933
vn 0.9924853 0.0000000 0.1223641
vn 0.9913262 0.0478529 0.1224028
vn 0.9894347 0.0493372 0.1363262
vn 0.9849954 0.0451089 0.1665808
vn 0.9852111 0.0000000 0.1713450
vn 0.8703715 0.0000000 0.4923956
vn 0.8698512 0.0357095 0.4920200
vn 0.6438549 0.0372838 0.7642387
vn 0.6451089 0.0000000 0.7640906
vn 0.5756887 0.0000000 0.8176689
vn 0.5752078 0.0408038 0.8169890
vn 0.7452182 0.2032538 -0.6350888
vn 0.7643793 0.1602556 -0.6245338
vn 0.8643528 0.1501800 -0.4799376
vn 0.8502904 0.1915352 -0.4902248
vn 0.9285100 0.1285965 -0.3483276
vn 0.9330324 0.1014056 -0.3452065
vn 0.9854807 0.1199795 -0.1201363
vn 0.9908741 0.1225027 -0.0562284
vn 0.9834304 0.1463882 -0.1069353
vn 0.9852179 0.1600577 -0.0610509
vn 0.9879211 0.1359822 -0.0743022
vn 0.9924853 0.1223637 -0.0000000
vn 0.9913259 0.1224014 0.0478626
vn 0.9906592 0.1363611 -0.0000000
vn 0.9863037 0.1649396 0.0000000
vn 0.9986416 0.0521010 -0.0007842
vn 0.9894530 0.1361943 0.0493344
vn 0.9853993 0.1203425 0.1204401
vn 0.9876860 0.1106241 0.1106284
vn 0.9895588 -0.0959583 0.1075427
vn 0.9855243 -0.0618909 0.1578337
vn 0.9824580 0.1066650 0.1529666
vn 0.8637618 0.1109838 0.4915264
vn 0.8594957 -0.0795001 0.5049226
vn 0.5830693 -0.0493808 0.8109203
vn 0.6149274 0.1110690 0.7807227
vn 0.5351087 0.1199405 0.8362255
vn 0.5167906 0.0060967 0.8560901
vn 0.7183593 0.2637837 -0.6437221
vn 0.8343962 0.2042495 -0.5119230
vn 0.9302064 0.2073900 -0.3028291
vn 0.9295724 0.1455726 -0.3386794
vn 0.9807878 0.1751663 -0.0858602
vn 0.9717266 0.2282265 -0.0604996
vn 0.9677798 0.2491034 -0.0367399
vn 0.9780236 0.2005262 -0.0570873
vn 0.9796369 0.2007773 -0.0000927
vn 0.9667095 0.2558766 -0.0001440
vn 0.9561800 0.1866894 -0.2255369
vn 0.9507274 0.1904711 -0.2446181
vn 0.8943592 -0.4132022 0.1714226
vn 0.9685379 -0.0569177 -0.2422700
vn 0.8420776 -0.0985772 -0.5302715
vn 0.7364681 -0.1859889 0.6504021
vn 0.6790579 -0.5996546 0.4234322
vn 0.5632941 -0.2818043 0.7767150
vn 0.0801518 -0.0641008 0.9947195
vn 0.3334471 -0.0186961 0.9425834
vn 0.2528276 0.0762662 0.9645007
vn 0.0851896 -0.0520458 0.9950045
vn 0.6719376 0.6367477 -0.3782223
vn 0.7305033 0.6801378 -0.0614619
vn 0.7345380 0.6777435 -0.0334342
vn 0.7349036 0.6781716 -0.0002669
vn 0.6932487 0.5369245 -0.4807478
vn 0.6719843 0.0288322 -0.7400040
vn 0.2944431 0.4566613 -0.8395020
vn -0.1342054 0.8505656 -0.5084555
vn 0.0811799 -0.4913071 0.8671950
vn -0.5873775 0.4487874 0.6734816
vn -0.2017737 -0.0692838 0.9769785
vn -0.2520899 -0.0249365 0.9673824
vn -0.2886021 0.8724155 -0.3944618
vn -0.4418022 0.8699738 -0.2189898
vn -0.5035432 0.8636720 -0.0226951
vn -0.5308134 0.6938158 0.4866793
vn -0.5817021 0.8058387 0.1106646
vn -0.4044378 0.3810392 0.8314080
vn 0.9967865 -0.0566374 -0.0566471
vn 0.9973512 -0.0727364 0.0000000
vn 0.9976829 -0.0519331 0.0439520
vn 0.9917672 -0.0608073 0.1126961
vn 0.9974194 0.0384499 -0.0606309
vn 0.9981604 0.0000000 -0.0606278
vn 1.0000000 0.0000000 0.0000000
vn 0.9986842 0.0512818 0.0000000
vn 0.9975711 0.0492394 0.0492689
vn 0.9986827 0.0000000 0.0513112
vn 0.9936057 0.0000000 0.1129056
vn 0.9926684 0.0434253 0.1127988
vn 0.9917650 0.1126934 -0.0608467
vn 0.9936082 0.1128840 -0.0000149
vn 0.9926703 0.1127707 0.0434563
vn 0.9891657 0.1037899 0.1038214
vn 0.7999873 -0.5547808 -0.2285574
vn 0.6169025 -0.7602833 0.2034715
vn 0.5801069 -0.1872134 -0.7927340
vn 0.7186968 -0.5709900 -0.3967936
vn 0.6504083 -0.3535804 -0.6722722
vn 0.4959620 0.0588273 -0.8663493
vn 0.3023719 0.2281907 -0.9254730
vn 0.5429782 -0.7798126 0.3115558
vn 0.7276675 -0.6604186 -0.1853298
vn 0.1952442 -0.7847028 0.5883207
vn 0.1682958 -0.2399454 0.9560872
vn -0.1148617 -0.1502293 0.9819562
vn 0.6443147 0.2797943 -0.7117399
vn 0.1951250 0.5271679 -0.8270551
vn 0.4138086 0.8014811 -0.4317297
vn -0.3571894 0.9131837 -0.1962425
vn -0.4501983 0.8009884 0.3946377
vn -0.2158789 0.3051170 0.9275235
vn 0.1918689 0.1714661 0.9663258
vn 0.1243247 0.4671884 0.8753732
vn 0.0071695 0.9960268 0.0887653
vn -0.0357291 0.8045288 0.5928380
vn 0.8241092 -0.1914377 -0.5331001
vn 0.9000888 -0.3228253 -0.2926157
vn 0.9586187 -0.2675676 0.0972505
vn 0.6153258 -0.3248993 0.7182023
vn 0.7919793 0.1839871 -0.5821663
vn 0.9254389 0.1981765 -0.3229379
vn 0.8638448 0.4747952 0.1683501
vn 0.9721763 0.2010783 0.1201696
vn 0.6415578 0.1589088 0.7504343
vn 0.5933973 0.3987367 0.6992057
vn 0.5295980 0.8471602 0.0429611
vn 0.4492190 0.7196224 0.5294770
vn -0.5970150 0.4956351 0.6308083
vn 0.8571429 -0.2857143 0.4285714
vn -0.6754062 0.7368067 -0.0307003
vn -0.0578315 -0.9831354 -0.1734945
vn 0.0000000 1.0000000 0.0000000
vn 0.2508779 -0.8187267 -0.5164755
vn -0.4429092 0.1384091 -0.8858185
vn 0.2508782 -0.8187267 -0.5164754
vn -0.6695082 0.7187267 0.1875917
vn -0.6520325 0.6520325 0.3869204
f 1//1 3//3 2//2
f 1//1 4//4 3//3
f 1//1 5//5 4//4
f 1//1 6//6 5//5
f 1//1 7//7 6//6
f 1//1 2//2 7//7
f 7//7 2//2 8//8
f 7//7 8//8 6//6
f 5//5 9//9 4//4
f 5//5 6//6 9//9
f 6//6 8//8 10//10
f 6//6 10//10 9//9
f 11//11 13//13 12//12
f 11//11 14//14 13//13
f 11//11 15//15 14//14
f 3//3 4//4 11//11
f 4//4 15//15 11//11
f 3//3 11//11 2//2
f 2//2 11//11 16//16
f 11//11 12//12 16//16
f 16//16 12//12 17//17
f 16//16 17//17 2//2
f 17//17 18//18 2//2
f 2//2 18//18 8//8
f 15//15 19//19 14//14
f 14//14 19//19 20//20
f 19//19 21//21 20//20
f 19//19 22//22 21//21
f 19//19 23//23 22//22
f 4//4 9//9 19//19
f 9//9 23//23 19//19
f 19//19 24//24 4//4
f 18//18 17//17 25//25
f 25//25 17//17 26//26
f 27//27 25//25 26//26
f 9//9 25//25 23//23
f 25//25 27//27 23//23
f 9//9 10//10 25//25
f 10//10 8//8 25//25
f 8//8 18//18 25//25
f 22//22 28//28 21//21
f 22//22 23//23 28//28
f 23//23 27//27 29//29
f 23//23 29//29 28//28
f 30//30 32//32 31//31
f 30//30 33//33 32//32
f 30//30 34//34 33//33
f 30//30 35//35 34//34
f 30//30 36//36 35//35
f 30//30 31//31 36//36
f 37//37 39//39 38//38
f 36//36 31//31 37//37
f 31//31 39//39 37//37
f 36//36 37//37 35//35
f 35//35 37//37 40//40
f 37//37 41//41 40//40
f 37//37 42//42 41//41
f 37//37 38//38 42//42
f 42//42 38//38 43//43
f 42//42 43//43 41//41
f 34//34 44//44 33//33
f 34//34 35//35 44//44
f 40//40 45//45 35//35
f 45//45 46//46 35//35
f 35//35 46//46 44//44
f 40//40 41//41 45//45
f 41//41 43//43 47//47
f 41//41 47//47 45//45
f 48//48 50//50 49//49
f 48//48 51//51 50//50
f 48//48 52//52 51//51
f 13//13 14//14 48//48
f 14//14 52//52 48//48
f 13//13 48//48 12//12
f 12//12 48//48 53//53
f 48//48 49//49 53//53
f 53//53 49//49 54//54
f 53//53 54//54 12//12
f 54//54 55//55 12//12
f 12//12 55//55 17//17
f 52//52 56//56 51//51
f 51//51 56//56 57//57
f 56//56 58//58 57//57
f 56//56 59//59 58//58
f 20//20 21//21 56//56
f 21//21 59//59 56//56
f 56//56 14//14 20//20
f 56//56 52//52 14//14
f 60//60 55//55 54//54
f 61//61 27//27 26//26
f 26//26 17//17 61//61
f 17//17 62//62 61//61
f 17//17 55//55 62//62
f 55//55 60//60 62//62
f 63//63 65//65 64//64
f 62//62 60//60 63//63
f 60//60 65//65 63//63
f 62//62 63//63 61//61
f 61//61 63//63 66//66
f 63//63 67//67 66//66
f 63//63 68//68 67//67
f 63//63 64//64 68//68
f 68//68 64//64 69//69
f 68//68 69//69 67//67
f 59//59 70//70 58//58
f 58//58 70//70 71//71
f 70//70 72//72 71//71
f 70//70 73//73 72//72
f 70//70 74//74 73//73
f 21//21 28//28 70//70
f 28//28 74//74 70//70
f 70//70 59//59 21//21
f 75//75 74//74 28//28
f 28//28 29//29 75//75
f 29//29 76//76 75//75
f 29//29 27//27 76//76
f 27//27 77//77 76//76
f 77//77 27//27 61//61
f 78//78 61//61 66//66
f 78//78 77//77 61//61
f 77//77 78//78 76//76
f 76//76 78//78 79//79
f 78//78 80//80 79//79
f 78//78 81//81 80//80
f 66//66 67//67 78//78
f 67//67 81//81 78//78
f 67//67 69//69 82//82
f 69//69 83//83 82//82
f 82//82 81//81 67//67
f 81//81 82//82 80//80
f 80//80 82//82 84//84
f 82//82 85//85 84//84
f 82//82 86//86 85//85
f 82//82 83//83 86//86
f 86//86 83//83 87//87
f 86//86 87//87 85//85
f 88//88 90//90 89//89
f 88//88 91//91 90//90
f 88//88 92//92 91//91
f 88//88 93//93 92//92
f 88//88 94//94 93//93
f 88//88 89//89 94//94
f 73//73 95//95 72//72
f 72//72 95//95 96//96
f 94//94 89//89 95//95
f 89//89 96//96 95//95
f 94//94 95//95 93//93
f 93//93 95//95 97//97
f 95//95 98//98 97//97
f 95//95 99//99 98//98
f 73//73 74//74 95//95
f 74//74 99//99 95//95
f 100//100 74//74 75//75
f 100//100 99//99 74//74
f 99//99 100//100 98//98
f 98//98 100//100 101//101
f 100//100 102//102 101//101
f 100//100 103//103 102//102
f 75//75 76//76 100//100
f 76//76 103//103 100//100
f 104//104 76//76 79//79
f 104//104 103//103 76//76
f 103//103 104//104 102//102
f 102//102 104//104 105//105
f 104//104 106//106 105//105
f 104//104 107//107 106//106
f 79//79 80//80 104//104
f 80//80 107//107 104//104
f 108//108 80//80 84//84
f 108//108 107//107 80//80
f 107//107 108//108 106//106
f 106//106 108//108 109//109
f 108//108 110//110 109//109
f 108//108 111//111 110//110
f 84//84 85//85 108//108
f 85//85 111//111 108//108
f 85//85 87//87 112//112
f 87//87 113//113 112//112
f 112//112 111//111 85//85
f 111//111 112//112 110//110
f 110//110 112//112 114//114
f 112//112 115//115 114//114
f 112//112 116//116 115//115
f 112//112 113//113 116//116
f 116//116 113//113 117//117
f 116//116 117//117 115//115
f 92//92 118//118 91//91
f 91//91 118//118 119//119
f 118//118 120//120 119//119
f 118//118 121//121 120//120
f 118//118 122//122 121//121
f 118//118 123//123 122//122
f 92//92 93//93 118//118
f 93//93 123//123 118//118
f 124//124 93//93 97//97
f 124//124 123//123 93//93
f 123//123 124//124 122//122
f 122//122 124//124 125//125
f 124//124 126//126 125//125
f 124//124 127//127 126//126
f 97//97 98//98 124//124
f 98//98 127//127 124//124
f 128//128 98//98 101//101
f 128//128 127//127 98//98
f 127//127 128//128 126//126
f 126//126 128//128 129//129
f 32//32 33//33 128//128
f 33//33 129//129 128//128
f 32//32 128//128 31//31
f 31//31 128//128 130//130
f 101//101 102//102 128//128
f 102//102 130//130 128//128
f 131//131 102//102 105//105
f 131//131 130//130 102//102
f 131//131 31//31 130//130
f 131//131 39//39 31//31
f 39//39 131//131 38//38
f 38//38 131//131 132//132
f 105//105 106//106 131//131
f 106//106 132//132 131//131
f 133//133 106//106 109//109
f 133//133 132//132 106//106
f 133//133 38//38 132//132
f 38//38 133//133 43//43
f 43//43 133//133 134//134
f 133//133 135//135 134//134
f 109//109 110//110 133//133
f 110//110 135//135 133//133
f 136//136 110//110 114//114
f 136//136 135//135 110//110
f 135//135 136//136 134//134
f 134//134 136//136 137//137
f 136//136 138//138 137//137
f 136//136 139//139 138//138
f 114//114 115//115 136//136
f 115//115 139//139 136//136
f 115//115 117//117 140//140
f 115//115 140//140 139//139
f 140//140 141//141 139//139
f 139//139 141//141 138//138
f 121//121 142//142 120//120
f 121//121 122//122 142//142
f 143//143 122//122 125//125
f 122//122 143//143 142//142
f 142//142 143//143 144//144
f 143//143 145//145 144//144
f 143//143 146//146 145//145
f 143//143 147//147 146//146
f 125//125 126//126 143//143
f 126//126 147//147 143//143
f 148//148 126//126 129//129
f 148//148 147//147 126//126
f 147//147 148//148 146//146
f 146//146 148//148 149//149
f 148//148 150//150 149//149
f 33//33 44//44 148//148
f 44//44 150//150 148//148
f 148//148 129//129 33//33
f 151//151 150//150 44//44
f 44//44 46//46 151//151
f 46//46 152//152 151//151
f 152//152 46//46 45//45
f 153//153 152//152 45//45
f 45//45 47//47 153//153
f 47//47 154//154 153//153
f 47//47 43//43 154//154
f 43//43 155//155 154//154
f 155//155 43//43 134//134
f 137//137 156//156 134//134
f 156//156 157//157 134//134
f 134//134 157//157 155//155
f 157//157 158//158 155//155
f 155//155 158//158 154//154
f 137//137 138//138 156//156
f 138//138 141//141 159//159
f 138//138 159//159 156//156
f 145//145 160//160 144//144
f 145//145 146//146 160//160
f 161//161 146//146 149//149
f 146//146 161//161 160//160
f 160//160 161//161 162//162
f 161//161 163//163 162//162
f 161//161 164//164 163//163
f 161//161 165//165 164//164
f 149//149 150//150 161//161
f 150//150 165//165 161//161
f 166//166 150//150 151//151
f 166//166 165//165 150//150
f 165//165 166//166 164//164
f 164//164 166//166 167//167
f 166//166 168//168 167//167
f 166//166 169//169 168//168
f 151//151 152//152 166//166
f 152//152 169//169 166//166
f 153//153 170//170 152//152
f 170//170 171//171 152//152
f 152//152 171//171 169//169
f 171//171 172//172 169//169
f 169//169 172//172 168//168
f 153//153 154//154 170//170
f 154//154 158//158 173//173
f 154//154 173//173 170//170
f 163//163 174//174 162//162
f 163//163 164//164 174//174
f 167//167 175//175 164//164
f 175//175 176//176 164//164
f 164//164 176//176 174//174
f 167//167 168//168 175//175
f 168//168 172//172 177//177
f 168//168 177//177 175//175
f 50//50 51//51 178//178
f 50//50 178//178 49//49
f 179//179 181//181 180//180
f 179//179 182//182 181//181
f 49//49 178//178 179//179
f 178//178 182//182 179//179
f 49//49 179//179 54//54
f 54//54 179//179 183//183
f 179//179 184//184 183//183
f 179//179 180//180 184//184
f 185//185 187//187 186//186
f 184//184 180//180 185//185
f 180//180 187//187 185//185
f 184//184 185//185 183//183
f 183//183 185//185 188//188
f 185//185 189//189 188//188
f 185//185 190//190 189//189
f 185//185 186//186 190//190
f 190//190 186//186 191//191
f 190//190 191//191 189//189
f 192//192 194//194 193//193
f 192//192 195//195 194//194
f 192//192 196//196 195//195
f 192//192 197//197 196//196
f 192//192 198//198 197//197
f 192//192 193//193 198//198
f 199//199 201//201 200//200
f 198//198 193//193 199//199
f 193//193 201//201 199//199
f 198//198 199//199 197//197
f 197//197 199//199 202//202
f 57//57 58//58 199//199
f 58//58 202//202 199//199
f 199//199 51//51 57//57
f 51//51 199//199 178//178
f 178//178 199//199 200//200
f 203//203 182//182 178//178
f 203//203 178//178 200//200
f 204//204 60//60 54//54
f 204//204 54//54 183//183
f 205//205 183//183 188//188
f 205//205 204//204 183//183
f 205//205 60//60 204//204
f 205//205 65//65 60//60
f 65//65 205//205 64//64
f 64//64 205//205 206//206
f 188//188 189//189 205//205
f 189//189 206//206 205//205
f 189//189 191//191 207//207
f 191//191 208//208 207//207
f 207//207 206//206 189//189
f 207//207 209//209 206//206
f 64//64 207//207 69//69
f 69//69 207//207 210//210
f 207//207 211//211 210//210
f 207//207 208//208 211//211
f 212//212 214//214 213//213
f 211//211 208//208 212//212
f 208//208 214//214 212//212
f 211//211 212//212 210//210
f 210//210 212//212 215//215
f 212//212 216//216 215//215
f 212//212 217//217 216//216
f 212//212 213//213 217//217
f 217//217 213//213 218//218
f 217//217 218//218 216//216
f 196//196 219//219 195//195
f 195//195 219//219 220//220
f 219//219 221//221 220//220
f 219//219 222//222 221//221
f 219//219 223//223 222//222
f 219//219 224//224 223//223
f 196//196 197//197 219//219
f 197//197 224//224 219//219
f 225//225 197//197 202//202
f 225//225 224//224 197//197
f 224//224 225//225 223//223
f 223//223 225//225 226//226
f 71//71 72//72 225//225
f 72//72 226//226 225//225
f 225//225 58//58 71//71
f 225//225 202//202 58//58
f 227//227 83//83 69//69
f 227//227 69//69 210//210
f 228//228 210//210 215//215
f 228//228 227//227 210//210
f 228//228 83//83 227//227
f 83//83 228//228 87//87
f 87//87 228//228 229//229
f 228//228 230//230 229//229
f 215//215 216//216 228//228
f 216//216 230//230 228//228
f 216//216 218//218 231//231
f 216//216 231//231 230//230
f 231//231 232//232 230//230
f 230//230 232//232 229//229
f 233//233 235//235 234//234
f 233//233 236//236 235//235
f 233//233 237//237 236//236
f 233//233 238//238 237//237
f 233//233 239//239 238//238
f 233//233 234//234 239//239
f 222//222 240//240 221//221
f 221//221 240//240 241//241
f 239//239 234//234 240//240
f 234//234 241//241 240//240
f 239//239 240//240 238//238
f 238//238 240//240 242//242
f 90//90 91//91 240//240
f 91//91 242//242 240//240
f 90//90 240//240 89//89
f 89//89 240//240 243//243
f 222//222 223//223 240//240
f 223//223 243//243 240//240
f 244//244 223//223 226//226
f 244//244 243//243 223//223
f 244//244 89//89 243//243
f 244//244 96//96 89//89
f 244//244 72//72 96//96
f 244//244 226//226 72//72
f 245//245 247//247 246//246
f 248//248 247//247 245//245
f 249//249 247//247 248//248
f 250//250 247//247 249//249
f 251//251 247//247 250//250
f 246//246 247//247 251//251
f 252//252 254//254 253//253
f 251//251 254//254 246//246
f 254//254 252//252 246//246
f 251//251 250//250 254//254
f 254//254 250//250 255//255
f 256//256 254//254 255//255
f 257//257 254//254 256//256
f 253//253 254//254 257//257
f 258//258 253//253 257//257
f 258//258 257//257 256//256
f 259//259 113//113 87//87
f 259//259 87//87 229//229
f 229//229 232//232 260//260
f 232//232 261//261 260//260
f 260//260 259//259 229//229
f 260//260 113//113 259//259
f 113//113 260//260 117//117
f 117//117 260//260 262//262
f 260//260 263//263 262//262
f 260//260 261//261 263//263
f 263//263 261//261 264//264
f 263//263 264//264 262//262
f 237//237 265//265 236//236
f 236//236 265//265 266//266
f 265//265 267//267 266//266
f 265//265 268//268 267//267
f 265//265 269//269 268//268
f 265//265 270//270 269//269
f 237//237 238//238 265//265
f 238//238 270//270 265//265
f 271//271 238//238 242//242
f 271//271 270//270 238//238
f 270//270 271//271 269//269
f 269//269 271//271 272//272
f 119//119 120//120 271//271
f 120//120 272//272 271//271
f 271//271 91//91 119//119
f 271//271 242//242 91//91
f 249//249 248//248 273//273
f 273//273 248//248 274//274
f 275//275 273//273 274//274
f 276//276 273//273 275//275
f 277//277 273//273 276//276
f 278//278 273//273 277//277
f 249//249 273//273 250//250
f 273//273 278//278 250//250
f 255//255 250//250 279//279
f 250//250 278//278 279//279
f 278//278 277//277 279//279
f 279//279 277//277 280//280
f 281//281 279//279 280//280
f 282//282 279//279 281//281
f 255//255 279//279 256//256
f 279//279 282//282 256//256
f 283//283 258//258 256//256
f 256//256 282//282 283//283
f 282//282 284//284 283//283
f 284//284 282//282 281//281
f 285//285 141//141 140//140
f 140//140 117//117 285//285
f 117//117 286//286 285//285
f 286//286 117//117 262//262
f 262//262 264//264 287//287
f 262//262 287//287 286//286
f 287//287 288//288 286//286
f 286//286 288//288 285//285
f 268//268 289//289 267//267
f 268//268 269//269 289//289
f 290//290 269//269 272//272
f 269//269 290//290 289//289
f 289//289 290//290 291//291
f 290//290 292//292 291//291
f 290//290 293//293 292//292
f 120//120 142//142 290//290
f 142//142 293//293 290//290
f 290//290 272//272 120//120
f 294//294 293//293 142//142
f 294//294 142//142 144//144
f 295//295 276//276 275//275
f 295//295 277//277 276//276
f 280//280 277//277 296//296
f 277//277 297//297 296//296
f 297//297 277//277 295//295
f 296//296 281//281 280//280
f 298//298 284//284 281//281
f 298//298 281//281 296//296
f 299//299 158//158 157//157
f 299//299 157//157 156//156
f 300//300 302//302 301//301
f 303//303 302//302 300//300
f 156//156 302//302 299//299
f 302//302 303//303 299//299
f 156//156 159//159 302//302
f 159//159 141//141 302//302
f 141//141 285//285 302//302
f 302//302 285//285 301//301
f 285//285 288//288 304//304
f 285//285 304//304 301//301
f 292//292 305//305 291//291
f 291//291 305//305 306//306
f 305//305 307//307 306//306
f 305//305 308//308 307//307
f 305//305 309//309 308//308
f 305//305 310//310 309//309
f 292//292 293//293 305//305
f 293//293 310//310 305//305
f 311//311 293//293 294//294
f 311//311 310//310 293//293
f 310//310 311//311 309//309
f 309//309 311//311 312//312
f 311//311 313//313 312//312
f 144//144 160//160 311//311
f 160//160 313//313 311//311
f 311//311 294//294 144//144
f 314//314 313//313 160//160
f 314//314 160//160 162//162
f 315//315 172//172 171//171
f 315//315 171//171 170//170
f 316//316 315//315 170//170
f 170//170 173//173 316//316
f 173//173 317//317 316//316
f 173//173 158//158 317//317
f 158//158 318//318 317//317
f 318//318 158//158 299//299
f 299//299 303//303 319//319
f 299//299 319//319 318//318
f 319//319 320//320 318//318
f 318//318 320//320 317//317
f 308//308 321//321 307//307
f 308//308 309//309 321//321
f 312//312 322//322 309//309
f 322//322 323//323 309//309
f 309//309 323//323 321//321
f 312//312 313//313 322//322
f 324//324 313//313 314//314
f 313//313 324//324 322//322
f 322//322 324//324 325//325
f 324//324 326//326 325//325
f 324//324 327//327 326//326
f 162//162 174//174 324//324
f 174//174 327//327 324//324
f 324//324 314//314 162//162
f 328//328 327//327 174//174
f 174//174 176//176 328//328
f 176//176 329//329 328//328
f 329//329 176//176 175//175
f 330//330 332//332 331//331
f 333//333 332//332 330//330
f 175//175 332//332 329//329
f 332//332 333//333 329//329
f 175//175 177//177 332//332
f 177//177 172//172 332//332
f 172//172 315//315 332//332
f 332//332 315//315 331//331
f 316//316 334//334 315//315
f 334//334 335//335 315//315
f 315//315 335//335 331//331
f 316//316 317//317 334//334
f 317//317 320//320 336//336
f 317//317 336//336 334//334
f 326//326 337//337 325//325
f 326//326 327//327 337//337
f 328//328 338//338 327//327
f 338//338 339//339 327//327
f 327//327 339//339 337//337
f 328//328 329//329 338//338
f 329//329 333//333 340//340
f 329//329 340//340 338//338
f 341//341 343//343 342//342
f 341//341 344//344 343//343
f 341//341 345//345 344//344
f 341//341 346//346 345//345
f 341//341 347//347 346//346
f 341//341 342//342 347//347
f 348//348 350//350 349//349
f 347//347 342//342 348//348
f 342//342 350//350 348//348
f 347//347 348//348 346//346
f 346//346 348//348 351//351
f 181//181 182//182 348//348
f 182//182 351//351 348//348
f 181//181 348//348 180//180
f 180//180 348//348 352//352
f 348//348 349//349 352//352
f 353//353 355//355 354//354
f 352//352 349//349 353//353
f 349//349 355//355 353//353
f 353//353 180//180 352//352
f 353//353 187//187 180//180
f 187//187 353//353 186//186
f 186//186 353//353 356//356
f 353//353 354//354 356//356
f 357//357 359//359 358//358
f 356//356 354//354 357//357
f 354//354 359//359 357//357
f 357//357 186//186 356//356
f 186//186 357//357 191//191
f 191//191 357//357 360//360
f 357//357 361//361 360//360
f 357//357 358//358 361//361
f 361//361 358//358 362//362
f 361//361 362//362 360//360
f 363//363 365//365 364//364
f 363//363 366//366 365//365
f 363//363 367//367 366//366
f 194//194 195//195 363//363
f 195//195 367//367 363//363
f 194//194 363//363 193//193
f 193//193 363//363 368//368
f 363//363 364//364 368//368
f 345//345 369//369 344//344
f 344//344 369//369 370//370
f 368//368 364//364 369//369
f 364//364 370//370 369//369
f 369//369 193//193 368//368
f 369//369 201//201 193//193
f 201//201 369//369 200//200
f 200//200 369//369 371//371
f 345//345 346//346 369//369
f 346//346 371//371 369//369
f 372//372 346//346 351//351
f 372//372 371//371 346//346
f 372//372 200//200 371//371
f 372//372 203//203 200//200
f 372//372 182//182 203//203
f 372//372 351//351 182//182
f 373//373 208//208 191//191
f 373//373 191//191 360//360
f 360//360 362//362 374//374
f 362//362 375//375 374//374
f 374//374 373//373 360//360
f 374//374 208//208 373//373
f 374//374 214//214 208//208
f 214//214 374//374 213//213
f 213//213 374//374 376//376
f 374//374 375//375 376//376
f 376//376 375//375 377//377
f 376//376 377//377 213//213
f 377//377 378//378 213//213
f 213//213 378//378 218//218
f 379//379 381//381 380//380
f 379//379 382//382 381//381
f 379//379 383//383 382//382
f 379//379 384//384 383//383
f 379//379 385//385 384//384
f 379//379 380//380 385//385
f 367//367 386//386 366//366
f 366//366 386//386 387//387
f 385//385 380//380 386//386
f 380//380 387//387 386//386
f 385//385 386//386 384//384
f 384//384 386//386 388//388
f 220//220 221//221 386//386
f 221//221 388//388 386//386
f 386//386 195//195 220//220
f 386//386 367//367 195//195
f 389//389 378//378 377//377
f 390//390 232//232 231//231
f 231//231 218//218 390//390
f 218//218 391//391 390//390
f 218//218 378//378 391//391
f 378//378 389//389 391//391
f 391//391 389//389 392//392
f 391//391 392//392 390//390
f 383//383 393//393 382//382
f 382//382 393//393 394//394
f 393//393 395//395 394//394
f 393//393 396//396 395//395
f 235//235 236//236 393//393
f 236//236 396//396 393//393
f 235//235 393//393 234//234
f 234//234 393//393 397//397
f 383//383 384//384 393//393
f 384//384 397//397 393//393
f 398//398 384//384 388//388
f 398//398 397//397 384//384
f 398//398 234//234 397//397
f 398//398 241//241 234//234
f 398//398 221//221 241//241
f 398//398 388//388 221//221
f 399//399 401//401 400//400
f 402//402 401//401 399//399
f 403//403 401//401 402//402
f 245//245 401//401 248//248
f 401//401 403//403 248//248
f 245//245 246//246 401//401
f 401//401 246//246 404//404
f 400//400 401//401 404//404
f 405//405 407//407 406//406
f 404//404 407//407 400//400
f 407//407 405//405 400//400
f 404//404 246//246 407//407
f 246//246 252//252 407//407
f 252//252 253//253 407//407
f 407//407 253//253 408//408
f 406//406 407//407 408//408
f 409//409 406//406 408//408
f 408//408 253//253 409//409
f 253//253 410//410 409//409
f 410//410 253//253 258//258
f 411//411 261//261 232//232
f 411//411 232//232 390//390
f 390//390 392//392 412//412
f 390//390 412//412 411//411
f 412//412 413//413 411//411
f 411//411 413//413 261//261
f 413//413 414//414 261//261
f 261//261 414//414 264//264
f 396//396 415//415 395//395
f 395//395 415//415 416//416
f 415//415 417//417 416//416
f 415//415 418//418 417//417
f 266//266 267//267 415//415
f 267//267 418//418 415//415
f 415//415 236//236 266//266
f 415//415 396//396 236//236
f 403//403 402//402 419//419
f 419//419 402//402 420//420
f 421//421 419//419 420//420
f 422//422 419//419 421//421
f 274//274 419//419 275//275
f 419//419 422//422 275//275
f 274//274 248//248 419//419
f 248//248 403//403 419//419
f 410//410 423//423 409//409
f 409//409 423//423 424//424
f 423//423 425//425 424//424
f 423//423 426//426 425//425
f 283//283 284//284 423//423
f 284//284 426//426 423//423
f 423//423 258//258 283//283
f 423//423 410//410 258//258
f 414//414 413//413 427//427
f 427//427 413//413 428//428
f 429//429 427//427 428//428
f 430//430 427//427 429//429
f 287//287 427//427 288//288
f 427//427 430//430 288//288
f 287//287 264//264 427//427
f 264//264 414//414 427//427
f 418//418 431//431 417//417
f 417//417 431//431 432//432
f 431//431 433//433 432//432
f 431//431 434//434 433//433
f 431//431 435//435 434//434
f 267//267 289//289 431//431
f 289//289 435//435 431//431
f 431//431 418//418 267//267
f 436//436 435//435 289//289
f 436//436 289//289 291//291
f 437//437 422//422 421//421
f 438//438 295//295 275//275
f 275//275 422//422 438//438
f 422//422 437//437 438//438
f 439//439 441//441 440//440
f 438//438 437//437 439//439
f 437//437 441//441 439//439
f 439//439 295//295 438//438
f 439//439 297//297 295//295
f 297//297 439//439 296//296
f 296//296 439//439 442//442
f 439//439 440//440 442//442
f 426//426 443//443 425//425
f 425//425 443//443 444//444
f 442//442 440//440 443//443
f 440//440 444//444 443//443
f 443//443 296//296 442//442
f 443//443 298//298 296//296
f 443//443 284//284 298//298
f 443//443 426//426 284//284
f 445//445 303//303 300//300
f 445//445 300//300 301//301
f 430//430 429//429 446//446
f 446//446 429//429 447//447
f 448//448 446//446 447//447
f 301//301 446//446 445//445
f 446//446 448//448 445//445
f 301//301 304//304 446//446
f 304//304 288//288 446//446
f 288//288 430//430 446//446
f 434//434 449//449 433//433
f 434//434 435//435 449//449
f 450//450 435//435 436//436
f 435//435 450//450 449//449
f 449//449 450//450 451//451
f 450//450 452//452 451//451
f 306//306 307//307 450//450
f 307//307 452//452 450//450
f 450//450 291//291 306//306
f 450//450 436//436 291//291
f 453//453 455//455 454//454
f 456//456 455//455 453//453
f 457//457 455//455 456//456
f 319//319 455//455 320//320
f 455//455 457//457 320//320
f 319//319 303//303 455//455
f 303//303 445//445 455//455
f 455//455 445//445 454//454
f 445//445 448//448 458//458
f 445//445 458//458 454//454
f 452//452 459//459 451//451
f 307//307 321//321 460//460
f 307//307 460//460 452//452
f 460//460 459//459 452//452
f 461//461 462//462 460//460
f 460//460 321//321 461//461
f 321//321 463//463 461//461
f 321//321 323//323 463//463
f 323//323 464//464 463//463
f 464//464 323//323 322//322
f 465//465 464//464 322//322
f 465//465 322//322 325//325
f 466//466 333//333 330//330
f 466//466 330//330 331//331
f 467//467 469//469 468//468
f 470//470 469//469 467//467
f 331//331 469//469 466//466
f 469//469 470//470 466//466
f 331//331 335//335 469//469
f 335//335 334//334 469//469
f 469//469 334//334 471//471
f 468//468 469//469 471//471
f 457//457 456//456 472//472
f 472//472 456//456 473//473
f 471//471 472//472 468//468
f 472//472 473//473 468//468
f 471//471 334//334 472//472
f 334//334 336//336 472//472
f 336//336 320//320 472//472
f 320//320 457//457 472//472
f 463//463 474//474 461//461
f 463//463 464//464 474//474
f 465//465 475//475 464//464
f 475//475 476//476 464//464
f 464//464 476//476 474//474
f 325//325 337//337 477//477
f 325//325 477//477 465//465
f 477//477 475//475 465//465
f 478//478 480//480 479//479
f 477//477 480//480 475//475
f 480//480 478//478 475//475
f 477//477 337//337 480//480
f 337//337 339//339 480//480
f 339//339 338//338 480//480
f 480//480 338//338 481//481
f 479//479 480//480 481//481
f 482//482 484//484 483//483
f 481//481 484//484 479//479
f 484//484 482//482 479//479
f 481//481 338//338 484//484
f 338//338 340//340 484//484
f 340//340 333//333 484//484
f 333//333 466//466 484//484
f 484//484 466//466 483//483
f 466//466 470//470 485//485
f 466//466 485//485 483//483
f 486//486 488//488 487//487
f 486//486 489//489 488//488
f 486//486 490//490 489//489
f 486//486 491//491 490//490
f 486//486 492//492 491//491
f 486//486 487//487 492//492
f 493//493 495//495 494//494
f 492//492 487//487 493//493
f 487//487 495//495 493//493
f 492//492 493//493 491//491
f 491//491 493//493 496//496
f 343//343 344//344 493//493
f 344//344 496//496 493//493
f 343//343 493//493 342//342
f 342//342 493//493 497//497
f 493//493 494//494 497//497
f 498//498 500//500 499//499
f 497//497 494//494 498//498
f 494//494 500//500 498//498
f 498//498 342//342 497//497
f 498//498 350//350 342//342
f 350//350 498//498 349//349
f 349//349 498//498 501//501
f 498//498 499//499 501//501
f 502//502 504//504 503//503
f 501//501 499//499 502//502
f 499//499 504//504 502//502
f 502//502 349//349 501//501
f 502//502 355//355 349//349
f 355//355 502//502 354//354
f 354//354 502//502 505//505
f 502//502 503//503 505//505
f 506//506 508//508 507//507
f 505//505 503//503 506//506
f 503//503 508//508 506//506
f 506//506 354//354 505//505
f 506//506 359//359 354//354
f 359//359 506//506 358//358
f 358//358 506//506 509//509
f 506//506 507//507 509//509
f 510//510 512//512 511//511
f 509//509 507//507 510//510
f 507//507 512//512 510//510
f 510//510 358//358 509//509
f 358//358 510//510 362//362
f 362//362 510//510 513//513
f 510//510 514//514 513//513
f 510//510 511//511 514//514
f 514//514 511//511 515//515
f 514//514 515//515 513//513
f 516//516 518//518 517//517
f 516//516 519//519 518//518
f 516//516 520//520 519//519
f 516//516 521//521 520//520
f 516//516 522//522 521//521
f 516//516 517//517 522//522
f 490//490 523//523 489//489
f 489//489 523//523 524//524
f 522//522 517//517 523//523
f 517//517 524//524 523//523
f 522//522 523//523 521//521
f 521//521 523//523 525//525
f 365//365 366//366 523//523
f 366//366 525//525 523//523
f 365//365 523//523 364//364
f 364//364 523//523 526//526
f 490//490 491//491 523//523
f 491//491 526//526 523//523
f 527//527 491//491 496//496
f 527//527 526//526 491//491
f 527//527 364//364 526//526
f 527//527 370//370 364//364
f 527//527 344//344 370//370
f 527//527 496//496 344//344
f 528//528 375//375 362//362
f 528//528 362//362 513//513
f 513//513 515//515 529//529
f 515//515 530//530 529//529
f 529//529 528//528 513//513
f 529//529 375//375 528//528
f 375//375 529//529 377//377
f 377//377 529//529 531//531
f 529//529 532//532 531//531
f 529//529 530//530 532//532
f 532//532 530//530 533//533
f 532//532 533//533 531//531
f 520//520 534//534 519//519
f 519//519 534//534 535//535
f 534//534 536//536 535//535
f 534//534 537//537 536//536
f 381//381 382//382 534//534
f 382//382 537//537 534//534
f 381//381 534//534 380//380
f 380//380 534//534 538//538
f 520//520 521//521 534//534
f 521//521 538//538 534//534
f 539//539 521//521 525//525
f 539//539 538//538 521//521
f 539//539 380//380 538//538
f 539//539 387//387 380//380
f 539//539 366//366 387//387
f 539//539 525//525 366//366
f 540//540 389//389 377//377
f 540//540 377//377 531//531
f 531//531 533//533 541//541
f 531//531 541//541 540//540
f 541//541 542//542 540//540
f 540//540 542//542 389//389
f 542//542 543//543 389//389
f 389//389 543//543 392//392
f 537//537 544//544 536//536
f 536//536 544//544 545//545
f 544//544 546//546 545//545
f 544//544 547//547 546//546
f 394//394 395//395 544//544
f 395//395 547//547 544//544
f 544//544 382//382 394//394
f 544//544 537//537 382//382
f 548//548 402//402 399//399
f 548//548 399//399 400//400
f 549//549 548//548 400//400
f 400//400 405//405 549//549
f 405//405 550//550 549//549
f 550//550 405//405 406//406
f 551//551 550//550 406//406
f 551//551 406//406 409//409
f 543//543 542//542 552//552
f 552//552 542//542 553//553
f 554//554 552//552 553//553
f 555//555 552//552 554//554
f 412//412 552//552 413//413
f 552//552 555//555 413//413
f 412//412 392//392 552//552
f 392//392 543//543 552//552
f 547//547 556//556 546//546
f 546//546 556//556 557//557
f 556//556 558//558 557//557
f 556//556 559//559 558//558
f 416//416 417//417 556//556
f 417//417 559//559 556//556
f 556//556 395//395 560//560
f 556//556 547//547 395//395
f 561//561 421//421 420//420
f 420//420 402//402 561//561
f 402//402 562//562 561//561
f 562//562 402//402 548//548
f 563//563 548//548 549//549
f 563//563 562//562 548//548
f 562//562 563//563 561//561
f 561//561 563//563 564//564
f 563//563 565//565 564//564
f 563//563 566//566 565//565
f 549//549 550//550 563//563
f 550//550 566//566 563//563
f 567//567 550//550 551//551
f 567//567 566//566 550//550
f 566//566 567//567 565//565
f 565//565 567//567 568//568
f 424//424 425//425 567//567
f 425//425 568//568 567//567
f 567//567 409//409 424//424
f 567//567 551//551 409//409
f 555//555 554//554 569//569
f 569//569 554//554 570//570
f 571//571 569//569 570//570
f 572//572 569//569 571//571
f 428//428 569//569 429//429
f 569//569 572//572 429//429
f 428//428 413//413 569//569
f 413//413 555//555 569//569
f 559//559 573//573 558//558
f 558//558 573//573 574//574
f 573//573 575//575 574//574
f 573//573 576//576 575//575
f 432//432 433//433 573//573
f 433//433 576//576 573//573
f 573//573 417//417 432//432
f 573//573 559//559 417//417
f 577//577 437//437 421//421
f 577//577 421//421 561//561
f 578//578 561//561 564//564
f 578//578 577//577 561//561
f 578//578 437//437 577//577
f 578//578 441//441 437//437
f 441//441 578//578 440//440
f 440//440 578//578 579//579
f 564//564 565//565 578//578
f 565//565 579//579 578//578
f 580//580 565//565 568//568
f 580//580 579//579 565//565
f 580//580 440//440 579//579
f 580//580 444//444 440//440
f 580//580 425//425 444//444
f 580//580 568//568 425//425
f 572//572 571//571 581//581
f 581//581 571//571 582//582
f 583//583 581//581 582//582
f 584//584 581//581 583//583
f 447//447 581//581 448//448
f 581//581 584//584 448//448
f 447//447 429//429 581//581
f 429//429 572//572 581//581
f 576//576 585//585 575//575
f 575//575 585//585 586//586
f 585//585 587//587 586//586
f 585//585 588//588 587//587
f 585//585 589//589 588//588
f 433//433 449//449 585//585
f 449//449 589//589 585//585
f 585//585 576//576 433//433
f 590//590 589//589 449//449
f 590//590 449//449 451//451
f 591//591 456//456 453//453
f 591//591 453//453 454//454
f 584//584 583//583 592//592
f 592//592 583//583 593//593
f 594//594 592//592 593//593
f 454//454 592//592 591//591
f 592//592 594//594 591//591
f 454//454 458//458 592//592
f 458//458 448//448 592//592
f 448//448 584//584 592//592
f 588//588 595//595 587//587
f 588//588 589//589 595//595
f 596//596 589//589 590//590
f 589//589 596//596 595//595
f 595//595 596//596 597//597
f 596//596 598//598 597//597
f 596//596 599//599 598//598
f 451//451 459//459 596//596
f 459//459 599//599 596//596
f 596//596 590//590 451//451
f 600//600 599//599 462//462
f 600//600 462//462 461//461
f 601//601 470//470 467//467
f 601//601 467//467 468//468
f 602//602 604//604 603//603
f 605//605 604//604 602//602
f 468//468 604//604 601//601
f 604//604 605//605 601//601
f 468//468 473//473 604//604
f 473//473 456//456 604//604
f 456//456 591//591 604//604
f 604//604 591//591 603//603
f 591//591 594//594 606//606
f 591//591 606//606 603//603
f 598//598 607//607 597//597
f 598//598 599//599 607//607
f 600//600 608//608 599//599
f 608//608 609//609 599//599
f 599//599 609//609 607//607
f 461//461 474//474 610//610
f 461//461 610//610 600//600
f 610//610 608//608 600//600
f 611//611 613//613 612//612
f 610//610 613//613 608//608
f 613//613 611//611 608//608
f 610//610 474//474 613//613
f 474//474 476//476 613//613
f 476//476 475//475 613//613
f 613//613 475//475 614//614
f 612//612 613//613 614//614
f 615//615 617//617 616//616
f 614//614 617//617 612//612
f 617//617 615//615 612//612
f 614//614 475//475 617//617
f 475//475 478//478 617//617
f 478//478 479//479 617//617
f 617//617 479//479 618//618
f 616//616 617//617 618//618
f 619//619 621//621 620//620
f 618//618 621//621 616//616
f 621//621 619//619 616//616
f 618//618 479//479 621//621
f 479//479 482//482 621//621
f 482//482 483//483 621//621
f 621//621 483//483 622//622
f 620//620 621//621 622//622
f 623//623 625//625 624//624
f 622//622 625//625 620//620
f 625//625 623//623 620//620
f 622//622 483//483 625//625
f 483//483 485//485 625//625
f 485//485 470//470 625//625
f 470//470 601//601 625//625
f 625//625 601//601 624//624
f 601//601 605//605 626//626
f 601//601 626//626 624//624
f 627//627 629//629 628//628
f 627//627 630//630 629//629
f 627//627 631//631 630//630
f 488//488 489//489 627//627
f 489//489 631//631 627//627
f 488//488 627//627 487//487
f 487//487 627//627 632//632
f 627//627 628//628 632//632
f 633//633 635//635 634//634
f 632//632 628//628 633//633
f 628//628 635//635 633//633
f 633//633 487//487 632//632
f 633//633 495//495 487//487
f 495//495 633//633 494//494
f 494//494 633//633 636//636
f 633//633 634//634 636//636
f 637//637 639//639 638//638
f 636//636 634//634 637//637
f 634//634 639//639 637//637
f 637//637 494//494 636//636
f 637//637 500//500 494//494
f 500//500 637//637 499//499
f 499//499 637//637 640//640
f 637//637 638//638 640//640
f 641//641 643//643 642//642
f 640//640 638//638 641//641
f 638//638 643//643 641//641
f 641//641 499//499 640//640
f 641//641 504//504 499//499
f 504//504 641//641 503//503
f 503//503 641//641 644//644
f 641//641 642//642 644//644
f 645//645 647//647 646//646
f 644//644 642//642 645//645
f 642//642 647//647 645//645
f 645//645 503//503 644//644
f 645//645 508//508 503//503
f 508//508 645//645 507//507
f 507//507 645//645 648//648
f 645//645 646//646 648//648
f 649//649 651//651 650//650
f 648//648 646//646 649//649
f 646//646 651//651 649//649
f 649//649 507//507 648//648
f 649//649 512//512 507//507
f 512//512 649//649 511//511
f 511//511 649//649 652//652
f 649//649 650//650 652//652
f 652//652 650//650 653//653
f 652//652 653//653 511//511
f 653//653 654//654 511//511
f 511//511 654//654 515//515
f 655//655 657//657 656//656
f 655//655 658//658 657//657
f 655//655 659//659 658//658
f 518//518 519//519 655//655
f 519//519 659//659 655//655
f 518//518 655//655 517//517
f 517//517 655//655 660//660
f 655//655 656//656 660//660
f 631//631 661//661 630//630
f 630//630 661//661 662//662
f 660//660 656//656 661//661
f 656//656 662//662 661//661
f 661//661 517//517 660//660
f 661//661 524//524 517//517
f 661//661 489//489 524//524
f 661//661 631//631 489//489
f 663//663 654//654 653//653
f 664//664 530//530 515//515
f 515//515 654//654 664//664
f 654//654 663//663 664//664
f 664//664 663//663 665//665
f 664//664 665//665 530//530
f 665//665 666//666 530//530
f 530//530 666//666 533//533
f 659//659 667//667 658//658
f 658//658 667//667 668//668
f 667//667 669//669 668//668
f 667//667 670//670 669//669
f 535//535 536//536 667//667
f 536//536 670//670 667//667
f 667//667 519//519 535//535
f 667//667 659//659 519//519
f 666//666 665//665 671//671
f 671//671 665//665 672//672
f 673//673 671//671 672//672
f 674//674 671//671 673//673
f 541//541 671//671 542//542
f 671//671 674//674 542//542
f 541//541 533//533 671//671
f 533//533 666//666 671//671
f 670//670 675//675 669//669
f 669//669 675//675 676//676
f 675//675 677//677 676//676
f 675//675 678//678 677//677
f 545//545 546//546 675//675
f 546//546 678//678 675//675
f 675//675 536//536 545//545
f 675//675 670//670 536//536
f 674//674 673//673 679//679
f 679//679 673//673 680//680
f 681//681 679//679 680//680
f 682//682 679//679 681//681
f 553//553 679//679 554//554
f 679//679 682//682 554//554
f 553//553 542//542 679//679
f 542//542 674//674 679//679
f 678//678 683//683 677//677
f 677//677 683//683 684//684
f 683//683 685//685 684//684
f 683//683 686//686 685//685
f 557//557 558//558 683//683
f 558//558 686//686 683//683
f 683//683 546//546 557//557
f 683//683 678//678 546//546
f 682//682 681//681 687//687
f 687//687 681//681 688//688
f 689//689 687//687 688//688
f 690//690 687//687 689//689
f 570//570 687//687 571//571
f 687//687 690//690 571//571
f 570//570 554//554 687//687
f 554//554 682//682 687//687
f 686//686 691//691 685//685
f 685//685 691//691 692//692
f 691//691 693//693 692//692
f 691//691 694//694 693//693
f 574//574 575//575 691//691
f 575//575 694//694 691//691
f 691//691 558//558 574//574
f 691//691 686//686 558//558
f 690//690 689//689 695//695
f 695//695 689//689 696//696
f 697//697 695//695 696//696
f 698//698 695//695 697//697
f 582//582 695//695 583//583
f 695//695 698//698 583//583
f 582//582 571//571 695//695
f 571//571 690//690 695//695
f 694//694 699//699 693//693
f 693//693 699//699 700//700
f 699//699 701//701 700//700
f 699//699 702//702 701//701
f 586//586 587//587 699//699
f 587//587 702//702 699//699
f 699//699 575//575 586//586
f 699//699 694//694 575//575
f 698//698 697//697 703//703
f 703//703 697//697 704//704
f 705//705 703//703 704//704
f 706//706 703//703 705//705
f 593//593 703//703 594//594
f 703//703 706//706 594//594
f 593//593 583//583 703//703
f 583//583 698//698 703//703
f 702//702 707//707 701//701
f 587//587 595//595 708//708
f 587//587 708//708 702//702
f 708//708 707//707 702//702
f 709//709 707//707 708//708
f 708//708 595//595 709//709
f 595//595 710//710 709//709
f 710//710 595//595 597//597
f 711//711 713//713 712//712
f 714//714 713//713 711//711
f 715//715 713//713 714//714
f 602//602 713//713 605//605
f 713//713 715//715 605//605
f 602//602 603//603 713//713
f 713//713 603//603 716//716
f 712//712 713//713 716//716
f 706//706 705//705 717//717
f 717//717 705//705 718//718
f 716//716 717//717 712//712
f 717//717 718//718 712//712
f 716//716 603//603 717//717
f 603//603 606//606 717//717
f 606//606 594//594 717//717
f 594//594 706//706 717//717
f 710//710 719//719 709//709
f 597//597 607//607 720//720
f 597//597 720//720 710//710
f 720//720 719//719 710//710
f 721//721 723//723 722//722
f 720//720 723//723 719//719
f 723//723 721//721 719//719
f 720//720 607//607 723//723
f 607//607 609//609 723//723
f 609//609 608//608 723//723
f 723//723 608//608 724//724
f 722//722 723//723 724//724
f 725//725 727//727 726//726
f 724//724 727//727 722//722
f 727//727 725//725 722//722
f 724//724 608//608 727//727
f 608//608 611//611 727//727
f 611//611 612//612 727//727
f 727//727 612//612 728//728
f 726//726 727//727 728//728
f 729//729 731//731 730//730
f 728//728 731//731 726//726
f 731//731 729//729 726//726
f 728//728 612//612 731//731
f 612//612 615//615 731//731
f 615//615 616//616 731//731
f 731//731 616//616 732//732
f 730//730 731//731 732//732
f 733//733 735//735 734//734
f 732//732 735//735 730//730
f 735//735 733//733 730//730
f 732//732 616//616 735//735
f 616//616 619//619 735//735
f 619//619 620//620 735//735
f 735//735 620//620 736//736
f 734//734 735//735 736//736
f 737//737 739//739 738//738
f 736//736 739//739 734//734
f 739//739 737//737 734//734
f 736//736 620//620 739//739
f 620//620 623//623 739//739
f 623//623 624//624 739//739
f 739//739 624//624 740//740
f 738//738 739//739 740//740
f 715//715 714//714 741//741
f 741//741 714//714 742//742
f 740//740 741//741 738//738
f 741//741 742//742 738//738
f 740//740 624//624 741//741
f 624//624 626//626 741//741
f 626//626 605//605 741//741
f 605//605 715//715 741//741
f 743//743 745//745 744//744
f 743//743 746//746 745//745
f 743//743 747//747 746//746
f 629//629 630//630 743//743
f 630//630 747//747 743//743
f 629//629 743//743 628//628
f 628//628 743//743 748//748
f 743//743 744//744 748//748
f 749//749 751//751 750//750
f 748//748 744//744 749//749
f 744//744 751//751 749//749
f 749//749 628//628 748//748
f 749//749 635//635 628//628
f 635//635 749//749 634//634
f 634//634 749//749 752//752
f 749//749 750//750 752//752
f 753//753 755//755 754//754
f 752//752 750//750 753//753
f 750//750 755//755 753//753
f 753//753 634//634 752//752
f 753//753 639//639 634//634
f 639//639 753//753 638//638
f 638//638 753//753 756//756
f 753//753 754//754 756//756
f 757//757 759//759 758//758
f 756//756 754//754 757//757
f 754//754 759//759 757//757
f 757//757 638//638 756//756
f 757//757 643//643 638//638
f 643//643 757//757 642//642
f 642//642 757//757 760//760
f 757//757 758//758 760//760
f 761//761 763//763 762//762
f 760//760 758//758 761//761
f 758//758 763//763 761//761
f 761//761 642//642 760//760
f 761//761 647//647 642//642
f 647//647 761//761 646//646
f 646//646 761//761 764//764
f 761//761 762//762 764//764
f 765//765 767//767 766//766
f 764//764 762//762 765//765
f 762//762 767//767 765//765
f 765//765 646//646 764//764
f 765//765 651//651 646//646
f 651//651 765//765 650//650
f 650//650 765//765 768//768
f 765//765 766//766 768//768
f 768//768 766//766 769//769
f 768//768 769//769 650//650
f 769//769 770//770 650//650
f 650//650 770//770 653//653
f 657//657 658//658 771//771
f 657//657 771//771 656//656
f 747//747 772//772 746//746
f 746//746 772//772 773//773
f 772//772 774//774 773//773
f 656//656 771//771 772//772
f 771//771 774//774 772//772
f 772//772 662//662 656//656
f 772//772 630//630 662//662
f 772//772 747//747 630//630
f 770//770 769//769 775//775
f 775//775 769//769 776//776
f 777//777 775//775 776//776
f 778//778 775//775 777//777
f 779//779 775//775 778//778
f 653//653 775//775 663//663
f 775//775 779//779 663//663
f 653//653 770//770 775//775
f 663//663 779//779 780//780
f 663//663 780//780 665//665
f 781//781 783//783 782//782
f 781//781 784//784 783//783
f 781//781 785//785 784//784
f 668//668 669//669 781//781
f 669//669 785//785 781//781
f 781//781 658//658 668//668
f 658//658 781//781 771//771
f 771//771 781//781 782//782
f 786//786 774//774 771//771
f 786//786 771//771 782//782
f 787//787 778//778 777//777
f 787//787 779//779 778//778
f 780//780 779//779 788//788
f 779//779 787//787 788//788
f 788//788 787//787 789//789
f 790//790 788//788 789//789
f 672//672 788//788 673//673
f 788//788 790//790 673//673
f 672//672 665//665 788//788
f 665//665 780//780 788//788
f 785//785 791//791 784//784
f 784//784 791//791 792//792
f 791//791 793//793 792//792
f 791//791 794//794 793//793
f 676//676 677//677 791//791
f 677//677 794//794 791//791
f 791//791 669//669 676//676
f 791//791 785//785 669//669
f 790//790 789//789 795//795
f 795//795 789//789 796//796
f 797//797 795//795 796//796
f 798//798 795//795 797//797
f 680//680 795//795 681//681
f 795//795 799//799 681//681
f 680//680 673//673 795//795
f 673//673 790//790 795//795
f 794//794 800//800 793//793
f 793//793 800//800 801//801
f 800//800 802//802 801//801
f 800//800 803//803 802//802
f 684//684 685//685 800//800
f 685//685 803//803 800//800
f 800//800 677//677 684//684
f 800//800 794//794 677//677
f 799//799 797//797 804//804
f 804//804 797//797 805//805
f 806//806 804//804 805//805
f 807//807 804//804 806//806
f 688//688 804//804 689//689
f 804//804 808//808 689//689
f 688//688 681//681 804//804
f 681//681 799//799 804//804
f 803//803 809//809 802//802
f 802//802 809//809 810//810
f 809//809 811//811 810//810
f 809//809 812//812 811//811
f 692//692 693//693 809//809
f 693//693 812//812 809//809
f 809//809 685//685 692//692
f 809//809 803//803 685//685
f 808//808 806//806 813//813
f 813//813 806//806 814//814
f 815//815 813//813 814//814
f 816//816 813//813 815//815
f 696//696 813//813 697//697
f 813//813 816//816 697//697
f 696//696 689//689 813//813
f 689//689 808//808 813//813
f 812//812 817//817 811//811
f 700//700 701//701 818//818
f 700//700 818//818 693//693
f 818//818 819//819 693//693
f 693//693 819//819 812//812
f 819//819 817//817 812//812
f 820//820 817//817 819//819
f 820//820 819//819 818//818
f 821//821 823//823 822//822
f 824//824 823//823 821//821
f 825//825 823//823 824//824
f 826//826 823//823 825//825
f 827//827 823//823 826//826
f 822//822 823//823 827//827
f 816//816 815//815 828//828
f 828//828 815//815 829//829
f 827//827 828//828 822//822
f 828//828 829//829 822//822
f 827//827 826//826 828//828
f 828//828 826//826 830//830
f 704//704 828//828 705//705
f 828//828 830//830 705//705
f 704//704 697//697 828//828
f 697//697 816//816 828//828
f 701//701 707//707 831//831
f 701//701 831//831 818//818
f 832//832 820//820 818//818
f 818//818 831//831 832//832
f 831//831 833//833 832//832
f 831//831 707//707 833//833
f 707//707 834//834 833//833
f 834//834 707//707 709//709
f 825//825 824//824 835//835
f 835//835 824//824 836//836
f 837//837 835//835 836//836
f 838//838 835//835 837//837
f 711//711 835//835 714//714
f 835//835 838//838 714//714
f 711//711 712//712 835//835
f 835//835 712//712 839//839
f 825//825 835//835 826//826
f 835//835 839//839 826//826
f 830//830 826//826 840//840
f 826//826 839//839 840//840
f 839//839 712//712 840//840
f 712//712 718//718 840//840
f 718//718 705//705 840//840
f 705//705 830//830 840//840
f 834//834 841//841 833//833
f 709//709 719//719 842//842
f 709//709 842//842 834//834
f 842//842 841//841 834//834
f 843//843 845//845 844//844
f 842//842 845//845 841//841
f 845//845 843//843 841//841
f 842//842 719//719 845//845
f 719//719 721//721 845//845
f 721//721 722//722 845//845
f 845//845 722//722 846//846
f 844//844 845//845 846//846
f 847//847 849//849 848//848
f 846//846 849//849 844//844
f 849//849 847//847 844//844
f 846//846 722//722 849//849
f 722//722 725//725 849//849
f 725//725 726//726 849//849
f 849//849 726//726 850//850
f 848//848 849//849 850//850
f 851//851 853//853 852//852
f 850//850 853//853 848//848
f 853//853 851//851 848//848
f 850//850 726//726 853//853
f 726//726 729//729 853//853
f 729//729 730//730 853//853
f 853//853 730//730 854//854
f 852//852 853//853 854//854
f 855//855 857//857 856//856
f 854//854 857//857 852//852
f 857//857 855//855 852//852
f 854//854 730//730 857//857
f 730//730 733//733 857//857
f 733//733 734//734 857//857
f 857//857 734//734 858//858
f 856//856 857//857 858//858
f 859//859 861//861 860//860
f 858//858 861//861 856//856
f 861//861 859//859 856//856
f 858//858 734//734 861//861
f 734//734 737//737 861//861
f 737//737 738//738 861//861
f 861//861 738//738 862//862
f 860//860 861//861 862//862
f 838//838 837//837 863//863
f 863//863 837//837 864//864
f 862//862 863//863 860//860
f 863//863 864//864 860//860
f 862//862 738//738 863//863
f 738//738 742//742 863//863
f 742//742 714//714 863//863
f 714//714 838//838 863//863
f 745//745 746//746 865//865
f 745//745 865//865 744//744
f 866//866 868//868 867//867
f 866//866 869//869 868//868
f 744//744 865//865 866//866
f 865//865 869//869 866//866
f 866//866 751//751 744//744
f 751//751 866//866 750//750
f 750//750 866//866 870//870
f 866//866 867//867 870//870
f 871//871 873//873 872//872
f 870//870 867//867 871//871
f 867//867 873//873 871//871
f 871//871 750//750 870//870
f 871//871 755//755 750//750
f 755//755 871//871 754//754
f 754//754 871//871 874//874
f 871//871 872//872 874//874
f 875//875 877//877 876//876
f 874//874 872//872 875//875
f 872//872 877//877 875//875
f 875//875 754//754 874//874
f 875//875 759//759 754//754
f 759//759 875//875 758//758
f 758//758 875//875 878//878
f 875//875 876//876 878//878
f 879//879 881//881 880//880
f 878//878 876//876 879//879
f 876//876 881//881 879//879
f 879//879 758//758 878//878
f 879//879 763//763 758//758
f 763//763 879//879 762//762
f 762//762 879//879 882//882
f 879//879 880//880 882//882
f 882//882 880//880 883//883
f 882//882 883//883 762//762
f 883//883 884//884 762//762
f 762//762 884//884 767//767
f 884//884 885//885 767//767
f 767//767 885//885 766//766
f 766//766 885//885 886//886
f 766//766 886//886 769//769
f 887//887 889//889 888//888
f 887//887 890//890 889//889
f 887//887 891//891 890//890
f 773//773 774//774 887//887
f 774//774 891//891 887//887
f 887//887 746//746 773//773
f 746//746 887//887 865//865
f 865//865 887//887 888//888
f 892//892 893//893 869//869
f 892//892 888//888 893//893
f 894//894 884//884 883//883
f 894//894 885//885 884//884
f 886//886 885//885 895//895
f 885//885 894//894 895//895
f 895//895 894//894 896//896
f 897//897 895//895 896//896
f 776//776 895//895 777//777
f 895//895 897//897 777//777
f 776//776 769//769 895//895
f 769//769 886//886 895//895
f 783//783 784//784 898//898
f 783//783 898//898 782//782
f 891//891 899//899 890//890
f 890//890 899//899 900//900
f 899//899 901//901 900//900
f 782//782 898//898 899//899
f 898//898 901//901 899//899
f 899//899 786//786 782//782
f 899//899 774//774 786//786
f 899//899 891//891 774//774
f 897//897 896//896 902//902
f 902//902 896//896 903//903
f 904//904 902//902 903//903
f 905//905 902//902 904//904
f 906//906 902//902 905//905
f 777//777 902//902 787//787
f 902//902 906//906 787//787
f 777//777 897//897 902//902
f 787//787 906//906 907//907
f 787//787 907//907 789//789
f 908//908 910//910 909//909
f 908//908 911//911 910//910
f 908//908 912//912 911//911
f 792//792 793//793 908//908
f 793//793 912//912 908//908
f 908//908 784//784 792//792
f 784//784 908//908 898//898
f 898//898 908//908 909//909
f 913//913 901//901 898//898
f 913//913 898//898 909//909
f 914//914 905//905 904//904
f 914//914 906//906 905//905
f 907//907 906//906 915//915
f 906//906 914//914 915//915
f 915//915 914//914 916//916
f 917//917 915//915 916//916
f 796//796 915//915 797//797
f 915//915 917//917 797//797
f 796//796 789//789 915//915
f 789//789 907//907 915//915
f 912//912 918//918 911//911
f 911//911 918//918 919//919
f 918//918 920//920 919//919
f 918//918 921//921 920//920
f 801//801 802//802 918//918
f 802//802 921//921 918//918
f 918//918 793//793 801//801
f 918//918 912//912 793//793
f 917//917 916//916 922//922
f 922//922 916//916 923//923
f 924//924 922//922 923//923
f 925//925 922//922 924//924
f 805//805 922//922 806//806
f 922//922 925//925 806//806
f 805//805 797//797 922//922
f 797//797 917//917 922//922
f 921//921 926//926 920//920
f 810//810 811//811 927//927
f 810//810 927//927 802//802
f 927//927 928//928 802//802
f 802//802 928//928 921//921
f 928//928 926//926 921//921
f 929//929 926//926 928//928
f 929//929 928//928 927//927
f 930//930 932//932 931//931
f 933//933 932//932 930//930
f 934//934 932//932 933//933
f 935//935 932//932 934//934
f 936//936 932//932 935//935
f 931//931 932//932 936//936
f 925//925 924//924 937//937
f 937//937 924//924 938//938
f 936//936 937//937 931//931
f 937//937 938//938 931//931
f 936//936 935//935 937//937
f 937//937 935//935 939//939
f 814//814 937//937 815//815
f 937//937 939//939 815//815
f 814//814 806//806 937//937
f 806//806 925//925 937//937
f 811//811 817//817 940//940
f 811//811 940//940 927//927
f 941//941 929//929 927//927
f 927//927 940//940 941//941
f 940//940 942//942 941//941
f 940//940 817//817 942//942
f 817//817 943//943 942//942
f 943//943 817//817 820//820
f 934//934 933//933 944//944
f 944//944 933//933 945//945
f 946//946 944//944 945//945
f 947//947 944//944 946//946
f 821//821 944//944 824//824
f 944//944 947//947 824//824
f 821//821 822//822 944//944
f 944//944 822//822 948//948
f 934//934 944//944 935//935
f 944//944 948//948 935//935
f 939//939 935//935 949//949
f 935//935 948//948 949//949
f 948//948 822//822 949//949
f 822//822 829//829 949//949
f 829//829 815//815 949//949
f 815//815 939//939 949//949
f 943//943 950//950 942//942
f 832//832 833//833 951//951
f 832//832 951//951 820//820
f 951//951 952//952 820//820
f 820//820 952//952 943//943
f 952//952 950//950 943//943
f 953//953 950//950 952//952
f 953//953 952//952 954//954
f 955//955 957//957 956//956
f 958//958 957//957 955//955
f 959//959 957//957 958//958
f 960//960 957//957 959//959
f 961//961 957//957 960//960
f 956//956 957//957 961//961
f 947//947 946//946 962//962
f 962//962 946//946 963//963
f 961//961 962//962 956//956
f 962//962 963//963 956//956
f 961//961 960//960 962//962
f 962//962 960//960 964//964
f 836//836 962//962 837//837
f 962//962 964//964 837//837
f 836//836 824//824 962//962
f 824//824 947//947 962//962
f 833//833 841//841 965//965
f 833//833 965//965 951//951
f 951//951 966//966 953//953
f 966//966 967//967 953//953
f 951//951 965//965 966//966
f 965//965 841//841 966//966
f 841//841 843//843 966//966
f 843//843 844//844 966//966
f 966//966 844//844 968//968
f 967//967 966//966 968//968
f 969//969 971//971 970//970
f 968//968 971//971 967//967
f 971//971 969//969 967//967
f 968//968 844//844 971//971
f 844//844 847//847 971//971
f 847//847 848//848 971//971
f 971//971 848//848 972//972
f 970//970 971//971 972//972
f 973//973 975//975 974//974
f 972//972 975//975 970//970
f 975//975 973//973 970//970
f 972//972 848//848 975//975
f 848//848 851//851 975//975
f 851//851 852//852 975//975
f 975//975 852//852 976//976
f 974//974 975//975 976//976
f 977//977 979//979 978//978
f 976//976 979//979 974//974
f 979//979 977//977 974//974
f 976//976 852//852 979//979
f 852//852 855//855 979//979
f 855//855 856//856 979//979
f 979//979 856//856 980//980
f 978//978 979//979 980//980
f 959//959 958//958 981//981
f 981//981 958//958 982//982
f 980//980 981//981 978//978
f 981//981 982//982 978//978
f 980//980 856//856 981//981
f 856//856 859//859 981//981
f 859//859 860//860 981//981
f 981//981 860//860 983//983
f 959//959 981//981 960//960
f 981//981 983//983 960//960
f 964//964 960//960 984//984
f 960//960 983//983 984//984
f 983//983 860//860 984//984
f 860//860 864//864 984//984
f 864//864 837//837 984//984
f 837//837 964//964 984//984
f 868//868 869//869 985//985
f 868//868 985//985 867//867
f 867//867 985//985 986//986
f 867//867 986//986 873//873
f 986//986 987//987 873//873
f 873//873 987//987 872//872
f 872//872 987//987 988//988
f 872//872 988//988 877//877
f 988//988 989//989 877//877
f 877//877 989//989 876//876
f 876//876 989//989 990//990
f 876//876 990//990 881//881
f 990//990 991//991 881//881
f 881//881 991//991 880//880
f 880//880 991//991 992//992
f 880//880 992//992 883//883
f 889//889 890//890 993//993
f 889//889 993//993 888//888
f 994//994 996//996 995//995
f 994//994 997//997 996//996
f 888//888 993//993 994//994
f 993//993 997//997 994//994
f 998//998 888//888 892//892
f 998//998 892//892 869//869
f 869//869 994//994 985//985
f 985//985 994//994 995//995
f 986//986 985//985 999//999
f 985//985 1000//1000 999//999
f 1000//1000 985//985 995//995
f 999//999 987//987 986//986
f 988//988 987//987 1001//1001
f 987//987 1002//1002 1001//1001
f 1002//1002 987//987 999//999
f 1001//1001 989//989 988//988
f 990//990 989//989 1003//1003
f 989//989 1004//1004 1003//1003
f 1004//1004 989//989 1001//1001
f 1003//1003 991//991 990//990
f 992//992 991//991 1005//1005
f 991//991 1006//1006 1005//1005
f 1006//1006 991//991 1003//1003
f 1007//1007 894//894 883//883
f 883//883 992//992 1007//1007
f 992//992 1005//1005 1007//1007
f 1007//1007 1005//1005 1008//1008
f 1007//1007 1008//1008 894//894
f 1008//1008 1009//1009 894//894
f 894//894 1009//1009 896//896
f 1010//1010 1012//1012 1011//1011
f 1010//1010 1013//1013 1012//1012
f 1010//1010 1014//1014 1013//1013
f 900//900 901//901 1010//1010
f 901//901 1014//1014 1010//1010
f 1010//1010 890//890 900//900
f 890//890 1010//1010 993//993
f 993//993 1010//1010 1011//1011
f 1015//1015 997//997 993//993
f 1015//1015 993//993 1011//1011
f 1009//1009 1008//1008 1016//1016
f 1016//1016 1008//1008 1017//1017
f 1018//1018 1016//1016 1017//1017
f 1019//1019 1016//1016 1018//1018
f 903//903 1016//1016 904//904
f 1016//1016 1019//1019 904//904
f 903//903 896//896 1016//1016
f 896//896 1009//1009 1016//1016
f 910//910 911//911 1020//1020
f 910//910 1020//1020 909//909
f 1014//1014 1021//1021 1013//1013
f 1013//1013 1021//1021 1022//1022
f 1021//1021 1023//1023 1022//1022
f 909//909 1020//1020 1021//1021
f 1020//1020 1023//1023 1021//1021
f 1021//1021 913//913 909//909
f 1021//1021 901//901 913//913
f 1021//1021 1014//1014 901//901
f 1019//1019 1018//1018 1024//1024
f 1024//1024 1018//1018 1025//1025
f 1026//1026 1024//1024 1025//1025
f 1027//1027 1024//1024 1026//1026
f 1028//1028 1024//1024 1027//1027
f 904//904 1024//1024 914//914
f 1024//1024 1028//1028 914//914
f 904//904 1019//1019 1024//1024
f 914//914 1028//1028 1029//1029
f 914//914 1029//1029 916//916
f 919//919 920//920 1030//1030
f 919//919 1030//1030 911//911
f 1030//1030 1031//1031 911//911
f 911//911 1031//1031 1020//1020
f 1032//1032 1023//1023 1020//1020
f 1020//1020 1031//1031 1032//1032
f 1031//1031 1033//1033 1032//1032
f 1033//1033 1031//1031 1030//1030
f 1027//1027 1026//1026 1034//1034
f 1034//1034 1026//1026 1035//1035
f 1036//1036 1034//1034 1035//1035
f 1037//1037 1034//1034 1036//1036
f 1038//1038 1034//1034 1037//1037
f 1039//1039 1034//1034 1038//1038
f 1027//1027 1034//1034 1028//1028
f 1034//1034 1039//1039 1028//1028
f 1029//1029 1028//1028 1040//1040
f 1028//1028 1039//1039 1040//1040
f 1039//1039 1038//1038 1040//1040
f 1040//1040 1038//1038 1041//1041
f 923//923 1040//1040 924//924
f 1040//1040 1041//1041 924//924
f 923//923 916//916 1040//1040
f 916//916 1029//1029 1040//1040
f 920//920 926//926 1042//1042
f 920//920 1042//1042 1030//1030
f 1043//1043 1033//1033 1030//1030
f 1030//1030 1042//1042 1044//1044
f 1042//1042 1045//1045 1044//1044
f 1042//1042 926//926 1045//1045
f 926//926 1046//1046 1045//1045
f 1046//1046 926//926 929//929
f 1037//1037 1036//1036 1047//1047
f 1047//1047 1036//1036 1048//1048
f 1049//1049 1047//1047 1048//1048
f 1050//1050 1047//1047 1049//1049
f 930//930 1047//1047 933//933
f 1047//1047 1050//1050 933//933
f 930//930 931//931 1047//1047
f 1047//1047 931//931 1051//1051
f 1037//1037 1047//1047 1038//1038
f 1047//1047 1051//1051 1038//1038
f 1041//1041 1038//1038 1052//1052
f 1038//1038 1051//1051 1052//1052
f 1051//1051 931//931 1052//1052
f 931//931 938//938 1052//1052
f 938//938 924//924 1052//1052
f 924//924 1041//1041 1052//1052
f 1046//1046 1053//1053 1045//1045
f 941//941 942//942 1054//1054
f 941//941 1054//1054 929//929
f 1054//1054 1055//1055 929//929
f 929//929 1055//1055 1046//1046
f 1055//1055 1053//1053 1046//1046
f 1056//1056 1053//1053 1055//1055
f 1056//1056 1055//1055 1054//1054
f 1050//1050 1049//1049 1057//1057
f 1057//1057 1049//1049 1058//1058
f 1059//1059 1057//1057 1058//1058
f 1060//1060 1057//1057 1059//1059
f 945//945 1057//1057 946//946
f 1057//1057 1060//1060 946//946
f 945//945 933//933 1057//1057
f 933//933 1050//1050 1057//1057
f 942//942 950//950 1061//1061
f 942//942 1061//1061 1054//1054
f 1054//1054 1062//1062 1056//1056
f 1062//1062 1063//1063 1056//1056
f 1054//1054 1061//1061 1062//1062
f 1061//1061 950//950 1062//1062
f 950//950 953//953 1062//1062
f 1062//1062 953//953 1064//1064
f 1065//1065 1062//1062 1064//1064
f 1063//1063 1062//1062 1065//1065
f 1066//1066 1068//1068 1067//1067
f 1065//1065 1068//1068 1063//1063
f 1068//1068 1066//1066 1063//1063
f 1065//1065 1064//1064 1068//1068
f 1068//1068 1064//1064 1069//1069
f 1070//1070 1068//1068 1069//1069
f 1071//1071 1068//1068 1070//1070
f 1067//1067 1068//1068 1071//1071
f 1072//1072 1074//1074 1073//1073
f 1071//1071 1074//1074 1067//1067
f 1074//1074 1072//1072 1067//1067
f 1071//1071 1070//1070 1074//1074
f 1074//1074 1070//1070 1075//1075
f 1076//1076 1074//1074 1075//1075
f 1077//1077 1074//1074 1076//1076
f 1073//1073 1074//1074 1077//1077
f 1078//1078 1073//1073 1077//1077
f 1078//1078 1077//1077 1076//1076
f 1079//1079 1081//1081 1080//1080
f 1082//1082 1081//1081 1079//1079
f 1083//1083 1081//1081 1082//1082
f 955//955 1081//1081 958//958
f 1081//1081 1083//1083 958//958
f 955//955 956//956 1081//1081
f 1081//1081 956//956 1084//1084
f 1080//1080 1081//1081 1084//1084
f 1060//1060 1059//1059 1085//1085
f 1085//1085 1059//1059 1086//1086
f 1084//1084 1085//1085 1080//1080
f 1085//1085 1086//1086 1080//1080
f 1084//1084 956//956 1085//1085
f 956//956 963//963 1085//1085
f 963//963 946//946 1085//1085
f 946//946 1060//1060 1085//1085
f 953//953 967//967 1087//1087
f 953//953 1087//1087 1064//1064
f 1069//1069 1064//1064 1088//1088
f 1064//1064 1087//1087 1088//1088
f 1087//1087 967//967 1088//1088
f 967//967 969//969 1088//1088
f 969//969 970//970 1088//1088
f 1088//1088 970//970 1089//1089
f 1069//1069 1088//1088 1070//1070
f 1088//1088 1089//1089 1070//1070
f 1075//1075 1070//1070 1090//1090
f 1070//1070 1089//1089 1090//1090
f 1089//1089 970//970 1090//1090
f 970//970 973//973 1090//1090
f 973//973 974//974 1090//1090
f 1090//1090 974//974 1091//1091
f 1075//1075 1090//1090 1076//1076
f 1090//1090 1091//1091 1076//1076
f 1076//1076 1092//1092 1078//1078
f 1092//1092 1093//1093 1078//1078
f 1076//1076 1091//1091 1092//1092
f 1091//1091 974//974 1092//1092
f 974//974 977//977 1092//1092
f 977//977 978//978 1092//1092
f 1092//1092 978//978 1094//1094
f 1093//1093 1092//1092 1094//1094
f 1083//1083 1082//1082 1095//1095
f 1095//1095 1082//1082 1096//1096
f 1094//1094 1095//1095 1093//1093
f 1095//1095 1096//1096 1093//1093
f 1094//1094 978//978 1095//1095
f 978//978 982//982 1095//1095
f 982//982 958//958 1095//1095
f 958//958 1083//1083 1095//1095
f 996//996 997//997 1097//1097
f 996//996 1097//1097 995//995
f 995//995 1097//1097 1098//1098
f 995//995 1098//1098 1000//1000
f 1098//1098 1099//1099 1000//1000
f 1000//1000 1099//1099 999//999
f 999//999 1099//1099 1100//1100
f 999//999 1100//1100 1002//1002
f 1100//1100 1101//1101 1002//1002
f 1002//1002 1101//1101 1001//1001
f 1001//1001 1101//1101 1102//1102
f 1001//1001 1102//1102 1004//1004
f 1102//1102 1103//1103 1004//1004
f 1004//1004 1103//1103 1003//1003
f 1003//1003 1103//1103 1104//1104
f 1003//1003 1104//1104 1006//1006
f 1104//1104 1105//1105 1006//1006
f 1006//1006 1105//1105 1005//1005
f 1005//1005 1105//1105 1106//1106
f 1005//1005 1106//1106 1008//1008
f 1012//1012 1013//1013 1107//1107
f 1012//1012 1107//1107 1011//1011
f 1011//1011 1107//1107 1108//1108
f 1011//1011 1108//1108 1015//1015
f 1108//1108 1109//1109 1015//1015
f 1015//1015 1109//1109 997//997
f 1109//1109 1110//1110 997//997
f 997//997 1110//1110 1097//1097
f 1098//1098 1097//1097 1111//1111
f 1097//1097 1110//1110 1111//1111
f 1110//1110 1109//1109 1111//1111
f 1111//1111 1109//1109 1112//1112
f 1113//1113 1111//1111 1112//1112
f 1114//1114 1111//1111 1113//1113
f 1098//1098 1111//1111 1099//1099
f 1111//1111 1114//1114 1099//1099
f 1100//1100 1099//1099 1115//1115
f 1099//1099 1114//1114 1115//1115
f 1114//1114 1113//1113 1115//1115
f 1115//1115 1113//1113 1116//1116
f 1117//1117 1115//1115 1116//1116
f 1118//1118 1115//1115 1117//1117
f 1100//1100 1115//1115 1101//1101
f 1115//1115 1118//1118 1101//1101
f 1102//1102 1101//1101 1119//1119
f 1101//1101 1118//1118 1119//1119
f 1118//1118 1117//1117 1119//1119
f 1119//1119 1117//1117 1120//1120
f 1121//1121 1119//1119 1120//1120
f 1122//1122 1119//1119 1121//1121
f 1102//1102 1119//1119 1103//1103
f 1119//1119 1122//1122 1103//1103
f 1104//1104 1103//1103 1123//1123
f 1103//1103 1122//1122 1123//1123
f 1122//1122 1121//1121 1123//1123
f 1123//1123 1121//1121 1124//1124
f 1125//1125 1123//1123 1124//1124
f 1126//1126 1123//1123 1125//1125
f 1104//1104 1123//1123 1105//1105
f 1123//1123 1126//1126 1105//1105
f 1106//1106 1105//1105 1127//1127
f 1105//1105 1126//1126 1127//1127
f 1126//1126 1125//1125 1127//1127
f 1127//1127 1125//1125 1128//1128
f 1017//1017 1127//1127 1018//1018
f 1127//1127 1128//1128 1018//1018
f 1017//1017 1008//1008 1127//1127
f 1008//1008 1106//1106 1127//1127
f 1022//1022 1023//1023 1129//1129
f 1022//1022 1129//1129 1013//1013
f 1129//1129 1130//1130 1013//1013
f 1013//1013 1130//1130 1107//1107
f 1108//1108 1107//1107 1131//1131
f 1107//1107 1130//1130 1131//1131
f 1130//1130 1129//1129 1131//1131
f 1131//1131 1129//1129 1132//1132
f 1133//1133 1131//1131 1132//1132
f 1134//1134 1131//1131 1133//1133
f 1108//1108 1131//1131 1109//1109
f 1131//1131 1134//1134 1109//1109
f 1112//1112 1109//1109 1135//1135
f 1109//1109 1136//1136 1135//1135
f 1109//1109 1134//1134 1136//1136
f 1134//1134 1137//1137 1136//1136
f 1137//1137 1134//1134 1133//1133
f 1135//1135 1113//1113 1112//1112
f 1116//1116 1113//1113 1138//1138
f 1113//1113 1139//1139 1138//1138
f 1139//1139 1113//1113 1135//1135
f 1138//1138 1117//1117 1116//1116
f 1120//1120 1117//1117 1140//1140
f 1117//1117 1138//1138 1140//1140
f 1140//1140 1138//1138 1141//1141
f 1142//1142 1140//1140 1141//1141
f 1143//1143 1140//1140 1142//1142
f 1144//1144 1140//1140 1143//1143
f 1120//1120 1140//1140 1121//1121
f 1140//1140 1144//1144 1121//1121
f 1124//1124 1121//1121 1145//1145
f 1121//1121 1144//1144 1145//1145
f 1144//1144 1143//1143 1145//1145
f 1145//1145 1143//1143 1146//1146
f 1147//1147 1145//1145 1146//1146
f 1148//1148 1145//1145 1147//1147
f 1124//1124 1145//1145 1125//1125
f 1145//1145 1148//1148 1125//1125
f 1128//1128 1125//1125 1149//1149
f 1125//1125 1148//1148 1149//1149
f 1148//1148 1147//1147 1149//1149
f 1149//1149 1147//1147 1150//1150
f 1025//1025 1149//1149 1026//1026
f 1149//1149 1150//1150 1026//1026
f 1025//1025 1018//1018 1149//1149
f 1018//1018 1128//1128 1149//1149
f 1032//1032 1033//1033 1151//1151
f 1032//1032 1151//1151 1023//1023
f 1151//1151 1152//1152 1023//1023
f 1023//1023 1152//1152 1129//1129
f 1132//1132 1129//1129 1153//1153
f 1129//1129 1152//1152 1153//1153
f 1152//1152 1151//1151 1153//1153
f 1153//1153 1151//1151 1154//1154
f 1155//1155 1153//1153 1154//1154
f 1156//1156 1153//1153 1155//1155
f 1132//1132 1153//1153 1133//1133
f 1153//1153 1156//1156 1133//1133
f 1157//1157 1137//1137 1133//1133
f 1133//1133 1156//1156 1157//1157
f 1156//1156 1158//1158 1157//1157
f 1158//1158 1156//1156 1155//1155
f 1142//1142 1141//1141 1159//1159
f 1159//1159 1141//1141 1160//1160
f 1161//1161 1159//1159 1160//1160
f 1162//1162 1159//1159 1161//1161
f 1163//1163 1159//1159 1162//1162
f 1164//1164 1159//1159 1163//1163
f 1142//1142 1159//1159 1143//1143
f 1159//1159 1164//1164 1143//1143
f 1146//1146 1143//1143 1165//1165
f 1143//1143 1164//1164 1165//1165
f 1164//1164 1163//1163 1165//1165
f 1165//1165 1163//1163 1166//1166
f 1167//1167 1165//1165 1166//1166
f 1168//1168 1165//1165 1167//1167
f 1146//1146 1165//1165 1147//1147
f 1165//1165 1168//1168 1147//1147
f 1150//1150 1147//1147 1169//1169
f 1147//1147 1168//1168 1169//1169
f 1168//1168 1167//1167 1169//1169
f 1169//1169 1167//1167 1170//1170
f 1035//1035 1169//1169 1036//1036
f 1169//1169 1170//1170 1036//1036
f 1035//1035 1026//1026 1169//1169
f 1026//1026 1150//1150 1169//1169
f 1044//1044 1045//1045 1171//1171
f 1044//1044 1171//1171 1033//1033
f 1171//1171 1172//1172 1033//1033
f 1033//1033 1172//1172 1151//1151
f 1154//1154 1151//1151 1173//1173
f 1151//1151 1172//1172 1173//1173
f 1172//1172 1171//1171 1173//1173
f 1173//1173 1171//1171 1174//1174
f 1175//1175 1173//1173 1174//1174
f 1176//1176 1173//1173 1175//1175
f 1154//1154 1173//1173 1155//1155
f 1173//1173 1176//1176 1155//1155
f 1155//1155 1177//1177 1158//1158
f 1177//1177 1178//1178 1158//1158
f 1155//1155 1176//1176 1177//1177
f 1176//1176 1175//1175 1177//1177
f 1177//1177 1175//1175 1179//1179
f 1180//1180 1177//1177 1179//1179
f 1181//1181 1177//1177 1180//1180
f 1178//1178 1177//1177 1181//1181
f 1182//1182 1184//1184 1183//1183
f 1181//1181 1184//1184 1178//1178
f 1184//1184 1182//1182 1178//1178
f 1181//1181 1180//1180 1184//1184
f 1184//1184 1180//1180 1185//1185
f 1186//1186 1184//1184 1185//1185
f 1187//1187 1184//1184 1186//1186
f 1183//1183 1184//1184 1187//1187
f 1162//1162 1161//1161 1188//1188
f 1188//1188 1161//1161 1189//1189
f 1187//1187 1188//1188 1183//1183
f 1188//1188 1189//1189 1183//1183
f 1187//1187 1186//1186 1188//1188
f 1188//1188 1186//1186 1190//1190
f 1191//1191 1188//1188 1190//1190
f 1192//1192 1188//1188 1191//1191
f 1162//1162 1188//1188 1163//1163
f 1188//1188 1192//1192 1163//1163
f 1166//1166 1163//1163 1193//1193
f 1163//1163 1192//1192 1193//1193
f 1192//1192 1191//1191 1193//1193
f 1193//1193 1191//1191 1194//1194
f 1195//1195 1193//1193 1194//1194
f 1196//1196 1193//1193 1195//1195
f 1166//1166 1193//1193 1167//1167
f 1193//1193 1196//1196 1167//1167
f 1170//1170 1167//1167 1197//1197
f 1167//1167 1196//1196 1197//1197
f 1196//1196 1195//1195 1197//1197
f 1197//1197 1195//1195 1198//1198
f 1048//1048 1197//1197 1049//1049
f 1197//1197 1198//1198 1049//1049
f 1048//1048 1036//1036 1197//1197
f 1036//1036 1170//1170 1197//1197
f 1045//1045 1053//1053 1199//1199
f 1045//1045 1199//1199 1171//1171
f 1174//1174 1171//1171 1200//1200
f 1171//1171 1199//1199 1200//1200
f 1199//1199 1053//1053 1200//1200
f 1053//1053 1056//1056 1200//1200
f 1200//1200 1056//1056 1201//1201
f 1202//1202 1200//1200 1201//1201
f 1174//1174 1200//1200 1175//1175
f 1200//1200 1202//1202 1175//1175
f 1179//1179 1175//1175 1203//1203
f 1175//1175 1202//1202 1203//1203
f 1202//1202 1201//1201 1203//1203
f 1203//1203 1201//1201 1204//1204
f 1205//1205 1203//1203 1204//1204
f 1206//1206 1203//1203 1205//1205
f 1179//1179 1203//1203 1180//1180
f 1203//1203 1206//1206 1180//1180
f 1185//1185 1180//1180 1207//1207
f 1180//1180 1206//1206 1207//1207
f 1206//1206 1205//1205 1207//1207
f 1207//1207 1205//1205 1208//1208
f 1209//1209 1207//1207 1208//1208
f 1210//1210 1207//1207 1209//1209
f 1185//1185 1207//1207 1186//1186
f 1207//1207 1210//1210 1186//1186
f 1190//1190 1186//1186 1211//1211
f 1186//1186 1212//1212 1211//1211
f 1186//1186 1210//1210 1212//1212
f 1210//1210 1213//1213 1212//1212
f 1213//1213 1210//1210 1209//1209
f 1211//1211 1191//1191 1190//1190
f 1194//1194 1191//1191 1214//1214
f 1191//1191 1211//1211 1214//1214
f 1214//1214 1211//1211 1215//1215
f 1216//1216 1214//1214 1215//1215
f 1217//1217 1214//1214 1216//1216
f 1218//1218 1214//1214 1217//1217
f 1194//1194 1214//1214 1195//1195
f 1214//1214 1218//1218 1195//1195
f 1198//1198 1195//1195 1219//1219
f 1195//1195 1218//1218 1219//1219
f 1218//1218 1217//1217 1219//1219
f 1219//1219 1217//1217 1220//1220
f 1058//1058 1219//1219 1059//1059
f 1219//1219 1220//1220 1059//1059
f 1058//1058 1049//1049 1219//1219
f 1049//1049 1198//1198 1219//1219
f 1056//1056 1063//1063 1221//1221
f 1056//1056 1221//1221 1201//1201
f 1204//1204 1201//1201 1222//1222
f 1201//1201 1221//1221 1222//1222
f 1221//1221 1063//1063 1222//1222
f 1063//1063 1066//1066 1222//1222
f 1066//1066 1067//1067 1222//1222
f 1222//1222 1067//1067 1223//1223
f 1204//1204 1222//1222 1205//1205
f 1222//1222 1223//1223 1205//1205
f 1208//1208 1205//1205 1224//1224
f 1205//1205 1223//1223 1224//1224
f 1223//1223 1067//1067 1224//1224
f 1067//1067 1072//1072 1224//1224
f 1072//1072 1073//1073 1224//1224
f 1224//1224 1073//1073 1225//1225
f 1208//1208 1224//1224 1209//1209
f 1224//1224 1225//1225 1209//1209
f 1226//1226 1213//1213 1209//1209
f 1209//1209 1225//1225 1226//1226
f 1225//1225 1227//1227 1226//1226
f 1225//1225 1073//1073 1227//1227
f 1073//1073 1228//1228 1227//1227
f 1228//1228 1073//1073 1078//1078
f 1229//1229 1216//1216 1215//1215
f 1230//1230 1082//1082 1079//1079
f 1230//1230 1079//1079 1080//1080
f 1229//1229 1217//1217 1216//1216
f 1220//1220 1217//1217 1231//1231
f 1217//1217 1229//1229 1231//1231
f 1231//1231 1229//1229 1232//1232
f 1080//1080 1231//1231 1230//1230
f 1231//1231 1232//1232 1230//1230
f 1080//1080 1086//1086 1231//1231
f 1086//1086 1059//1059 1231//1231
f 1059//1059 1220//1220 1231//1231
f 1228//1228 1233//1233 1227//1227
f 1078//1078 1093//1093 1234//1234
f 1078//1078 1234//1234 1228//1228
f 1234//1234 1233//1233 1228//1228
f 1235//1235 1237//1237 1236//1236
f 1234//1234 1237//1237 1233//1233
f 1237//1237 1235//1235 1233//1233
f 1234//1234 1093//1093 1237//1237
f 1093//1093 1096//1096 1237//1237
f 1096//1096 1082//1082 1237//1237
f 1082//1082 1230//1230 1237//1237
f 1237//1237 1230//1230 1236//1236
f 1230//1230 1232//1232 1238//1238
f 1230//1230 1238//1238 1236//1236
f 1136//1136 1137//1137 1239//1239
f 1136//1136 1239//1239 1135//1135
f 1135//1135 1239//1239 1240//1240
f 1135//1135 1240//1240 1139//1139
f 1240//1240 1241//1241 1139//1139
f 1139//1139 1241//1241 1138//1138
f 1138//1138 1241//1241 1242//1242
f 1138//1138 1242//1242 1141//1141
f 1157//1157 1158//1158 1243//1243
f 1157//1157 1243//1243 1137//1137
f 1243//1243 1244//1244 1137//1137
f 1137//1137 1244//1244 1239//1239
f 1240//1240 1239//1239 1245//1245
f 1239//1239 1244//1244 1245//1245
f 1244//1244 1243//1243 1245//1245
f 1245//1245 1243//1243 1246//1246
f 1247//1247 1245//1245 1246//1246
f 1248//1248 1245//1245 1247//1247
f 1240//1240 1245//1245 1241//1241
f 1245//1245 1248//1248 1241//1241
f 1242//1242 1241//1241 1249//1249
f 1241//1241 1248//1248 1249//1249
f 1248//1248 1247//1247 1249//1249
f 1249//1249 1247//1247 1250//1250
f 1160//1160 1249//1249 1161//1161
f 1249//1249 1250//1250 1161//1161
f 1160//1160 1141//1141 1249//1249
f 1141//1141 1242//1242 1249//1249
f 1158//1158 1178//1178 1251//1251
f 1158//1158 1251//1251 1243//1243
f 1246//1246 1243//1243 1252//1252
f 1243//1243 1251//1251 1252//1252
f 1251//1251 1178//1178 1252//1252
f 1178//1178 1182//1182 1252//1252
f 1182//1182 1183//1183 1252//1252
f 1252//1252 1183//1183 1253//1253
f 1246//1246 1252//1252 1247//1247
f 1252//1252 1253//1253 1247//1247
f 1250//1250 1247//1247 1254//1254
f 1247//1247 1253//1253 1254//1254
f 1253//1253 1183//1183 1254//1254
f 1183//1183 1189//1189 1254//1254
f 1189//1189 1161//1161 1254//1254
f 1161//1161 1250//1250 1254//1254
f 1212//1212 1213//1213 1255//1255
f 1212//1212 1255//1255 1211//1211
f 1211//1211 1255//1255 1256//1256
f 1211//1211 1256//1256 1215//1215
f 1257//1257 1259//1259 1258//1258
f 1257//1257 1260//1260 1259//1259
f 1257//1257 1261//1261 1260//1260
f 1226//1226 1227//1227 1257//1257
f 1227//1227 1261//1261 1257//1257
f 1257//1257 1213//1213 1226//1226
f 1213//1213 1257//1257 1255//1255
f 1255//1255 1257//1257 1258//1258
f 1256//1256 1255//1255 1262//1262
f 1255//1255 1263//1263 1262//1262
f 1263//1263 1255//1255 1258//1258
f 1264//1264 1229//1229 1215//1215
f 1215//1215 1256//1256 1264//1264
f 1256//1256 1262//1262 1264//1264
f 1264//1264 1262//1262 1265//1265
f 1264//1264 1265//1265 1229//1229
f 1265//1265 1266//1266 1229//1229
f 1229//1229 1266//1266 1232//1232
f 1261//1261 1267//1267 1260//1260
f 1227//1227 1233//1233 1268//1268
f 1227//1227 1268//1268 1261//1261
f 1268//1268 1267//1267 1261//1261
f 1269//1269 1267//1267 1268//1268
f 1268//1268 1233//1233 1269//1269
f 1233//1233 1270//1270 1269//1269
f 1233//1233 1235//1235 1270//1270
f 1235//1235 1271//1271 1270//1270
f 1271//1271 1235//1235 1236//1236
f 1266//1266 1265//1265 1272//1272
f 1272//1272 1265//1265 1273//1273
f 1274//1274 1272//1272 1273//1273
f 1236//1236 1272//1272 1271//1271
f 1272//1272 1274//1274 1271//1271
f 1236//1236 1238//1238 1272//1272
f 1238//1238 1232//1232 1272//1272
f 1232//1232 1266//1266 1272//1272
f 1270//1270 1275//1275 1269//1269
f 1270//1270 1271//1271 1275//1275
f 1271//1271 1274//1274 1276//1276
f 1271//1271 1276//1276 1275//1275
f 1259//1259 1260//1260 1277//1277
f 1259//1259 1277//1277 1258//1258
f 1258//1258 1277//1277 1278//1278
f 1258//1258 1278//1278 1263//1263
f 1278//1278 1279//1279 1263//1263
f 1263//1263 1279//1279 1262//1262
f 1262//1262 1279//1279 1280//1280
f 1262//1262 1280//1280 1265//1265
f 1260//1260 1267//1267 1281//1281
f 1260//1260 1281//1281 1277//1277
f 1278//1278 1277//1277 1282//1282
f 1277//1277 1281//1281 1282//1282
f 1281//1281 1267//1267 1282//1282
f 1267//1267 1269//1269 1282//1282
f 1282//1282 1269//1269 1283//1283
f 1284//1284 1282//1282 1283//1283
f 1278//1278 1282//1282 1279//1279
f 1282//1282 1284//1284 1279//1279
f 1280//1280 1279//1279 1285//1285
f 1279//1279 1284//1284 1285//1285
f 1284//1284 1283//1283 1285//1285
f 1285//1285 1283//1283 1286//1286
f 1273//1273 1285//1285 1274//1274
f 1285//1285 1286//1286 1274//1274
f 1273//1273 1265//1265 1285//1285
f 1265//1265 1280//1280 1285//1285
f 1269//1269 1275//1275 1287//1287
f 1269//1269 1287//1287 1283//1283
f 1286//1286 1283//1283 1288//1288
f 1283//1283 1287//1287 1288//1288
f 1287//1287 1275//1275 1288//1288
f 1275//1275 1276//1276 1288//1288
f 1276//1276 1274//1274 1288//1288
f 1274//1274 1286//1286 1288//1288
f 19//19 1289//1289 24//24
f 24//24 1289//1289 4//4
f 4//4 1289//1289 15//15
f 15//15 1289//1289 19//19
f 951//951 953//953 1290//1290
f 953//953 954//954 1290//1290
f 954//954 952//952 1290//1290
f 952//952 951//951 1290//1290
f 64//64 206//206 1291//1291
f 206//206 209//209 1291//1291
f 209//209 207//207 1291//1291
f 207//207 64//64 1291//1291
f 1033//1033 1292//1292 1044//1044
f 1044//1044 1292//1292 1030//1030
f 1030//1030 1292//1292 1043//1043
f 1043//1043 1292//1292 1033//1033
f 460//460 462//462 1293//1293
f 462//462 599//599 1293//1293
f 599//599 459//459 1293//1293
f 459//459 460//460 1293//1293
f 888//888 994//994 1294//1294
f 994//994 869//869 1294//1294
f 869//869 865//865 1294//1294
f 865//865 888//888 1294//1294
f 416//416 556//556 1295//1295
f 556//556 560//560 1295//1295
f 560//560 395//395 1295//1295
f 395//395 416//416 1295//1295
f 888//888 1296//1296 893//893
f 893//893 1296//1296 869//869
f 869//869 1296//1296 998//998
f 998//998 1296//1296 888//888
f 804//804 1297//1297 808//808
f 808//808 1297//1297 806//806
f 806//806 1297//1297 807//807
f 807//807 1297//1297 804//804
f 795//795 1298//1298 799//799
f 799//799 1298//1298 797//797
f 797//797 1298//1298 798//798
f 798//798 1298//1298 795//795
