solid sdfpack_rechts_v3_mesh
  facet normal -6.6961461e-01 -5.9950006e-01 -4.3842453e-01
    outer loop
      vertex -1.4410630e+00 -9.3671519e-01 -4.3236738e-01
      vertex -1.3869565e+00 -9.7162193e-01 -4.6727413e-01
      vertex -1.3869565e+00 -1.0367188e+00 -3.7826085e-01
    endloop
  endfacet
  facet normal -6.6027540e-01 -3.6975068e-01 -6.5369785e-01
    outer loop
      vertex -1.4410630e+00 -9.3671519e-01 -4.3236738e-01
      vertex -1.3869565e+00 -8.8260865e-01 -5.1762265e-01
      vertex -1.3869565e+00 -9.7162193e-01 -4.6727413e-01
    endloop
  endfacet
  facet normal -7.4615812e-01 -2.3522788e-01 -6.2282884e-01
    outer loop
      vertex -1.4410630e+00 -9.3671519e-01 -4.3236738e-01
      vertex -1.4503599e+00 -8.8260865e-01 -4.4166434e-01
      vertex -1.3869565e+00 -8.8260865e-01 -5.1762265e-01
    endloop
  endfacet
  facet normal -9.3864864e-01 -2.0848832e-01 -2.7472046e-01
    outer loop
      vertex -1.4410630e+00 -9.3671519e-01 -4.3236738e-01
      vertex -1.4689167e+00 -8.8260865e-01 -3.7826085e-01
      vertex -1.4503599e+00 -8.8260865e-01 -4.4166434e-01
    endloop
  endfacet
  facet normal -9.3967885e-01 -2.4285652e-01 -2.4088258e-01
    outer loop
      vertex -1.4410630e+00 -9.3671519e-01 -4.3236738e-01
      vertex -1.4520845e+00 -9.4773674e-01 -3.7826085e-01
      vertex -1.4689167e+00 -8.8260865e-01 -3.7826085e-01
    endloop
  endfacet
  facet normal -7.7610964e-01 -5.6805277e-01 -2.7380636e-01
    outer loop
      vertex -1.4410630e+00 -9.3671519e-01 -4.3236738e-01
      vertex -1.3869565e+00 -1.0367188e+00 -3.7826085e-01
      vertex -1.4520845e+00 -9.4773674e-01 -3.7826085e-01
    endloop
  endfacet
  facet normal -6.7147529e-01 -4.9146852e-01 5.5459851e-01
    outer loop
      vertex -1.4520845e+00 -9.4773674e-01 -3.7826085e-01
      vertex -1.3869565e+00 -1.0367188e+00 -3.7826085e-01
      vertex -1.3869565e+00 -8.8260865e-01 -2.4169303e-01
    endloop
  endfacet
  facet normal -8.3713055e-01 -2.1635328e-01 5.0239795e-01
    outer loop
      vertex -1.4520845e+00 -9.4773674e-01 -3.7826085e-01
      vertex -1.3869565e+00 -8.8260865e-01 -2.4169303e-01
      vertex -1.4689167e+00 -8.8260865e-01 -3.7826085e-01
    endloop
  endfacet
  facet normal -6.2990505e-01 5.7163250e-01 -5.2579075e-01
    outer loop
      vertex -1.4503599e+00 -8.8260865e-01 -4.4166434e-01
      vertex -1.3869565e+00 -7.5442290e-01 -3.7826085e-01
      vertex -1.3869565e+00 -8.8260865e-01 -5.1762265e-01
    endloop
  endfacet
  facet normal -8.1800467e-01 5.2302086e-01 -2.3941077e-01
    outer loop
      vertex -1.4503599e+00 -8.8260865e-01 -4.4166434e-01
      vertex -1.4689167e+00 -8.8260865e-01 -3.7826085e-01
      vertex -1.3869565e+00 -7.5442290e-01 -3.7826085e-01
    endloop
  endfacet
  facet normal -8.2107127e-01 2.8814840e-01 4.9276006e-01
    outer loop
      vertex -1.4689167e+00 -8.8260865e-01 -3.7826085e-01
      vertex -1.3869565e+00 -8.8260865e-01 -2.4169303e-01
      vertex -1.3869565e+00 -7.9643315e-01 -2.9208538e-01
    endloop
  endfacet
  facet normal -8.1487638e-01 5.2102077e-01 2.5399584e-01
    outer loop
      vertex -1.4689167e+00 -8.8260865e-01 -3.7826085e-01
      vertex -1.3869565e+00 -7.9643315e-01 -2.9208538e-01
      vertex -1.3869565e+00 -7.5442290e-01 -3.7826085e-01
    endloop
  endfacet
  facet normal -3.3280220e-02 -8.9411390e-01 -4.4660142e-01
    outer loop
      vertex -1.2649146e+00 -1.0127407e+00 -5.0839287e-01
      vertex -1.1347826e+00 -1.0159709e+00 -5.1162314e-01
      vertex -1.1347826e+00 -1.0825841e+00 -3.7826085e-01
    endloop
  endfacet
  facet normal -3.2340400e-02 -3.7733155e-01 -9.2551333e-01
    outer loop
      vertex -1.2649146e+00 -1.0127407e+00 -5.0839287e-01
      vertex -1.1347826e+00 -8.8260865e-01 -5.6599492e-01
      vertex -1.1347826e+00 -1.0159709e+00 -5.1162314e-01
    endloop
  endfacet
  facet normal -4.9129754e-02 -3.6278373e-01 -9.3057734e-01
    outer loop
      vertex -1.2649146e+00 -1.0127407e+00 -5.0839287e-01
      vertex -1.3131022e+00 -8.8260865e-01 -5.5658054e-01
      vertex -1.1347826e+00 -8.8260865e-01 -5.6599492e-01
    endloop
  endfacet
  facet normal -4.1725940e-01 -4.4742239e-01 -7.9101694e-01
    outer loop
      vertex -1.3869565e+00 -9.7162193e-01 -4.6727413e-01
      vertex -1.3869565e+00 -8.8260865e-01 -5.1762265e-01
      vertex -1.2649146e+00 -1.0127407e+00 -5.0839287e-01
    endloop
  endfacet
  facet normal -4.1725931e-01 -4.4742233e-01 -7.9101700e-01
    outer loop
      vertex -1.3869565e+00 -8.8260865e-01 -5.1762265e-01
      vertex -1.3131022e+00 -8.8260865e-01 -5.5658054e-01
      vertex -1.2649146e+00 -1.0127407e+00 -5.0839287e-01
    endloop
  endfacet
  facet normal -4.2598784e-01 -7.3027956e-01 -5.3406578e-01
    outer loop
      vertex -1.3869565e+00 -9.7162193e-01 -4.6727413e-01
      vertex -1.2649146e+00 -1.0127407e+00 -5.0839287e-01
      vertex -1.3869565e+00 -1.0367188e+00 -3.7826085e-01
    endloop
  endfacet
  facet normal -4.2598787e-01 -7.3027939e-01 -5.3406578e-01
    outer loop
      vertex -1.3869565e+00 -1.0367188e+00 -3.7826085e-01
      vertex -1.2649146e+00 -1.0127407e+00 -5.0839287e-01
      vertex -1.3250210e+00 -1.0728471e+00 -3.7826085e-01
    endloop
  endfacet
  facet normal -4.5994356e-02 -8.9862174e-01 -4.3630666e-01
    outer loop
      vertex -1.2649146e+00 -1.0127407e+00 -5.0839287e-01
      vertex -1.1347826e+00 -1.0825841e+00 -3.7826085e-01
      vertex -1.3250210e+00 -1.0728471e+00 -3.7826085e-01
    endloop
  endfacet
  facet normal -3.9954040e-02 -7.8060842e-01 6.2374216e-01
    outer loop
      vertex -1.3250210e+00 -1.0728471e+00 -3.7826085e-01
      vertex -1.1347826e+00 -1.0825841e+00 -3.7826085e-01
      vertex -1.1347826e+00 -8.8260865e-01 -1.2799308e-01
    endloop
  endfacet
  facet normal -3.4930161e-01 -5.9881461e-01 7.2070074e-01
    outer loop
      vertex -1.3250210e+00 -1.0728471e+00 -3.7826085e-01
      vertex -1.1347826e+00 -8.8260865e-01 -1.2799308e-01
      vertex -1.3869565e+00 -1.0367188e+00 -3.7826085e-01
    endloop
  endfacet
  facet normal -3.4929955e-01 -5.9881669e-01 7.2069997e-01
    outer loop
      vertex -1.1347826e+00 -8.8260865e-01 -1.2799308e-01
      vertex -1.1384814e+00 -8.8260865e-01 -1.2978578e-01
      vertex -1.3869565e+00 -1.0367188e+00 -3.7826085e-01
    endloop
  endfacet
  facet normal -3.1941286e-01 -6.2848365e-01 7.0921344e-01
    outer loop
      vertex -1.3869565e+00 -1.0367188e+00 -3.7826085e-01
      vertex -1.1384814e+00 -8.8260865e-01 -1.2978578e-01
      vertex -1.3869565e+00 -8.8260865e-01 -2.4169303e-01
    endloop
  endfacet
  facet normal -4.7298923e-02 4.4173270e-01 -8.9589900e-01
    outer loop
      vertex -1.3131022e+00 -8.8260865e-01 -5.5658054e-01
      vertex -1.2480452e+00 -7.4369740e-01 -4.9152353e-01
      vertex -1.1347826e+00 -8.8260865e-01 -5.6599492e-01
    endloop
  endfacet
  facet normal -4.7299001e-02 4.4173262e-01 -8.9589906e-01
    outer loop
      vertex -1.1347826e+00 -8.8260865e-01 -5.6599492e-01
      vertex -1.2480452e+00 -7.4369740e-01 -4.9152353e-01
      vertex -1.1347826e+00 -7.5549316e-01 -5.0331926e-01
    endloop
  endfacet
  facet normal -5.8515854e-02 3.6664748e-01 -9.2851794e-01
    outer loop
      vertex -1.2480452e+00 -7.4369740e-01 -4.9152353e-01
      vertex -1.1347826e+00 -6.3043475e-01 -4.5393696e-01
      vertex -1.1347826e+00 -7.5549316e-01 -5.0331926e-01
    endloop
  endfacet
  facet normal -2.1939901e-01 4.9784273e-01 -8.3905709e-01
    outer loop
      vertex -1.2480452e+00 -7.4369740e-01 -4.9152353e-01
      vertex -1.1947724e+00 -6.3043475e-01 -4.3825066e-01
      vertex -1.1347826e+00 -6.3043475e-01 -4.5393696e-01
    endloop
  endfacet
  facet normal -6.8356723e-01 5.4817903e-01 -4.8190832e-01
    outer loop
      vertex -1.2480452e+00 -7.4369740e-01 -4.9152353e-01
      vertex -1.2370646e+00 -6.3043475e-01 -3.7826085e-01
      vertex -1.1947724e+00 -6.3043475e-01 -4.3825066e-01
    endloop
  endfacet
  facet normal -5.2001774e-01 6.2866044e-01 -5.7824534e-01
    outer loop
      vertex -1.3869565e+00 -8.8260865e-01 -5.1762265e-01
      vertex -1.3869565e+00 -7.5442290e-01 -3.7826085e-01
      vertex -1.2480452e+00 -7.4369740e-01 -4.9152353e-01
    endloop
  endfacet
  facet normal -5.2001780e-01 6.2866032e-01 -5.7824540e-01
    outer loop
      vertex -1.3869565e+00 -7.5442290e-01 -3.7826085e-01
      vertex -1.2370646e+00 -6.3043475e-01 -3.7826085e-01
      vertex -1.2480452e+00 -7.4369740e-01 -4.9152353e-01
    endloop
  endfacet
  facet normal -3.9426705e-01 5.3469688e-01 -7.4743080e-01
    outer loop
      vertex -1.2480452e+00 -7.4369740e-01 -4.9152353e-01
      vertex -1.3131022e+00 -8.8260865e-01 -5.5658048e-01
      vertex -1.3869565e+00 -8.8260865e-01 -5.1762265e-01
    endloop
  endfacet
  facet normal -4.3565503e-01 4.7209881e-02 8.9887482e-01
    outer loop
      vertex -1.1384814e+00 -8.8260865e-01 -1.2978578e-01
      vertex -1.1347826e+00 -8.8260865e-01 -1.2799308e-01
      vertex -1.1614629e+00 -6.5711510e-01 -1.5276733e-01
    endloop
  endfacet
  facet normal -4.3565676e-01 4.7209591e-02 8.9887404e-01
    outer loop
      vertex -1.1614629e+00 -6.5711510e-01 -1.5276733e-01
      vertex -1.1347826e+00 -8.8260865e-01 -1.2799308e-01
      vertex -1.1347826e+00 -6.4482927e-01 -1.4048144e-01
    endloop
  endfacet
  facet normal -5.3420305e-01 7.2447574e-01 4.3561673e-01
    outer loop
      vertex -1.1347826e+00 -6.3043475e-01 -1.6442102e-01
      vertex -1.1614629e+00 -6.5711510e-01 -1.5276733e-01
      vertex -1.1347826e+00 -6.4482927e-01 -1.4048144e-01
    endloop
  endfacet
  facet normal -6.0968006e-01 7.3705482e-01 2.9161695e-01
    outer loop
      vertex -1.3869565e+00 -7.5442290e-01 -3.7826085e-01
      vertex -1.1614629e+00 -6.5711510e-01 -1.5276733e-01
      vertex -1.2370646e+00 -6.3043475e-01 -3.7826085e-01
    endloop
  endfacet
  facet normal -6.0967988e-01 7.3705494e-01 2.9161689e-01
    outer loop
      vertex -1.1614629e+00 -6.5711510e-01 -1.5276733e-01
      vertex -1.1347826e+00 -6.3043475e-01 -1.6442102e-01
      vertex -1.2370646e+00 -6.3043475e-01 -3.7826085e-01
    endloop
  endfacet
  facet normal -6.3688493e-01 6.9299763e-01 3.3783397e-01
    outer loop
      vertex -1.3869565e+00 -7.5442290e-01 -3.7826085e-01
      vertex -1.3869565e+00 -7.9643315e-01 -2.9208538e-01
      vertex -1.1614629e+00 -6.5711510e-01 -1.5276733e-01
    endloop
  endfacet
  facet normal -6.4552665e-01 3.8552895e-01 6.5928960e-01
    outer loop
      vertex -1.3869565e+00 -7.9643315e-01 -2.9208538e-01
      vertex -1.3869565e+00 -8.8260865e-01 -2.4169303e-01
      vertex -1.1614629e+00 -6.5711510e-01 -1.5276733e-01
    endloop
  endfacet
  facet normal -4.1011533e-01 5.1008414e-02 9.1060615e-01
    outer loop
      vertex -1.3869565e+00 -8.8260865e-01 -2.4169303e-01
      vertex -1.1384814e+00 -8.8260865e-01 -1.2978578e-01
      vertex -1.1614629e+00 -6.5711510e-01 -1.5276733e-01
    endloop
  endfacet
  facet normal -1.7759030e-01 7.1217614e-01 -6.7916626e-01
    outer loop
      vertex -1.1947724e+00 -6.3043475e-01 -4.3825066e-01
      vertex -1.1347826e+00 -5.5826628e-01 -3.7826085e-01
      vertex -1.1347826e+00 -6.3043475e-01 -4.5393696e-01
    endloop
  endfacet
  facet normal -5.3409088e-01 7.5694984e-01 -3.7652889e-01
    outer loop
      vertex -1.1947724e+00 -6.3043475e-01 -4.3825066e-01
      vertex -1.2370646e+00 -6.3043475e-01 -3.7826085e-01
      vertex -1.1347826e+00 -5.5826628e-01 -3.7826085e-01
    endloop
  endfacet
  facet normal -8.0810547e-01 4.4448078e-01 3.8652614e-01
    outer loop
      vertex -1.2370646e+00 -6.3043475e-01 -3.7826085e-01
      vertex -1.1347826e+00 -6.3043475e-01 -1.6442102e-01
      vertex -1.1347826e+00 -5.3097147e-01 -2.7879757e-01
    endloop
  endfacet
  facet normal -5.6255168e-01 7.9728639e-01 -2.1879216e-01
    outer loop
      vertex -1.2370646e+00 -6.3043475e-01 -3.7826085e-01
      vertex -1.1347826e+00 -5.3097147e-01 -2.7879757e-01
      vertex -1.1347826e+00 -5.5826628e-01 -3.7826085e-01
    endloop
  endfacet
  facet normal -9.3783951e-01 -2.6849046e-01 -2.1993160e-01
    outer loop
      vertex -1.1609709e+00 9.9898845e-02 -1.5227528e-01
      vertex -1.1347826e+00 4.9613439e-02 -2.0256063e-01
      vertex -1.1347826e+00 -1.3029307e-02 -1.2608695e-01
    endloop
  endfacet
  facet normal -9.3832171e-01 -2.3563400e-01 -2.5303924e-01
    outer loop
      vertex -1.1609709e+00 9.9898845e-02 -1.5227528e-01
      vertex -1.1347826e+00 1.2608719e-01 -2.7377415e-01
      vertex -1.1347826e+00 4.9613439e-02 -2.0256063e-01
    endloop
  endfacet
  facet normal -9.5604211e-01 -1.6585362e-01 -2.4181806e-01
    outer loop
      vertex -1.1609709e+00 9.9898845e-02 -1.5227528e-01
      vertex -1.1645969e+00 1.2608719e-01 -1.5590128e-01
      vertex -1.1347826e+00 1.2608719e-01 -2.7377415e-01
    endloop
  endfacet
  facet normal -9.6817207e-01 -1.6062734e-01 -1.9194213e-01
    outer loop
      vertex -1.1609709e+00 9.9898845e-02 -1.5227528e-01
      vertex -1.1705077e+00 1.2608719e-01 -1.2608695e-01
      vertex -1.1645969e+00 1.2608719e-01 -1.5590128e-01
    endloop
  endfacet
  facet normal -9.6837318e-01 -1.8244258e-01 -1.7020017e-01
    outer loop
      vertex -1.1609709e+00 9.9898845e-02 -1.5227528e-01
      vertex -1.1648440e+00 9.6025616e-02 -1.2608695e-01
      vertex -1.1705077e+00 1.2608719e-01 -1.2608695e-01
    endloop
  endfacet
  facet normal -9.4848353e-01 -2.6145378e-01 -1.7894426e-01
    outer loop
      vertex -1.1609709e+00 9.9898845e-02 -1.5227528e-01
      vertex -1.1347826e+00 -1.3029307e-02 -1.2608695e-01
      vertex -1.1648440e+00 9.6025616e-02 -1.2608695e-01
    endloop
  endfacet
  facet normal -9.6404362e-01 -2.6574391e-01 8.7700086e-05
    outer loop
      vertex -1.1648283e+00 9.6041456e-02 9.6041456e-02
      vertex -1.1347826e+00 -1.2991995e-02 -1.2991995e-02
      vertex -1.1347826e+00 -1.2946099e-02 1.2608719e-01
    endloop
  endfacet
  facet normal -9.6404386e-01 -2.6574305e-01 8.7243170e-05
    outer loop
      vertex -1.1648440e+00 9.6025616e-02 -1.2608695e-01
      vertex -1.1347826e+00 -1.3029307e-02 -1.2608695e-01
      vertex -1.1648283e+00 9.6041456e-02 9.6041456e-02
    endloop
  endfacet
  facet normal -9.6404368e-01 -2.6574388e-01 8.7674729e-05
    outer loop
      vertex -1.1347826e+00 -1.3029307e-02 -1.2608695e-01
      vertex -1.1347826e+00 -1.2991995e-02 -1.2991995e-02
      vertex -1.1648283e+00 9.6041456e-02 9.6041456e-02
    endloop
  endfacet
  facet normal -9.8271143e-01 -1.8514390e-01 8.2818078e-05
    outer loop
      vertex -1.1648440e+00 9.6025616e-02 -1.2608695e-01
      vertex -1.1648283e+00 9.6041456e-02 9.6041456e-02
      vertex -1.1705077e+00 1.2608719e-01 -1.2608695e-01
    endloop
  endfacet
  facet normal -9.8271215e-01 -1.8514018e-01 8.3342165e-05
    outer loop
      vertex -1.1705077e+00 1.2608719e-01 -1.2608695e-01
      vertex -1.1648283e+00 9.6041456e-02 9.6041456e-02
      vertex -1.1704893e+00 1.2608719e-01 9.0380386e-02
    endloop
  endfacet
  facet normal -9.8270929e-01 -1.8515535e-01 0.0000000e+00
    outer loop
      vertex -1.1648283e+00 9.6041456e-02 9.6041456e-02
      vertex -1.1704893e+00 1.2608719e-01 1.2608719e-01
      vertex -1.1704893e+00 1.2608719e-01 9.0380386e-02
    endloop
  endfacet
  facet normal -9.8270762e-01 -1.8516402e-01 8.9917867e-06
    outer loop
      vertex -1.1648283e+00 9.6041456e-02 9.6041456e-02
      vertex -1.1648281e+00 9.6041650e-02 1.2608719e-01
      vertex -1.1704893e+00 1.2608719e-01 1.2608719e-01
    endloop
  endfacet
  facet normal -9.6403807e-01 -2.6576397e-01 9.3632962e-06
    outer loop
      vertex -1.1648283e+00 9.6041456e-02 9.6041456e-02
      vertex -1.1347826e+00 -1.2946099e-02 1.2608719e-01
      vertex -1.1648281e+00 9.6041650e-02 1.2608719e-01
    endloop
  endfacet
  facet normal -9.3519855e-01 -2.5781354e-01 2.4276690e-01
    outer loop
      vertex -1.1648281e+00 9.6041650e-02 1.2608719e-01
      vertex -1.1347826e+00 -1.2946099e-02 1.2608719e-01
      vertex -1.1347826e+00 1.2608719e-01 2.7373773e-01
    endloop
  endfacet
  facet normal -9.5607972e-01 -1.8014672e-01 2.3121153e-01
    outer loop
      vertex -1.1648281e+00 9.6041650e-02 1.2608719e-01
      vertex -1.1347826e+00 1.2608719e-01 2.7373773e-01
      vertex -1.1704893e+00 1.2608719e-01 1.2608719e-01
    endloop
  endfacet
  facet normal -8.9722204e-01 3.7880164e-01 -2.2694030e-01
    outer loop
      vertex -1.1645969e+00 1.2608719e-01 -1.5590128e-01
      vertex -1.1347826e+00 2.1456668e-01 -1.2608695e-01
      vertex -1.1347826e+00 1.2608719e-01 -2.7377415e-01
    endloop
  endfacet
  facet normal -9.1198528e-01 3.6822972e-01 -1.8080300e-01
    outer loop
      vertex -1.1645969e+00 1.2608719e-01 -1.5590128e-01
      vertex -1.1705077e+00 1.2608719e-01 -1.2608695e-01
      vertex -1.1347826e+00 2.1456668e-01 -1.2608695e-01
    endloop
  endfacet
  facet normal -9.2729461e-01 3.7433240e-01 7.8642297e-05
    outer loop
      vertex -1.1704893e+00 1.2608719e-01 9.0380386e-02
      vertex -1.1347826e+00 2.1453232e-01 1.2608719e-01
      vertex -1.1705077e+00 1.2608719e-01 -1.2608695e-01
    endloop
  endfacet
  facet normal -9.2729449e-01 3.7433255e-01 7.8578327e-05
    outer loop
      vertex -1.1347826e+00 2.1453232e-01 1.2608719e-01
      vertex -1.1347826e+00 2.1456668e-01 -3.7607379e-02
      vertex -1.1705077e+00 1.2608719e-01 -1.2608695e-01
    endloop
  endfacet
  facet normal -9.2726719e-01 3.7440014e-01 0.0000000e+00
    outer loop
      vertex -1.1705077e+00 1.2608719e-01 -1.2608695e-01
      vertex -1.1347826e+00 2.1456668e-01 -3.7607379e-02
      vertex -1.1347826e+00 2.1456668e-01 -1.2608695e-01
    endloop
  endfacet
  facet normal -9.2728353e-01 3.7435970e-01 0.0000000e+00
    outer loop
      vertex -1.1704893e+00 1.2608719e-01 9.0380386e-02
      vertex -1.1704893e+00 1.2608719e-01 1.2608719e-01
      vertex -1.1347826e+00 2.1453232e-01 1.2608719e-01
    endloop
  endfacet
  facet normal -9.2286670e-01 3.1385985e-01 2.2317953e-01
    outer loop
      vertex -1.1704893e+00 1.2608719e-01 1.2608719e-01
      vertex -1.1347826e+00 1.2608719e-01 2.7373773e-01
      vertex -1.1347826e+00 1.8744689e-01 1.8744689e-01
    endloop
  endfacet
  facet normal -9.1487616e-01 3.6935064e-01 1.6303888e-01
    outer loop
      vertex -1.1704893e+00 1.2608719e-01 1.2608719e-01
      vertex -1.1347826e+00 1.8744689e-01 1.8744689e-01
      vertex -1.1347826e+00 2.1453232e-01 1.2608719e-01
    endloop
  endfacet
  facet normal 5.3897309e-01 -7.6388484e-01 -3.5494792e-01
    outer loop
      vertex -8.8538468e-01 -8.8538468e-01 -3.8103688e-01
      vertex -8.8260865e-01 -8.8404739e-01 -3.7969959e-01
      vertex -8.8260865e-01 -8.8471591e-01 -3.7826085e-01
    endloop
  endfacet
  facet normal 5.5603707e-01 -4.6606421e-01 -6.8819100e-01
    outer loop
      vertex -8.8538468e-01 -8.8538468e-01 -3.8103688e-01
      vertex -8.8260865e-01 -8.8260865e-01 -3.8067394e-01
      vertex -8.8260865e-01 -8.8404739e-01 -3.7969959e-01
    endloop
  endfacet
  facet normal 5.0354123e-01 -4.0367460e-01 -7.6386720e-01
    outer loop
      vertex -8.8538468e-01 -8.8538468e-01 -3.8103688e-01
      vertex -8.8968933e-01 -8.8260865e-01 -3.8534153e-01
      vertex -8.8260865e-01 -8.8260865e-01 -3.8067394e-01
    endloop
  endfacet
  facet normal 5.6374073e-01 -3.1182081e-01 -7.6482946e-01
    outer loop
      vertex -1.1347826e+00 -1.0159709e+00 -5.1162314e-01
      vertex -1.1347826e+00 -8.8260865e-01 -5.6599492e-01
      vertex -8.8538468e-01 -8.8538468e-01 -3.8103688e-01
    endloop
  endfacet
  facet normal 5.6374156e-01 -3.1181663e-01 -7.6483059e-01
    outer loop
      vertex -1.1347826e+00 -8.8260865e-01 -5.6599492e-01
      vertex -8.8968933e-01 -8.8260865e-01 -3.8534153e-01
      vertex -8.8538468e-01 -8.8538468e-01 -3.8103688e-01
    endloop
  endfacet
  facet normal 5.7477742e-01 -7.3206764e-01 -3.6566082e-01
    outer loop
      vertex -1.1347826e+00 -1.0159709e+00 -5.1162314e-01
      vertex -8.8538468e-01 -8.8538468e-01 -3.8103688e-01
      vertex -1.1347826e+00 -1.0825841e+00 -3.7826085e-01
    endloop
  endfacet
  facet normal 5.7477731e-01 -7.3206753e-01 -3.6566132e-01
    outer loop
      vertex -1.1347826e+00 -1.0825841e+00 -3.7826085e-01
      vertex -8.8538468e-01 -8.8538468e-01 -3.8103688e-01
      vertex -8.9183825e-01 -8.9183825e-01 -3.7826085e-01
    endloop
  endfacet
  facet normal 5.6322503e-01 -7.2986454e-01 -3.8739559e-01
    outer loop
      vertex -8.8538468e-01 -8.8538468e-01 -3.8103688e-01
      vertex -8.8260865e-01 -8.8471591e-01 -3.7826085e-01
      vertex -8.9183825e-01 -8.9183825e-01 -3.7826085e-01
    endloop
  endfacet
  facet normal 6.0381514e-01 -7.8246391e-01 1.5217550e-01
    outer loop
      vertex -8.9183825e-01 -8.9183825e-01 -3.7826085e-01
      vertex -8.8260865e-01 -8.8471591e-01 -3.7826085e-01
      vertex -8.8260865e-01 -8.8260865e-01 -3.6742562e-01
    endloop
  endfacet
  facet normal 6.1124283e-01 -7.7851200e-01 1.4248218e-01
    outer loop
      vertex -8.9183825e-01 -8.9183825e-01 -3.7826085e-01
      vertex -8.8260865e-01 -8.8260865e-01 -3.6742562e-01
      vertex -1.1347826e+00 -1.0825841e+00 -3.7826085e-01
    endloop
  endfacet
  facet normal 6.1124295e-01 -7.7851212e-01 1.4248206e-01
    outer loop
      vertex -8.8260865e-01 -8.8260865e-01 -3.6742562e-01
      vertex -9.2823064e-01 -8.8260865e-01 -1.7170891e-01
      vertex -1.1347826e+00 -1.0825841e+00 -3.7826085e-01
    endloop
  endfacet
  facet normal 1.3097966e-01 -7.7450192e-01 6.1886275e-01
    outer loop
      vertex -1.1347826e+00 -1.0825841e+00 -3.7826085e-01
      vertex -9.2823064e-01 -8.8260865e-01 -1.7170891e-01
      vertex -1.1347826e+00 -8.8260865e-01 -1.2799308e-01
    endloop
  endfacet
  facet normal 4.9934876e-01 -4.2051578e-01 -7.5750726e-01
    outer loop
      vertex -8.8968933e-01 -8.8260865e-01 -3.8534153e-01
      vertex -1.0415523e+00 -7.8937846e-01 -5.3720456e-01
      vertex -8.8260865e-01 -8.8260865e-01 -3.8067394e-01
    endloop
  endfacet
  facet normal 4.9934965e-01 -4.2051449e-01 -7.5750738e-01
    outer loop
      vertex -8.8260865e-01 -8.8260865e-01 -3.8067394e-01
      vertex -1.0415523e+00 -7.8937846e-01 -5.3720456e-01
      vertex -8.8260865e-01 -7.2200412e-01 -4.6983021e-01
    endloop
  endfacet
  facet normal 4.2880541e-01 -1.1563440e-01 -8.9596570e-01
    outer loop
      vertex -1.0415523e+00 -7.8937846e-01 -5.3720456e-01
      vertex -8.8260865e-01 -6.3043475e-01 -4.8164827e-01
      vertex -8.8260865e-01 -7.2200412e-01 -4.6983021e-01
    endloop
  endfacet
  facet normal 3.6471274e-02 2.9704306e-01 -9.5416731e-01
    outer loop
      vertex -1.0415523e+00 -7.8937846e-01 -5.3720456e-01
      vertex -9.9010491e-01 -6.3043475e-01 -4.8575711e-01
      vertex -8.8260865e-01 -6.3043475e-01 -4.8164827e-01
    endloop
  endfacet
  facet normal -2.0041649e-01 3.5982504e-01 -9.1124046e-01
    outer loop
      vertex -1.1347826e+00 -7.5549316e-01 -5.0331926e-01
      vertex -1.1347826e+00 -6.3043475e-01 -4.5393696e-01
      vertex -1.0415523e+00 -7.8937846e-01 -5.3720456e-01
    endloop
  endfacet
  facet normal -2.0041664e-01 3.5982493e-01 -9.1124046e-01
    outer loop
      vertex -1.1347826e+00 -6.3043475e-01 -4.5393696e-01
      vertex -9.9010491e-01 -6.3043475e-01 -4.8575711e-01
      vertex -1.0415523e+00 -7.8937846e-01 -5.3720456e-01
    endloop
  endfacet
  facet normal -1.6304415e-01 4.3631002e-01 -8.8490117e-01
    outer loop
      vertex -1.0415523e+00 -7.8937846e-01 -5.3720456e-01
      vertex -1.1347826e+00 -8.8260865e-01 -5.6599492e-01
      vertex -1.1347826e+00 -7.5549316e-01 -5.0331926e-01
    endloop
  endfacet
  facet normal 5.6092644e-01 -3.2591936e-01 -7.6101124e-01
    outer loop
      vertex -1.0415523e+00 -7.8937846e-01 -5.3720456e-01
      vertex -8.8968933e-01 -8.8260865e-01 -3.8534153e-01
      vertex -1.1347826e+00 -8.8260865e-01 -5.6599492e-01
    endloop
  endfacet
  facet normal 7.3832417e-01 -6.5211755e-01 1.7210498e-01
    outer loop
      vertex -8.8260865e-01 -8.1891525e-01 -1.2608695e-01
      vertex -9.2823064e-01 -8.8260865e-01 -1.7170891e-01
      vertex -8.8260865e-01 -8.8260865e-01 -3.6742562e-01
    endloop
  endfacet
  facet normal -6.7868102e-01 6.2941396e-01 3.7845752e-01
    outer loop
      vertex -1.1134061e+00 -6.3043475e-01 -1.2608695e-01
      vertex -1.1347826e+00 -6.3043475e-01 -1.6442102e-01
      vertex -1.1347826e+00 -6.4482927e-01 -1.4048144e-01
    endloop
  endfacet
  facet normal -5.7771146e-01 4.2810638e-02 8.1511760e-01
    outer loop
      vertex -1.1347826e+00 -6.4482927e-01 -1.4048144e-01
      vertex -1.1347826e+00 -8.8260865e-01 -1.2799308e-01
      vertex -1.1134061e+00 -6.3043475e-01 -1.2608695e-01
    endloop
  endfacet
  facet normal -5.7771540e-01 4.2811003e-02 8.1511480e-01
    outer loop
      vertex -1.1347826e+00 -8.8260865e-01 -1.2799308e-01
      vertex -1.1318779e+00 -8.7970400e-01 -1.2608695e-01
      vertex -1.1134061e+00 -6.3043475e-01 -1.2608695e-01
    endloop
  endfacet
  facet normal 1.5783888e-01 -6.4723653e-01 7.4576920e-01
    outer loop
      vertex -1.1347826e+00 -8.8260865e-01 -1.2799308e-01
      vertex -9.2823064e-01 -8.8260865e-01 -1.7170891e-01
      vertex -1.1318779e+00 -8.7970400e-01 -1.2608695e-01
    endloop
  endfacet
  facet normal 1.5783946e-01 -6.4723361e-01 7.4577159e-01
    outer loop
      vertex -9.2823064e-01 -8.8260865e-01 -1.7170891e-01
      vertex -8.8260865e-01 -8.1891525e-01 -1.2608695e-01
      vertex -1.1318779e+00 -8.7970400e-01 -1.2608695e-01
    endloop
  endfacet
  facet normal 1.7594233e-01 -8.4015840e-01 5.1300889e-01
    outer loop
      vertex -1.1243031e+00 -8.7212914e-01 -1.1560744e-01
      vertex -8.8260865e-01 -7.4214464e-01 1.4377207e-02
      vertex -8.8260865e-01 -6.7393345e-01 1.2608719e-01
    endloop
  endfacet
  facet normal 2.0925412e-01 -8.5806358e-01 4.6897724e-01
    outer loop
      vertex -1.1318779e+00 -8.7970400e-01 -1.2608695e-01
      vertex -8.8260865e-01 -8.1891525e-01 -1.2608695e-01
      vertex -1.1243031e+00 -8.7212914e-01 -1.1560744e-01
    endloop
  endfacet
  facet normal 2.0925425e-01 -8.5806483e-01 4.6897480e-01
    outer loop
      vertex -8.8260865e-01 -8.1891525e-01 -1.2608695e-01
      vertex -8.8260865e-01 -7.4214464e-01 1.4377207e-02
      vertex -1.1243031e+00 -8.7212914e-01 -1.1560744e-01
    endloop
  endfacet
  facet normal -8.2948446e-01 6.1468083e-02 5.5513704e-01
    outer loop
      vertex -1.1318779e+00 -8.7970400e-01 -1.2608695e-01
      vertex -1.1243031e+00 -8.7212914e-01 -1.1560744e-01
      vertex -1.1134061e+00 -6.3043475e-01 -1.2608695e-01
    endloop
  endfacet
  facet normal -8.2948327e-01 6.1468109e-02 5.5513889e-01
    outer loop
      vertex -1.1134061e+00 -6.3043475e-01 -1.2608695e-01
      vertex -1.1243031e+00 -8.7212914e-01 -1.1560744e-01
      vertex -1.0701504e+00 -6.3043475e-01 -6.1454713e-02
    endloop
  endfacet
  facet normal -7.7202111e-01 3.0733034e-02 6.3485348e-01
    outer loop
      vertex -1.1243031e+00 -8.7212914e-01 -1.1560744e-01
      vertex -9.1592968e-01 -6.3043475e-01 1.2608719e-01
      vertex -1.0701504e+00 -6.3043475e-01 -6.1454713e-02
    endloop
  endfacet
  facet normal -6.5505642e-01 -1.7118552e-01 7.3593253e-01
    outer loop
      vertex -1.1243031e+00 -8.7212914e-01 -1.1560744e-01
      vertex -9.0902603e-01 -6.5685213e-01 1.2608719e-01
      vertex -9.1592968e-01 -6.3043475e-01 1.2608719e-01
    endloop
  endfacet
  facet normal -3.4225920e-01 -5.2932626e-01 7.7631968e-01
    outer loop
      vertex -1.1243031e+00 -8.7212914e-01 -1.1560744e-01
      vertex -8.8260865e-01 -6.7393345e-01 1.2608719e-01
      vertex -9.0902603e-01 -6.5685213e-01 1.2608719e-01
    endloop
  endfacet
  facet normal -5.2102292e-01 -8.0579585e-01 2.8147492e-01
    outer loop
      vertex -9.0902603e-01 -6.5685213e-01 1.2608719e-01
      vertex -8.8260865e-01 -6.7393345e-01 1.2608719e-01
      vertex -8.8260865e-01 -6.3043475e-01 2.5061363e-01
    endloop
  endfacet
  facet normal -9.3662959e-01 -2.4476926e-01 2.5062513e-01
    outer loop
      vertex -9.0902603e-01 -6.5685213e-01 1.2608719e-01
      vertex -8.8260865e-01 -6.3043475e-01 2.5061363e-01
      vertex -9.1592968e-01 -6.3043475e-01 1.2608719e-01
    endloop
  endfacet
  facet normal 3.8184226e-02 2.4042452e-02 -9.9898154e-01
    outer loop
      vertex -9.9010491e-01 -6.3043475e-01 -4.8575711e-01
      vertex -9.8639166e-01 -4.8204386e-01 -4.8204386e-01
      vertex -8.8260865e-01 -6.3043475e-01 -4.8164827e-01
    endloop
  endfacet
  facet normal 3.8184211e-02 2.4042442e-02 -9.9898142e-01
    outer loop
      vertex -8.8260865e-01 -6.3043475e-01 -4.8164827e-01
      vertex -9.8639166e-01 -4.8204386e-01 -4.8204386e-01
      vertex -8.8260865e-01 -4.7797912e-01 -4.7797912e-01
    endloop
  endfacet
  facet normal 5.5236824e-02 -6.7033738e-01 -7.3999774e-01
    outer loop
      vertex -9.8639166e-01 -4.8204386e-01 -4.8204386e-01
      vertex -8.8260865e-01 -3.7826085e-01 -5.6831032e-01
      vertex -8.8260865e-01 -4.7797912e-01 -4.7797912e-01
    endloop
  endfacet
  facet normal -7.8986889e-01 4.1310149e-01 -4.5327064e-01
    outer loop
      vertex -9.8639166e-01 -4.8204386e-01 -4.8204386e-01
      vertex -9.5190406e-01 -3.7826085e-01 -4.4755623e-01
      vertex -8.8260865e-01 -3.7826085e-01 -5.6831032e-01
    endloop
  endfacet
  facet normal -8.3881104e-01 4.0107822e-01 -3.6814705e-01
    outer loop
      vertex -9.8639166e-01 -4.8204386e-01 -4.8204386e-01
      vertex -9.8231721e-01 -3.7826085e-01 -3.7826085e-01
      vertex -9.5190406e-01 -3.7826085e-01 -4.4755623e-01
    endloop
  endfacet
  facet normal -6.4958793e-01 5.5020362e-01 -5.2470130e-01
    outer loop
      vertex -1.1347826e+00 -6.3043475e-01 -4.5393696e-01
      vertex -1.1347826e+00 -5.5826628e-01 -3.7826085e-01
      vertex -9.8639166e-01 -4.8204386e-01 -4.8204386e-01
    endloop
  endfacet
  facet normal -6.4958799e-01 5.5020368e-01 -5.2470130e-01
    outer loop
      vertex -1.1347826e+00 -5.5826628e-01 -3.7826085e-01
      vertex -9.8231721e-01 -3.7826085e-01 -3.7826085e-01
      vertex -9.8639166e-01 -4.8204386e-01 -4.8204386e-01
    endloop
  endfacet
  facet normal -2.1470885e-01 2.9801220e-02 -9.7622329e-01
    outer loop
      vertex -9.8639166e-01 -4.8204386e-01 -4.8204386e-01
      vertex -9.9010491e-01 -6.3043475e-01 -4.8575711e-01
      vertex -1.1347826e+00 -6.3043475e-01 -4.5393696e-01
    endloop
  endfacet
  facet normal -7.4557048e-01 6.3150126e-01 -2.1291029e-01
    outer loop
      vertex -1.0161848e+00 -3.7826085e-01 -2.5966311e-01
      vertex -9.8231721e-01 -3.7826085e-01 -3.7826085e-01
      vertex -1.1347826e+00 -5.5826628e-01 -3.7826085e-01
    endloop
  endfacet
  facet normal -7.6796710e-01 6.1765456e-01 -1.6949739e-01
    outer loop
      vertex -1.1347826e+00 -5.5826628e-01 -3.7826085e-01
      vertex -1.1347826e+00 -5.3097147e-01 -2.7879757e-01
      vertex -1.0161848e+00 -3.7826085e-01 -2.5966311e-01
    endloop
  endfacet
  facet normal -7.6796699e-01 6.1765456e-01 -1.6949767e-01
    outer loop
      vertex -1.1347826e+00 -5.3097147e-01 -2.7879757e-01
      vertex -1.0456663e+00 -3.7826085e-01 -1.2608695e-01
      vertex -1.0161848e+00 -3.7826085e-01 -2.5966311e-01
    endloop
  endfacet
  facet normal -9.2406571e-01 2.8842887e-01 2.5082141e-01
    outer loop
      vertex -1.1347826e+00 -5.3097147e-01 -2.7879757e-01
      vertex -1.1347826e+00 -6.3043475e-01 -1.6442102e-01
      vertex -1.0456663e+00 -3.7826085e-01 -1.2608695e-01
    endloop
  endfacet
  facet normal -9.2406565e-01 2.8842881e-01 2.5082162e-01
    outer loop
      vertex -1.1347826e+00 -6.3043475e-01 -1.6442102e-01
      vertex -1.1196560e+00 -6.1530817e-01 -1.2608695e-01
      vertex -1.0456663e+00 -3.7826085e-01 -1.2608695e-01
    endloop
  endfacet
  facet normal -8.2153118e-01 -3.3943495e-01 4.5811608e-01
    outer loop
      vertex -1.1196560e+00 -6.1530817e-01 -1.2608695e-01
      vertex -1.1347826e+00 -6.3043475e-01 -1.6442102e-01
      vertex -1.1134061e+00 -6.3043475e-01 -1.2608695e-01
    endloop
  endfacet
  facet normal -6.1803734e-01 -6.6853780e-01 4.1362688e-01
    outer loop
      vertex -1.1196482e+00 -6.1530048e-01 -1.1095266e-01
      vertex -1.1134061e+00 -6.3043475e-01 -1.2608695e-01
      vertex -1.0701504e+00 -6.3043475e-01 -6.1454713e-02
    endloop
  endfacet
  facet normal -9.2421883e-01 -3.8186273e-01 6.6719670e-04
    outer loop
      vertex -1.1196482e+00 -6.1530048e-01 -1.1095266e-01
      vertex -1.1196560e+00 -6.1530817e-01 -1.2608695e-01
      vertex -1.1134061e+00 -6.3043475e-01 -1.2608695e-01
    endloop
  endfacet
  facet normal -9.5458037e-01 2.9795337e-01 3.3735984e-04
    outer loop
      vertex -1.1196560e+00 -6.1530817e-01 -1.2608695e-01
      vertex -1.1196482e+00 -6.1530048e-01 -1.1095266e-01
      vertex -1.0456663e+00 -3.7826085e-01 -1.2608695e-01
    endloop
  endfacet
  facet normal -9.5458043e-01 2.9795322e-01 3.3443733e-04
    outer loop
      vertex -1.0456663e+00 -3.7826085e-01 -1.2608695e-01
      vertex -1.1196482e+00 -6.1530048e-01 -1.1095266e-01
      vertex -1.0456351e+00 -3.7826085e-01 -3.6939442e-02
    endloop
  endfacet
  facet normal -9.5457262e-01 2.9797825e-01 2.4638770e-04
    outer loop
      vertex -1.1196482e+00 -6.1530048e-01 -1.1095266e-01
      vertex -1.0455930e+00 -3.7826085e-01 1.2608719e-01
      vertex -1.0456351e+00 -3.7826085e-01 -3.6939442e-02
    endloop
  endfacet
  facet normal -7.5753635e-01 -3.2783547e-01 5.6450206e-01
    outer loop
      vertex -1.1196482e+00 -6.1530048e-01 -1.1095266e-01
      vertex -9.9636376e-01 -4.9201596e-01 1.2608719e-01
      vertex -1.0455930e+00 -3.7826085e-01 1.2608719e-01
    endloop
  endfacet
  facet normal -7.0466483e-01 -4.0947312e-01 5.7946461e-01
    outer loop
      vertex -1.0701504e+00 -6.3043475e-01 -6.1454713e-02
      vertex -9.1592968e-01 -6.3043475e-01 1.2608719e-01
      vertex -1.1196482e+00 -6.1530048e-01 -1.1095266e-01
    endloop
  endfacet
  facet normal -7.0466429e-01 -4.0947491e-01 5.7946408e-01
    outer loop
      vertex -9.1592968e-01 -6.3043475e-01 1.2608719e-01
      vertex -9.9636376e-01 -4.9201596e-01 1.2608719e-01
      vertex -1.1196482e+00 -6.1530048e-01 -1.1095266e-01
    endloop
  endfacet
  facet normal -8.5329014e-01 -4.6878949e-01 2.2832499e-01
    outer loop
      vertex -9.1592968e-01 -6.3043475e-01 1.2608719e-01
      vertex -8.8260865e-01 -6.3043475e-01 2.5061363e-01
      vertex -9.6404499e-01 -4.5969719e-01 2.9682475e-01
    endloop
  endfacet
  facet normal -8.5329020e-01 -4.6878949e-01 2.2832498e-01
    outer loop
      vertex -8.8260865e-01 -6.3043475e-01 2.5061363e-01
      vertex -8.8260865e-01 -5.6826377e-01 3.7826109e-01
      vertex -9.6404499e-01 -4.5969719e-01 2.9682475e-01
    endloop
  endfacet
  facet normal -8.3705056e-01 -4.8640352e-01 2.5051552e-01
    outer loop
      vertex -9.6404499e-01 -4.5969719e-01 2.9682475e-01
      vertex -9.9636376e-01 -4.9201596e-01 1.2608719e-01
      vertex -9.1592968e-01 -6.3043475e-01 1.2608719e-01
    endloop
  endfacet
  facet normal -8.9057434e-01 -3.8540968e-01 2.4152993e-01
    outer loop
      vertex -9.9636376e-01 -4.9201596e-01 1.2608719e-01
      vertex -9.6404499e-01 -4.5969719e-01 2.9682475e-01
      vertex -1.0455930e+00 -3.7826085e-01 1.2608719e-01
    endloop
  endfacet
  facet normal -8.9057440e-01 -3.8540956e-01 2.4153002e-01
    outer loop
      vertex -1.0455930e+00 -3.7826085e-01 1.2608719e-01
      vertex -9.6404499e-01 -4.5969719e-01 2.9682475e-01
      vertex -1.0124028e+00 -3.7826085e-01 2.4846695e-01
    endloop
  endfacet
  facet normal -8.9025265e-01 -4.0563762e-01 2.0714343e-01
    outer loop
      vertex -9.6404499e-01 -4.5969719e-01 2.9682475e-01
      vertex -9.8220235e-01 -3.7826085e-01 3.7826109e-01
      vertex -1.0124028e+00 -3.7826085e-01 2.4846695e-01
    endloop
  endfacet
  facet normal -8.9838648e-01 -3.9412680e-01 1.9381905e-01
    outer loop
      vertex -9.6404499e-01 -4.5969719e-01 2.9682475e-01
      vertex -9.5183319e-01 -4.4748539e-01 3.7826109e-01
      vertex -9.8220235e-01 -3.7826085e-01 3.7826109e-01
    endloop
  endfacet
  facet normal -8.4997803e-01 -4.8716775e-01 2.0051192e-01
    outer loop
      vertex -9.6404499e-01 -4.5969719e-01 2.9682475e-01
      vertex -8.8260865e-01 -5.6826377e-01 3.7826109e-01
      vertex -9.5183319e-01 -4.4748539e-01 3.7826109e-01
    endloop
  endfacet
  facet normal -7.7685058e-01 -4.4525453e-01 4.4525453e-01
    outer loop
      vertex -9.5183319e-01 -4.4748539e-01 3.7826109e-01
      vertex -8.8260865e-01 -5.6826377e-01 3.7826109e-01
      vertex -8.8260865e-01 -3.7826085e-01 5.6826401e-01
    endloop
  endfacet
  facet normal -8.2556838e-01 -3.6218113e-01 4.3273762e-01
    outer loop
      vertex -9.5183319e-01 -4.4748539e-01 3.7826109e-01
      vertex -8.8260865e-01 -3.7826085e-01 5.6826401e-01
      vertex -9.8220235e-01 -3.7826085e-01 3.7826109e-01
    endloop
  endfacet
  facet normal -7.4011427e-01 -2.3058550e-01 -6.3171285e-01
    outer loop
      vertex -9.0052462e-01 -1.4400291e-01 -6.4835072e-01
      vertex -8.8260865e-01 -1.5938027e-01 -6.6372806e-01
      vertex -8.8260865e-01 -2.5059074e-01 -6.3043475e-01
    endloop
  endfacet
  facet normal -7.3209876e-01 -2.0258094e-01 -6.5037864e-01
    outer loop
      vertex -9.0052462e-01 -1.4400291e-01 -6.4835072e-01
      vertex -8.8260865e-01 -1.2608695e-01 -6.7409831e-01
      vertex -8.8260865e-01 -1.5938027e-01 -6.6372806e-01
    endloop
  endfacet
  facet normal -7.2636718e-01 -2.1283224e-01 -6.5352362e-01
    outer loop
      vertex -9.0052462e-01 -1.4400291e-01 -6.4835072e-01
      vertex -9.0328795e-01 -1.2608695e-01 -6.5111405e-01
      vertex -8.8260865e-01 -1.2608695e-01 -6.7409831e-01
    endloop
  endfacet
  facet normal -8.1685680e-01 -2.0892127e-01 -5.3767729e-01
    outer loop
      vertex -9.0052462e-01 -1.4400291e-01 -6.4835072e-01
      vertex -9.1689962e-01 -1.2608695e-01 -6.3043475e-01
      vertex -9.0328795e-01 -1.2608695e-01 -6.5111405e-01
    endloop
  endfacet
  facet normal -8.1815356e-01 -2.1415085e-01 -5.3363299e-01
    outer loop
      vertex -9.0052462e-01 -1.4400291e-01 -6.4835072e-01
      vertex -9.0978599e-01 -1.5326427e-01 -6.3043475e-01
      vertex -9.1689962e-01 -1.2608695e-01 -6.3043475e-01
    endloop
  endfacet
  facet normal -8.1237262e-01 -2.2684599e-01 -5.3720719e-01
    outer loop
      vertex -9.0052462e-01 -1.4400291e-01 -6.4835072e-01
      vertex -8.8260865e-01 -2.5059074e-01 -6.3043475e-01
      vertex -9.0978599e-01 -1.5326427e-01 -6.3043475e-01
    endloop
  endfacet
  facet normal -8.3715248e-01 -2.6150912e-01 -4.8040459e-01
    outer loop
      vertex -9.5190406e-01 -3.7826085e-01 -4.4755623e-01
      vertex -9.8219055e-01 -2.2566885e-01 -4.7784275e-01
      vertex -8.8260865e-01 -3.7826085e-01 -5.6831032e-01
    endloop
  endfacet
  facet normal -8.3715248e-01 -2.6150900e-01 -4.8040482e-01
    outer loop
      vertex -8.8260865e-01 -3.7826085e-01 -5.6831032e-01
      vertex -9.8219055e-01 -2.2566885e-01 -4.7784275e-01
      vertex -8.8260865e-01 -3.3803397e-01 -5.9020787e-01
    endloop
  endfacet
  facet normal -8.3148229e-01 -2.3218219e-01 -5.0470644e-01
    outer loop
      vertex -9.0978599e-01 -1.5326427e-01 -6.3043475e-01
      vertex -8.8260865e-01 -2.5059074e-01 -6.3043475e-01
      vertex -9.8219055e-01 -2.2566885e-01 -4.7784275e-01
    endloop
  endfacet
  facet normal -8.3148223e-01 -2.3218222e-01 -5.0470638e-01
    outer loop
      vertex -8.8260865e-01 -2.5059074e-01 -6.3043475e-01
      vertex -8.8260865e-01 -3.3803397e-01 -5.9020787e-01
      vertex -9.8219055e-01 -2.2566885e-01 -4.7784275e-01
    endloop
  endfacet
  facet normal -8.3713496e-01 -2.1911924e-01 -5.0119025e-01
    outer loop
      vertex -9.0978599e-01 -1.5326427e-01 -6.3043475e-01
      vertex -9.8219055e-01 -2.2566885e-01 -4.7784275e-01
      vertex -9.1689962e-01 -1.2608695e-01 -6.3043475e-01
    endloop
  endfacet
  facet normal -8.3713460e-01 -2.1912013e-01 -5.0119066e-01
    outer loop
      vertex -9.1689962e-01 -1.2608695e-01 -6.3043475e-01
      vertex -9.8219055e-01 -2.2566885e-01 -4.7784275e-01
      vertex -9.9849480e-01 -1.2608695e-01 -4.9414700e-01
    endloop
  endfacet
  facet normal -9.0214086e-01 -2.0946026e-01 -3.7718478e-01
    outer loop
      vertex -9.8219055e-01 -2.2566885e-01 -4.7784275e-01
      vertex -1.0469468e+00 -1.2608695e-01 -3.7826085e-01
      vertex -9.9849480e-01 -1.2608695e-01 -4.9414700e-01
    endloop
  endfacet
  facet normal -9.0187800e-01 -2.0767939e-01 -3.7879470e-01
    outer loop
      vertex -9.8219055e-01 -2.2566885e-01 -4.7784275e-01
      vertex -1.0161871e+00 -2.5966540e-01 -3.7826085e-01
      vertex -1.0469468e+00 -1.2608695e-01 -3.7826085e-01
    endloop
  endfacet
  facet normal -8.8589698e-01 -2.5300467e-01 -3.8881263e-01
    outer loop
      vertex -9.5190406e-01 -3.7826085e-01 -4.4755623e-01
      vertex -9.8231721e-01 -3.7826085e-01 -3.7826085e-01
      vertex -9.8219055e-01 -2.2566885e-01 -4.7784275e-01
    endloop
  endfacet
  facet normal -8.8589692e-01 -2.5300470e-01 -3.8881266e-01
    outer loop
      vertex -9.8231721e-01 -3.7826085e-01 -3.7826085e-01
      vertex -1.0161871e+00 -2.5966540e-01 -3.7826085e-01
      vertex -9.8219055e-01 -2.2566885e-01 -4.7784275e-01
    endloop
  endfacet
  facet normal -9.2259568e-01 -2.8178811e-01 -2.6346284e-01
    outer loop
      vertex -1.0389525e+00 -2.8243077e-01 -2.8243077e-01
      vertex -9.8231721e-01 -3.7826085e-01 -3.7826085e-01
      vertex -1.0161848e+00 -3.7826085e-01 -2.5966311e-01
    endloop
  endfacet
  facet normal -9.2259610e-01 -2.6348567e-01 -2.8176555e-01
    outer loop
      vertex -1.0389525e+00 -2.8243077e-01 -2.8243077e-01
      vertex -1.0161871e+00 -2.5966540e-01 -3.7826085e-01
      vertex -9.8231721e-01 -3.7826085e-01 -3.7826085e-01
    endloop
  endfacet
  facet normal -9.3722540e-01 -2.1581899e-01 -2.7391720e-01
    outer loop
      vertex -1.0161871e+00 -2.5966540e-01 -3.7826085e-01
      vertex -1.0389525e+00 -2.8243077e-01 -2.8243077e-01
      vertex -1.0469468e+00 -1.2608695e-01 -3.7826085e-01
    endloop
  endfacet
  facet normal -9.3722564e-01 -2.1581870e-01 -2.7391675e-01
    outer loop
      vertex -1.0469468e+00 -1.2608695e-01 -3.7826085e-01
      vertex -1.0389525e+00 -2.8243077e-01 -2.8243077e-01
      vertex -1.0668120e+00 -1.2608695e-01 -3.1029040e-01
    endloop
  endfacet
  facet normal -9.5736140e-01 -2.0658231e-01 -2.0194787e-01
    outer loop
      vertex -1.0389525e+00 -2.8243077e-01 -2.8243077e-01
      vertex -1.1056683e+00 -1.2608695e-01 -1.2608695e-01
      vertex -1.0668120e+00 -1.2608695e-01 -3.1029040e-01
    endloop
  endfacet
  facet normal -9.5734525e-01 -2.0897767e-01 -1.9954561e-01
    outer loop
      vertex -1.0389525e+00 -2.8243077e-01 -2.8243077e-01
      vertex -1.0657012e+00 -3.0917960e-01 -1.2608695e-01
      vertex -1.1056683e+00 -1.2608695e-01 -1.2608695e-01
    endloop
  endfacet
  facet normal -9.3954730e-01 -2.7248812e-01 -2.0736705e-01
    outer loop
      vertex -1.0161848e+00 -3.7826085e-01 -2.5966311e-01
      vertex -1.0456663e+00 -3.7826085e-01 -1.2608695e-01
      vertex -1.0389525e+00 -2.8243077e-01 -2.8243077e-01
    endloop
  endfacet
  facet normal -9.3954778e-01 -2.7248719e-01 -2.0736648e-01
    outer loop
      vertex -1.0456663e+00 -3.7826085e-01 -1.2608695e-01
      vertex -1.0657012e+00 -3.0917960e-01 -1.2608695e-01
      vertex -1.0389525e+00 -2.8243077e-01 -2.8243077e-01
    endloop
  endfacet
  facet normal -9.9975818e-01 -2.1988453e-02 3.5026475e-04
    outer loop
      vertex -1.0475543e+00 -2.9103261e-01 -3.8858622e-02
      vertex -1.0456663e+00 -3.7826085e-01 -1.2608695e-01
      vertex -1.0456351e+00 -3.7826085e-01 -3.6939442e-02
    endloop
  endfacet
  facet normal -9.3002665e-01 -2.6972589e-01 2.4959664e-01
    outer loop
      vertex -1.0475543e+00 -2.9103261e-01 -3.8858622e-02
      vertex -1.0657012e+00 -3.0917960e-01 -1.2608695e-01
      vertex -1.0456663e+00 -3.7826085e-01 -1.2608695e-01
    endloop
  endfacet
  facet normal -9.4835168e-01 -2.0701447e-01 2.4036251e-01
    outer loop
      vertex -1.0657012e+00 -3.0917960e-01 -1.2608695e-01
      vertex -1.0475543e+00 -2.9103261e-01 -3.8858622e-02
      vertex -1.1056683e+00 -1.2608695e-01 -1.2608695e-01
    endloop
  endfacet
  facet normal -9.4835180e-01 -2.0701513e-01 2.4036135e-01
    outer loop
      vertex -1.1056683e+00 -1.2608695e-01 -1.2608695e-01
      vertex -1.0475543e+00 -2.9103261e-01 -3.8858622e-02
      vertex -1.0957841e+00 -1.2608695e-01 -8.7088436e-02
    endloop
  endfacet
  facet normal -9.5981967e-01 -2.8061768e-01 1.0895910e-04
    outer loop
      vertex -1.0475543e+00 -2.9103261e-01 -3.8858622e-02
      vertex -1.0957599e+00 -1.2608695e-01 1.2608719e-01
      vertex -1.0957841e+00 -1.2608695e-01 -8.7088436e-02
    endloop
  endfacet
  facet normal -9.5976460e-01 -2.8080565e-01 3.1300870e-04
    outer loop
      vertex -1.0475543e+00 -2.9103261e-01 -3.8858622e-02
      vertex -1.0475127e+00 -2.9099095e-01 1.2608719e-01
      vertex -1.0957599e+00 -1.2608695e-01 1.2608719e-01
    endloop
  endfacet
  facet normal -9.9975812e-01 -2.1990480e-02 2.5806032e-04
    outer loop
      vertex -1.0456351e+00 -3.7826085e-01 -3.6939442e-02
      vertex -1.0455930e+00 -3.7826085e-01 1.2608719e-01
      vertex -1.0475543e+00 -2.9103261e-01 -3.8858622e-02
    endloop
  endfacet
  facet normal -9.9975806e-01 -2.1991119e-02 2.5772181e-04
    outer loop
      vertex -1.0455930e+00 -3.7826085e-01 1.2608719e-01
      vertex -1.0475127e+00 -2.9099095e-01 1.2608719e-01
      vertex -1.0475543e+00 -2.9103261e-01 -3.8858622e-02
    endloop
  endfacet
  facet normal -9.3372351e-01 -2.5304893e-01 2.5323236e-01
    outer loop
      vertex -1.0455755e+00 -2.8905380e-01 2.1529424e-01
      vertex -1.0455930e+00 -3.7826085e-01 1.2608719e-01
      vertex -1.0124028e+00 -3.7826085e-01 2.4846695e-01
    endloop
  endfacet
  facet normal -9.9951214e-01 -2.1985710e-02 2.2182053e-02
    outer loop
      vertex -1.0455755e+00 -2.8905380e-01 2.1529424e-01
      vertex -1.0475127e+00 -2.9099095e-01 1.2608719e-01
      vertex -1.0455930e+00 -3.7826085e-01 1.2608719e-01
    endloop
  endfacet
  facet normal -9.5941657e-01 -2.8070381e-01 2.6929488e-02
    outer loop
      vertex -1.0475127e+00 -2.9099095e-01 1.2608719e-01
      vertex -1.0455755e+00 -2.8905380e-01 2.1529424e-01
      vertex -1.0957599e+00 -1.2608695e-01 1.2608719e-01
    endloop
  endfacet
  facet normal -9.5941675e-01 -2.8070307e-01 2.6930917e-02
    outer loop
      vertex -1.0957599e+00 -1.2608695e-01 1.2608719e-01
      vertex -1.0455755e+00 -2.8905380e-01 2.1529424e-01
      vertex -1.0946329e+00 -1.2608695e-01 1.6623685e-01
    endloop
  endfacet
  facet normal -9.5126116e-01 -2.2188310e-01 2.1417318e-01
    outer loop
      vertex -1.0455755e+00 -2.8905380e-01 2.1529424e-01
      vertex -1.0468963e+00 -1.2608695e-01 3.7826109e-01
      vertex -1.0946329e+00 -1.2608695e-01 1.6623685e-01
    endloop
  endfacet
  facet normal -9.5217144e-01 -2.1989079e-01 2.1217349e-01
    outer loop
      vertex -1.0455755e+00 -2.8905380e-01 2.1529424e-01
      vertex -1.0160743e+00 -2.5955260e-01 3.7826109e-01
      vertex -1.0468963e+00 -1.2608695e-01 3.7826109e-01
    endloop
  endfacet
  facet normal -9.3841618e-01 -2.6776537e-01 2.1835011e-01
    outer loop
      vertex -1.0124028e+00 -3.7826085e-01 2.4846695e-01
      vertex -9.8220235e-01 -3.7826085e-01 3.7826109e-01
      vertex -1.0455755e+00 -2.8905380e-01 2.1529424e-01
    endloop
  endfacet
  facet normal -9.3841618e-01 -2.6776558e-01 2.1834999e-01
    outer loop
      vertex -9.8220235e-01 -3.7826085e-01 3.7826109e-01
      vertex -1.0160743e+00 -2.5955260e-01 3.7826109e-01
      vertex -1.0455755e+00 -2.8905380e-01 2.1529424e-01
    endloop
  endfacet
  facet normal -8.6390728e-01 -2.2046721e-01 4.5283368e-01
    outer loop
      vertex -9.8220235e-01 -3.7826085e-01 3.7826109e-01
      vertex -8.8260865e-01 -3.7826085e-01 5.6826401e-01
      vertex -9.2606264e-01 -1.6954093e-01 5.8698100e-01
    endloop
  endfacet
  facet normal -8.6390722e-01 -2.2046722e-01 4.5283377e-01
    outer loop
      vertex -8.8260865e-01 -3.7826085e-01 5.6826401e-01
      vertex -8.8260865e-01 -2.5056332e-01 6.3043499e-01
      vertex -9.2606264e-01 -1.6954093e-01 5.8698100e-01
    endloop
  endfacet
  facet normal -8.4859306e-01 -2.4213561e-01 4.7038302e-01
    outer loop
      vertex -9.2606264e-01 -1.6954093e-01 5.8698100e-01
      vertex -1.0160743e+00 -2.5955260e-01 3.7826109e-01
      vertex -9.8220235e-01 -3.7826085e-01 3.7826109e-01
    endloop
  endfacet
  facet normal -8.6544210e-01 -1.9986182e-01 4.5941842e-01
    outer loop
      vertex -1.0160743e+00 -2.5955260e-01 3.7826109e-01
      vertex -9.2606264e-01 -1.6954093e-01 5.8698100e-01
      vertex -1.0468963e+00 -1.2608695e-01 3.7826109e-01
    endloop
  endfacet
  facet normal -8.6544216e-01 -1.9986166e-01 4.5941854e-01
    outer loop
      vertex -1.0468963e+00 -1.2608695e-01 3.7826109e-01
      vertex -9.2606264e-01 -1.6954093e-01 5.8698100e-01
      vertex -9.4745249e-01 -1.2608695e-01 5.6559116e-01
    endloop
  endfacet
  facet normal -8.8048393e-01 -2.2911219e-01 4.1503698e-01
    outer loop
      vertex -9.2606264e-01 -1.6954093e-01 5.8698100e-01
      vertex -9.1688681e-01 -1.2608695e-01 6.3043499e-01
      vertex -9.4745249e-01 -1.2608695e-01 5.6559116e-01
    endloop
  endfacet
  facet normal -8.7947655e-01 -2.3062234e-01 4.1633442e-01
    outer loop
      vertex -9.2606264e-01 -1.6954093e-01 5.8698100e-01
      vertex -9.0976554e-01 -1.5324384e-01 6.3043499e-01
      vertex -9.1688681e-01 -1.2608695e-01 6.3043499e-01
    endloop
  endfacet
  facet normal -8.7437904e-01 -2.4399450e-01 4.1943777e-01
    outer loop
      vertex -9.2606264e-01 -1.6954093e-01 5.8698100e-01
      vertex -8.8260865e-01 -2.5056332e-01 6.3043499e-01
      vertex -9.0976554e-01 -1.5324384e-01 6.3043499e-01
    endloop
  endfacet
  facet normal -7.6445889e-01 -2.1332139e-01 6.0835558e-01
    outer loop
      vertex -9.0976554e-01 -1.5324384e-01 6.3043499e-01
      vertex -8.8260865e-01 -2.5056332e-01 6.3043499e-01
      vertex -8.8260865e-01 -1.2608695e-01 6.7408293e-01
    endloop
  endfacet
  facet normal -7.7025461e-01 -2.0198143e-01 6.0490602e-01
    outer loop
      vertex -9.0976554e-01 -1.5324384e-01 6.3043499e-01
      vertex -8.8260865e-01 -1.2608695e-01 6.7408293e-01
      vertex -9.1688681e-01 -1.2608695e-01 6.3043499e-01
    endloop
  endfacet
  facet normal -7.3367250e-01 -1.6123731e-01 -6.6009635e-01
    outer loop
      vertex -9.0328795e-01 -1.2608695e-01 -6.5111405e-01
      vertex -9.2729145e-01 8.1404343e-02 -6.7511755e-01
      vertex -8.8260865e-01 -1.2608695e-01 -6.7409831e-01
    endloop
  endfacet
  facet normal -7.3367178e-01 -1.6123717e-01 -6.6009718e-01
    outer loop
      vertex -8.8260865e-01 -1.2608695e-01 -6.7409831e-01
      vertex -9.2729145e-01 8.1404343e-02 -6.7511755e-01
      vertex -8.8260865e-01 4.1490592e-02 -7.1503127e-01
    endloop
  endfacet
  facet normal -7.1697587e-01 -1.1511626e-01 -6.8752730e-01
    outer loop
      vertex -9.2729145e-01 8.1404343e-02 -6.7511755e-01
      vertex -8.8260865e-01 1.2608719e-01 -7.2919571e-01
      vertex -8.8260865e-01 4.1490592e-02 -7.1503127e-01
    endloop
  endfacet
  facet normal -7.1657538e-01 -1.1586916e-01 -6.8781841e-01
    outer loop
      vertex -9.2729145e-01 8.1404343e-02 -6.7511755e-01
      vertex -9.3097800e-01 1.2608719e-01 -6.7880410e-01
      vertex -8.8260865e-01 1.2608719e-01 -7.2919571e-01
    endloop
  endfacet
  facet normal -8.0234635e-01 -1.1452603e-01 -5.8576798e-01
    outer loop
      vertex -9.2729145e-01 8.1404343e-02 -6.7511755e-01
      vertex -9.6629095e-01 1.2608719e-01 -6.3043475e-01
      vertex -9.3097800e-01 1.2608719e-01 -6.7880410e-01
    endloop
  endfacet
  facet normal -8.2016259e-01 -1.6935255e-01 -5.4649162e-01
    outer loop
      vertex -9.2729145e-01 8.1404343e-02 -6.7511755e-01
      vertex -9.5196897e-01 5.6726821e-02 -6.3043475e-01
      vertex -9.6629095e-01 1.2608719e-01 -6.3043475e-01
    endloop
  endfacet
  facet normal -8.2476866e-01 -1.5821622e-01 -5.4288518e-01
    outer loop
      vertex -9.0328795e-01 -1.2608695e-01 -6.5111405e-01
      vertex -9.1689962e-01 -1.2608695e-01 -6.3043475e-01
      vertex -9.2729145e-01 8.1404343e-02 -6.7511755e-01
    endloop
  endfacet
  facet normal -8.2476866e-01 -1.5821619e-01 -5.4288507e-01
    outer loop
      vertex -9.1689962e-01 -1.2608695e-01 -6.3043475e-01
      vertex -9.5196897e-01 5.6726821e-02 -6.3043475e-01
      vertex -9.2729145e-01 8.1404343e-02 -6.7511755e-01
    endloop
  endfacet
  facet normal -8.5791045e-01 -1.3215711e-02 -5.1362914e-01
    outer loop
      vertex -9.9979550e-01 8.9002103e-03 -4.9544770e-01
      vertex -9.1689962e-01 -1.2608695e-01 -6.3043475e-01
      vertex -9.9849480e-01 -1.2608695e-01 -4.9414700e-01
    endloop
  endfacet
  facet normal -9.0717655e-01 -1.7402460e-01 -3.8307461e-01
    outer loop
      vertex -9.9979550e-01 8.9002103e-03 -4.9544770e-01
      vertex -9.5196897e-01 5.6726821e-02 -6.3043475e-01
      vertex -9.1689962e-01 -1.2608695e-01 -6.3043475e-01
    endloop
  endfacet
  facet normal -9.0337443e-01 -1.8653467e-01 -3.8615990e-01
    outer loop
      vertex -9.5196897e-01 5.6726821e-02 -6.3043475e-01
      vertex -9.9979550e-01 8.9002103e-03 -4.9544770e-01
      vertex -9.6629095e-01 1.2608719e-01 -6.3043475e-01
    endloop
  endfacet
  facet normal -9.0337396e-01 -1.8653563e-01 -3.8616058e-01
    outer loop
      vertex -9.6629095e-01 1.2608719e-01 -6.3043475e-01
      vertex -9.9979550e-01 8.9002103e-03 -4.9544770e-01
      vertex -1.0167470e+00 1.2608719e-01 -5.1239920e-01
    endloop
  endfacet
  facet normal -8.3392251e-01 -1.9529574e-01 -5.1617146e-01
    outer loop
      vertex -9.9979550e-01 8.9002103e-03 -4.9544770e-01
      vertex -1.0997744e+00 1.2608719e-01 -3.7826085e-01
      vertex -1.0167470e+00 1.2608719e-01 -5.1239920e-01
    endloop
  endfacet
  facet normal -8.4812975e-01 -2.6461914e-01 -4.5896900e-01
    outer loop
      vertex -9.9979550e-01 8.9002103e-03 -4.9544770e-01
      vertex -1.0481309e+00 -3.9435148e-02 -3.7826085e-01
      vertex -1.0997744e+00 1.2608719e-01 -3.7826085e-01
    endloop
  endfacet
  facet normal -9.2253357e-01 -1.2605822e-02 -3.8571098e-01
    outer loop
      vertex -9.9849480e-01 -1.2608695e-01 -4.9414700e-01
      vertex -1.0469468e+00 -1.2608695e-01 -3.7826085e-01
      vertex -9.9979550e-01 8.9002103e-03 -4.9544770e-01
    endloop
  endfacet
  facet normal -9.2253327e-01 -1.2606513e-02 -3.8571164e-01
    outer loop
      vertex -1.0469468e+00 -1.2608695e-01 -3.7826085e-01
      vertex -1.0481309e+00 -3.9435148e-02 -3.7826085e-01
      vertex -9.9979550e-01 8.9002103e-03 -4.9544770e-01
    endloop
  endfacet
  facet normal -9.5984590e-01 -9.3303781e-05 -2.8052780e-01
    outer loop
      vertex -1.0668172e+00 -5.8121495e-02 -3.1029546e-01
      vertex -1.0469468e+00 -1.2608695e-01 -3.7826085e-01
      vertex -1.0668120e+00 -1.2608695e-01 -3.1029040e-01
    endloop
  endfacet
  facet normal -9.6320611e-01 -1.3162300e-02 -2.6844117e-01
    outer loop
      vertex -1.0668172e+00 -5.8121495e-02 -3.1029546e-01
      vertex -1.0481309e+00 -3.9435148e-02 -3.7826085e-01
      vertex -1.0469468e+00 -1.2608695e-01 -3.7826085e-01
    endloop
  endfacet
  facet normal -9.0260023e-01 -2.8161412e-01 -3.2558620e-01
    outer loop
      vertex -1.0481309e+00 -3.9435148e-02 -3.7826085e-01
      vertex -1.0668172e+00 -5.8121495e-02 -3.1029546e-01
      vertex -1.0997744e+00 1.2608719e-01 -3.7826085e-01
    endloop
  endfacet
  facet normal -9.0260094e-01 -2.8161362e-01 -3.2558450e-01
    outer loop
      vertex -1.0997744e+00 1.2608719e-01 -3.7826085e-01
      vertex -1.0668172e+00 -5.8121495e-02 -3.1029546e-01
      vertex -1.1090548e+00 1.2608719e-01 -3.5253316e-01
    endloop
  endfacet
  facet normal -9.1315895e-01 -2.7777761e-01 -2.9829586e-01
    outer loop
      vertex -1.1347826e+00 4.9613439e-02 -2.0256063e-01
      vertex -1.1347826e+00 1.2608719e-01 -2.7377415e-01
      vertex -1.0668172e+00 -5.8121495e-02 -3.1029546e-01
    endloop
  endfacet
  facet normal -9.1315889e-01 -2.7777746e-01 -2.9829630e-01
    outer loop
      vertex -1.1347826e+00 1.2608719e-01 -2.7377415e-01
      vertex -1.1090548e+00 1.2608719e-01 -3.5253316e-01
      vertex -1.0668172e+00 -5.8121495e-02 -3.1029546e-01
    endloop
  endfacet
  facet normal -9.1250694e-01 -3.1644717e-01 -2.5921491e-01
    outer loop
      vertex -1.1347826e+00 4.9613439e-02 -2.0256063e-01
      vertex -1.0668172e+00 -5.8121495e-02 -3.1029546e-01
      vertex -1.1347826e+00 -1.3029307e-02 -1.2608695e-01
    endloop
  endfacet
  facet normal -9.1250664e-01 -3.1644791e-01 -2.5921464e-01
    outer loop
      vertex -1.1347826e+00 -1.3029307e-02 -1.2608695e-01
      vertex -1.0668172e+00 -5.8121495e-02 -3.1029546e-01
      vertex -1.1056709e+00 -9.6975356e-02 -1.2608695e-01
    endloop
  endfacet
  facet normal -9.7846764e-01 -8.9182497e-05 -2.0640005e-01
    outer loop
      vertex -1.0668120e+00 -1.2608695e-01 -3.1029040e-01
      vertex -1.1056683e+00 -1.2608695e-01 -1.2608695e-01
      vertex -1.0668172e+00 -5.8121495e-02 -3.1029546e-01
    endloop
  endfacet
  facet normal -9.7846776e-01 -8.8148183e-05 -2.0639969e-01
    outer loop
      vertex -1.1056683e+00 -1.2608695e-01 -1.2608695e-01
      vertex -1.1056709e+00 -9.6975356e-02 -1.2608695e-01
      vertex -1.0668172e+00 -5.8121495e-02 -3.1029546e-01
    endloop
  endfacet
  facet normal -9.6935016e-01 -8.8681692e-05 2.4568340e-01
    outer loop
      vertex -1.0957888e+00 -8.7093174e-02 -8.7093174e-02
      vertex -1.1056683e+00 -1.2608695e-01 -1.2608695e-01
      vertex -1.0957841e+00 -1.2608695e-01 -8.7088436e-02
    endloop
  endfacet
  facet normal -9.6935046e-01 -8.7331602e-05 2.4568211e-01
    outer loop
      vertex -1.0957888e+00 -8.7093174e-02 -8.7093174e-02
      vertex -1.1056709e+00 -9.6975356e-02 -1.2608695e-01
      vertex -1.1056683e+00 -1.2608695e-01 -1.2608695e-01
    endloop
  endfacet
  facet normal -8.9920264e-01 -3.1183422e-01 3.0691066e-01
    outer loop
      vertex -1.0957888e+00 -8.7093174e-02 -8.7093174e-02
      vertex -1.1347826e+00 -1.3029307e-02 -1.2608695e-01
      vertex -1.1056709e+00 -9.6975356e-02 -1.2608695e-01
    endloop
  endfacet
  facet normal -8.8488883e-01 -4.6580216e-01 1.5367892e-04
    outer loop
      vertex -1.0957888e+00 -8.7093174e-02 -8.7093174e-02
      vertex -1.1347826e+00 -1.2991995e-02 -1.2991995e-02
      vertex -1.1347826e+00 -1.3029307e-02 -1.2608695e-01
    endloop
  endfacet
  facet normal -8.8488883e-01 -4.6580222e-01 1.5371288e-04
    outer loop
      vertex -1.1347826e+00 -1.2991995e-02 -1.2991995e-02
      vertex -1.0957888e+00 -8.7093174e-02 -8.7093174e-02
      vertex -1.1347826e+00 -1.2946099e-02 1.2608719e-01
    endloop
  endfacet
  facet normal -8.8488865e-01 -4.6580267e-01 1.5392018e-04
    outer loop
      vertex -1.1347826e+00 -1.2946099e-02 1.2608719e-01
      vertex -1.0957888e+00 -8.7093174e-02 -8.7093174e-02
      vertex -1.0957645e+00 -8.7068930e-02 1.2608719e-01
    endloop
  endfacet
  facet normal -1.0000000e+00 -1.2227165e-04 1.1351901e-04
    outer loop
      vertex -1.0957841e+00 -1.2608695e-01 -8.7088436e-02
      vertex -1.0957599e+00 -1.2608695e-01 1.2608719e-01
      vertex -1.0957888e+00 -8.7093174e-02 -8.7093174e-02
    endloop
  endfacet
  facet normal -1.0000000e+00 -1.1915424e-04 1.1408923e-04
    outer loop
      vertex -1.0957599e+00 -1.2608695e-01 1.2608719e-01
      vertex -1.0957645e+00 -8.7068930e-02 1.2608719e-01
      vertex -1.0957888e+00 -8.7093174e-02 -8.7093174e-02
    endloop
  endfacet
  facet normal -9.9945939e-01 -1.7141055e-02 2.8054917e-02
    outer loop
      vertex -1.0953290e+00 -8.6633407e-02 1.6554070e-01
      vertex -1.0957599e+00 -1.2608695e-01 1.2608719e-01
      vertex -1.0946329e+00 -1.2608695e-01 1.6623685e-01
    endloop
  endfacet
  facet normal -9.9993902e-01 -1.1914653e-04 1.1038229e-02
    outer loop
      vertex -1.0953290e+00 -8.6633407e-02 1.6554070e-01
      vertex -1.0957645e+00 -8.7068930e-02 1.2608719e-01
      vertex -1.0957599e+00 -1.2608695e-01 1.2608719e-01
    endloop
  endfacet
  facet normal -8.8479024e-01 -4.6575093e-01 1.4907334e-02
    outer loop
      vertex -1.0953290e+00 -8.6633407e-02 1.6554070e-01
      vertex -1.1347826e+00 -1.2946099e-02 1.2608719e-01
      vertex -1.0957645e+00 -8.7068930e-02 1.2608719e-01
    endloop
  endfacet
  facet normal -8.9837027e-01 -3.1978014e-01 3.0111697e-01
    outer loop
      vertex -1.1347826e+00 -1.2946099e-02 1.2608719e-01
      vertex -1.0953290e+00 -8.6633407e-02 1.6554070e-01
      vertex -1.1347826e+00 1.2608719e-01 2.7373773e-01
    endloop
  endfacet
  facet normal -8.9837027e-01 -3.1978020e-01 3.0111712e-01
    outer loop
      vertex -1.1347826e+00 1.2608719e-01 2.7373773e-01
      vertex -1.0953290e+00 -8.6633407e-02 1.6554070e-01
      vertex -1.0997483e+00 1.2608719e-01 3.7826109e-01
    endloop
  endfacet
  facet normal -9.1962409e-01 -2.8713936e-01 2.6803470e-01
    outer loop
      vertex -1.0953290e+00 -8.6633407e-02 1.6554070e-01
      vertex -1.0480816e+00 -3.9386004e-02 3.7826109e-01
      vertex -1.0997483e+00 1.2608719e-01 3.7826109e-01
    endloop
  endfacet
  facet normal -9.7549236e-01 -1.3337848e-02 2.1962874e-01
    outer loop
      vertex -1.0946329e+00 -1.2608695e-01 1.6623685e-01
      vertex -1.0468963e+00 -1.2608695e-01 3.7826109e-01
      vertex -1.0953290e+00 -8.6633407e-02 1.6554070e-01
    endloop
  endfacet
  facet normal -9.7549236e-01 -1.3336061e-02 2.1962908e-01
    outer loop
      vertex -1.0468963e+00 -1.2608695e-01 3.7826109e-01
      vertex -1.0480816e+00 -3.9386004e-02 3.7826109e-01
      vertex -1.0953290e+00 -8.6633407e-02 1.6554070e-01
    endloop
  endfacet
  facet normal -8.7344146e-01 -1.4871055e-01 4.6366495e-01
    outer loop
      vertex -9.9733365e-01 1.1362121e-02 5.1571000e-01
      vertex -1.0468963e+00 -1.2608695e-01 3.7826109e-01
      vertex -9.4745249e-01 -1.2608695e-01 5.6559116e-01
    endloop
  endfacet
  facet normal -9.3647975e-01 -1.2802732e-02 3.5048792e-01
    outer loop
      vertex -9.9733365e-01 1.1362121e-02 5.1571000e-01
      vertex -1.0480816e+00 -3.9386004e-02 3.7826109e-01
      vertex -1.0468963e+00 -1.2608695e-01 3.7826109e-01
    endloop
  endfacet
  facet normal -8.6638498e-01 -2.7051622e-01 4.1975954e-01
    outer loop
      vertex -1.0480816e+00 -3.9386004e-02 3.7826109e-01
      vertex -9.9733365e-01 1.1362121e-02 5.1571000e-01
      vertex -1.0997483e+00 1.2608719e-01 3.7826109e-01
    endloop
  endfacet
  facet normal -8.6638498e-01 -2.7051586e-01 4.1975981e-01
    outer loop
      vertex -1.0997483e+00 1.2608719e-01 3.7826109e-01
      vertex -9.9733365e-01 1.1362121e-02 5.1571000e-01
      vertex -1.0668213e+00 1.2608719e-01 4.4622231e-01
    endloop
  endfacet
  facet normal -8.5324734e-01 -2.3473974e-01 4.6568903e-01
    outer loop
      vertex -9.9733365e-01 1.1362121e-02 5.1571000e-01
      vertex -9.6628094e-01 1.2608719e-01 6.3043499e-01
      vertex -1.0668213e+00 1.2608719e-01 4.4622231e-01
    endloop
  endfacet
  facet normal -8.8723993e-01 -1.8321478e-01 4.2336485e-01
    outer loop
      vertex -9.9733365e-01 1.1362121e-02 5.1571000e-01
      vertex -9.5195991e-01 5.6735858e-02 6.3043499e-01
      vertex -9.6628094e-01 1.2608719e-01 6.3043499e-01
    endloop
  endfacet
  facet normal -8.9122576e-01 -1.7097445e-01 4.2010039e-01
    outer loop
      vertex -9.4745249e-01 -1.2608695e-01 5.6559116e-01
      vertex -9.1688681e-01 -1.2608695e-01 6.3043499e-01
      vertex -9.9733365e-01 1.1362121e-02 5.1571000e-01
    endloop
  endfacet
  facet normal -8.9122581e-01 -1.7097458e-01 4.2010027e-01
    outer loop
      vertex -9.1688681e-01 -1.2608695e-01 6.3043499e-01
      vertex -9.5195991e-01 5.6735858e-02 6.3043499e-01
      vertex -9.9733365e-01 1.1362121e-02 5.1571000e-01
    endloop
  endfacet
  facet normal -7.8172946e-01 -1.0956369e-01 6.1391765e-01
    outer loop
      vertex -9.1688681e-01 -1.2608695e-01 6.3043499e-01
      vertex -8.8260865e-01 -1.2608695e-01 6.7408293e-01
      vertex -8.8260865e-01 -7.2957031e-02 6.8356484e-01
    endloop
  endfacet
  facet normal -7.5866407e-01 -1.4554366e-01 6.3501644e-01
    outer loop
      vertex -9.1688681e-01 -1.2608695e-01 6.3043499e-01
      vertex -8.8260865e-01 -7.2957031e-02 6.8356484e-01
      vertex -9.5195991e-01 5.6735858e-02 6.3043499e-01
    endloop
  endfacet
  facet normal -7.5866401e-01 -1.4554362e-01 6.3501650e-01
    outer loop
      vertex -8.8260865e-01 -7.2957031e-02 6.8356484e-01
      vertex -8.8260865e-01 1.2608719e-01 7.2918510e-01
      vertex -9.5195991e-01 5.6735858e-02 6.3043499e-01
    endloop
  endfacet
  facet normal -7.5365376e-01 -1.5562929e-01 6.3858086e-01
    outer loop
      vertex -9.5195991e-01 5.6735858e-02 6.3043499e-01
      vertex -8.8260865e-01 1.2608719e-01 7.2918510e-01
      vertex -9.6628094e-01 1.2608719e-01 6.3043499e-01
    endloop
  endfacet
  facet normal -6.7747468e-01 3.4373668e-01 -6.5028691e-01
    outer loop
      vertex -9.3097800e-01 1.2608719e-01 -6.7880410e-01
      vertex -8.8260865e-01 3.1292486e-01 -6.3043475e-01
      vertex -8.8260865e-01 1.2608719e-01 -7.2919571e-01
    endloop
  endfacet
  facet normal -7.5949526e-01 3.4016860e-01 -5.5448377e-01
    outer loop
      vertex -9.3097800e-01 1.2608719e-01 -6.7880410e-01
      vertex -9.6629095e-01 1.2608719e-01 -6.3043475e-01
      vertex -8.8260865e-01 3.1292486e-01 -6.3043475e-01
    endloop
  endfacet
  facet normal -8.8042593e-01 2.8846136e-01 -3.7635109e-01
    outer loop
      vertex -9.8158419e-01 2.7928555e-01 -4.7723639e-01
      vertex -9.6629095e-01 1.2608719e-01 -6.3043475e-01
      vertex -1.0167470e+00 1.2608719e-01 -5.1239920e-01
    endloop
  endfacet
  facet normal -8.1633490e-01 3.6562639e-01 -4.4711813e-01
    outer loop
      vertex -9.6629095e-01 1.2608719e-01 -6.3043475e-01
      vertex -9.8158419e-01 2.7928555e-01 -4.7723639e-01
      vertex -8.8260865e-01 3.1292486e-01 -6.3043475e-01
    endloop
  endfacet
  facet normal -8.1633496e-01 3.6562645e-01 -4.4711813e-01
    outer loop
      vertex -8.8260865e-01 3.1292486e-01 -6.3043475e-01
      vertex -9.8158419e-01 2.7928555e-01 -4.7723639e-01
      vertex -8.8260865e-01 3.7826109e-01 -5.7700670e-01
    endloop
  endfacet
  facet normal -8.0825031e-01 2.9390919e-01 -5.1024395e-01
    outer loop
      vertex -9.8158419e-01 2.7928555e-01 -4.7723639e-01
      vertex -9.5952129e-01 3.7826109e-01 -4.5517346e-01
      vertex -8.8260865e-01 3.7826109e-01 -5.7700670e-01
    endloop
  endfacet
  facet normal -8.7119734e-01 2.8353891e-01 -4.0077537e-01
    outer loop
      vertex -9.8158419e-01 2.7928555e-01 -4.7723639e-01
      vertex -9.9490327e-01 3.7826109e-01 -3.7826085e-01
      vertex -9.5952129e-01 3.7826109e-01 -4.5517346e-01
    endloop
  endfacet
  facet normal -8.1635892e-01 3.4974658e-01 -4.5960349e-01
    outer loop
      vertex -9.8158419e-01 2.7928555e-01 -4.7723639e-01
      vertex -1.0790731e+00 1.8179666e-01 -3.7826085e-01
      vertex -9.9490327e-01 3.7826109e-01 -3.7826085e-01
    endloop
  endfacet
  facet normal -8.1078631e-01 3.0128267e-01 -5.0185090e-01
    outer loop
      vertex -1.0167470e+00 1.2608719e-01 -5.1239920e-01
      vertex -1.0997744e+00 1.2608719e-01 -3.7826085e-01
      vertex -9.8158419e-01 2.7928555e-01 -4.7723639e-01
    endloop
  endfacet
  facet normal -8.1078649e-01 3.0128318e-01 -5.0185031e-01
    outer loop
      vertex -1.0997744e+00 1.2608719e-01 -3.7826085e-01
      vertex -1.0790731e+00 1.8179666e-01 -3.7826085e-01
      vertex -9.8158419e-01 2.7928555e-01 -4.7723639e-01
    endloop
  endfacet
  facet normal -8.8616651e-01 3.3545327e-01 -3.1965628e-01
    outer loop
      vertex -1.0991390e+00 1.6173081e-01 -3.4261721e-01
      vertex -1.0997744e+00 1.2608719e-01 -3.7826085e-01
      vertex -1.1090548e+00 1.2608719e-01 -3.5253316e-01
    endloop
  endfacet
  facet normal -8.8972992e-01 3.3061805e-01 -3.1475756e-01
    outer loop
      vertex -1.0991390e+00 1.6173081e-01 -3.4261721e-01
      vertex -1.0790731e+00 1.8179666e-01 -3.7826085e-01
      vertex -1.0997744e+00 1.2608719e-01 -3.7826085e-01
    endloop
  endfacet
  facet normal -8.8144726e-01 3.7763193e-01 -2.8362796e-01
    outer loop
      vertex -1.0790731e+00 1.8179666e-01 -3.7826085e-01
      vertex -1.0991390e+00 1.6173081e-01 -3.4261721e-01
      vertex -9.9490327e-01 3.7826109e-01 -3.7826085e-01
    endloop
  endfacet
  facet normal -8.8144755e-01 3.7763235e-01 -2.8362653e-01
    outer loop
      vertex -9.9490327e-01 3.7826109e-01 -3.7826085e-01
      vertex -1.0991390e+00 1.6173081e-01 -3.4261721e-01
      vertex -1.0289556e+00 3.7826109e-01 -2.7243391e-01
    endloop
  endfacet
  facet normal -9.1504610e-01 3.5727146e-01 -1.8721049e-01
    outer loop
      vertex -1.0991390e+00 1.6173081e-01 -3.4261721e-01
      vertex -1.0588969e+00 3.7826109e-01 -1.2608695e-01
      vertex -1.0289556e+00 3.7826109e-01 -2.7243391e-01
    endloop
  endfacet
  facet normal -8.7975496e-01 4.0783736e-01 -2.4433561e-01
    outer loop
      vertex -1.1347826e+00 1.2608719e-01 -2.7377415e-01
      vertex -1.1347826e+00 2.1456668e-01 -1.2608695e-01
      vertex -1.0991390e+00 1.6173081e-01 -3.4261721e-01
    endloop
  endfacet
  facet normal -8.7975472e-01 4.0783778e-01 -2.4433570e-01
    outer loop
      vertex -1.1347826e+00 2.1456668e-01 -1.2608695e-01
      vertex -1.0588969e+00 3.7826109e-01 -1.2608695e-01
      vertex -1.0991390e+00 1.6173081e-01 -3.4261721e-01
    endloop
  endfacet
  facet normal -8.9697015e-01 3.3104527e-01 -2.9300800e-01
    outer loop
      vertex -1.0991390e+00 1.6173081e-01 -3.4261721e-01
      vertex -1.1090548e+00 1.2608719e-01 -3.5253316e-01
      vertex -1.1347826e+00 1.2608719e-01 -2.7377415e-01
    endloop
  endfacet
  facet normal -9.0725297e-01 4.2058539e-01 2.3652309e-04
    outer loop
      vertex -1.0588771e+00 3.7826109e-01 -5.0181486e-02
      vertex -1.0588969e+00 3.7826109e-01 -1.2608695e-01
      vertex -1.1347826e+00 2.1456668e-01 -1.2608695e-01
    endloop
  endfacet
  facet normal -9.0721107e-01 4.2067569e-01 0.0000000e+00
    outer loop
      vertex -1.1347826e+00 2.1456668e-01 -1.2608695e-01
      vertex -1.1347826e+00 2.1456668e-01 -3.7607379e-02
      vertex -1.0588771e+00 3.7826109e-01 -5.0181486e-02
    endloop
  endfacet
  facet normal -9.0721112e-01 4.2067569e-01 0.0000000e+00
    outer loop
      vertex -1.1347826e+00 2.1456668e-01 -3.7607379e-02
      vertex -1.0588771e+00 3.7826109e-01 1.2608719e-01
      vertex -1.0588771e+00 3.7826109e-01 -5.0181486e-02
    endloop
  endfacet
  facet normal -9.0724474e-01 4.2060301e-01 8.8272085e-05
    outer loop
      vertex -1.0588771e+00 3.7826109e-01 1.2608719e-01
      vertex -1.1347826e+00 2.1456668e-01 -3.7607379e-02
      vertex -1.1347826e+00 2.1453232e-01 1.2608719e-01
    endloop
  endfacet
  facet normal -8.7674111e-01 4.0646139e-01 2.5712678e-01
    outer loop
      vertex -1.0273780e+00 3.7826109e-01 2.3349178e-01
      vertex -1.0588771e+00 3.7826109e-01 1.2608719e-01
      vertex -1.1347826e+00 2.1453232e-01 1.2608719e-01
    endloop
  endfacet
  facet normal -8.7397522e-01 4.4458294e-01 1.9624797e-01
    outer loop
      vertex -1.1347826e+00 2.1453232e-01 1.2608719e-01
      vertex -1.1347826e+00 1.8744689e-01 1.8744689e-01
      vertex -1.0273780e+00 3.7826109e-01 2.3349178e-01
    endloop
  endfacet
  facet normal -8.7397528e-01 4.4458303e-01 1.9624795e-01
    outer loop
      vertex -1.1347826e+00 1.8744689e-01 1.8744689e-01
      vertex -9.9487054e-01 3.7826109e-01 3.7826109e-01
      vertex -1.0273780e+00 3.7826109e-01 2.3349178e-01
    endloop
  endfacet
  facet normal -8.8510054e-01 3.7928575e-01 2.6970258e-01
    outer loop
      vertex -1.1347826e+00 1.8744689e-01 1.8744689e-01
      vertex -1.1347826e+00 1.2608719e-01 2.7373773e-01
      vertex -9.9487054e-01 3.7826109e-01 3.7826109e-01
    endloop
  endfacet
  facet normal -8.8510054e-01 3.7928596e-01 2.6970205e-01
    outer loop
      vertex -1.1347826e+00 1.2608719e-01 2.7373773e-01
      vertex -1.0790503e+00 1.8181948e-01 3.7826109e-01
      vertex -9.9487054e-01 3.7826109e-01 3.7826109e-01
    endloop
  endfacet
  facet normal -8.9433026e-01 3.3213785e-01 2.9976299e-01
    outer loop
      vertex -1.0790503e+00 1.8181948e-01 3.7826109e-01
      vertex -1.1347826e+00 1.2608719e-01 2.7373773e-01
      vertex -1.0997483e+00 1.2608719e-01 3.7826109e-01
    endloop
  endfacet
  facet normal -8.1838369e-01 4.1597256e-01 3.9650339e-01
    outer loop
      vertex -1.0668213e+00 1.2608719e-01 4.4622231e-01
      vertex -8.8260865e-01 3.1291610e-01 6.3043499e-01
      vertex -1.0997483e+00 1.2608719e-01 3.7826109e-01
    endloop
  endfacet
  facet normal -8.1838369e-01 4.1597277e-01 3.9650324e-01
    outer loop
      vertex -8.8260865e-01 3.1291610e-01 6.3043499e-01
      vertex -8.8260865e-01 3.4480566e-01 5.9697956e-01
      vertex -1.0997483e+00 1.2608719e-01 3.7826109e-01
    endloop
  endfacet
  facet normal -8.1002557e-01 3.0082864e-01 5.0334954e-01
    outer loop
      vertex -1.0997483e+00 1.2608719e-01 3.7826109e-01
      vertex -8.8260865e-01 3.4480566e-01 5.9697956e-01
      vertex -1.0790503e+00 1.8181948e-01 3.7826109e-01
    endloop
  endfacet
  facet normal -8.1002557e-01 3.0082905e-01 5.0334930e-01
    outer loop
      vertex -8.8260865e-01 3.4480566e-01 5.9697956e-01
      vertex -8.8260865e-01 3.7826109e-01 5.7698476e-01
      vertex -1.0790503e+00 1.8181948e-01 3.7826109e-01
    endloop
  endfacet
  facet normal -8.1574625e-01 3.4956610e-01 4.6082693e-01
    outer loop
      vertex -1.0790503e+00 1.8181948e-01 3.7826109e-01
      vertex -8.8260865e-01 3.7826109e-01 5.7698476e-01
      vertex -9.9487054e-01 3.7826109e-01 3.7826109e-01
    endloop
  endfacet
  facet normal -8.1691742e-01 3.6586067e-01 4.4586077e-01
    outer loop
      vertex -1.0668213e+00 1.2608719e-01 4.4622231e-01
      vertex -9.6628094e-01 1.2608719e-01 6.3043499e-01
      vertex -8.8260865e-01 3.1291610e-01 6.3043499e-01
    endloop
  endfacet
  facet normal -7.4288428e-01 2.2783422e-01 6.2945569e-01
    outer loop
      vertex -9.6628094e-01 1.2608719e-01 6.3043499e-01
      vertex -8.8260865e-01 1.2608719e-01 7.2918510e-01
      vertex -8.8260865e-01 1.9859335e-01 7.0294118e-01
    endloop
  endfacet
  facet normal -7.6714152e-01 3.4356827e-01 5.4171467e-01
    outer loop
      vertex -9.6628094e-01 1.2608719e-01 6.3043499e-01
      vertex -8.8260865e-01 1.9859335e-01 7.0294118e-01
      vertex -8.8260865e-01 3.1291610e-01 6.3043499e-01
    endloop
  endfacet
  facet normal -7.3832506e-01 4.8746935e-01 -4.6610048e-01
    outer loop
      vertex -9.5952129e-01 3.7826109e-01 -4.5517346e-01
      vertex -8.8260865e-01 5.6829464e-01 -3.7826085e-01
      vertex -8.8260865e-01 3.7826109e-01 -5.7700670e-01
    endloop
  endfacet
  facet normal -8.0043238e-01 4.7299138e-01 -3.6822149e-01
    outer loop
      vertex -9.5952129e-01 3.7826109e-01 -4.5517346e-01
      vertex -9.9490327e-01 3.7826109e-01 -3.7826085e-01
      vertex -8.8260865e-01 5.6829464e-01 -3.7826085e-01
    endloop
  endfacet
  facet normal -8.1803644e-01 5.1140034e-01 -2.6322252e-01
    outer loop
      vertex -9.3398476e-01 5.7905889e-01 -1.7746305e-01
      vertex -9.9490327e-01 3.7826109e-01 -3.7826085e-01
      vertex -1.0289556e+00 3.7826109e-01 -2.7243391e-01
    endloop
  endfacet
  facet normal -8.3569747e-01 4.9383029e-01 -2.4029441e-01
    outer loop
      vertex -9.9490327e-01 3.7826109e-01 -3.7826085e-01
      vertex -9.3398476e-01 5.7905889e-01 -1.7746305e-01
      vertex -8.8260865e-01 5.6829464e-01 -3.7826085e-01
    endloop
  endfacet
  facet normal -8.3569741e-01 4.9383026e-01 -2.4029440e-01
    outer loop
      vertex -8.8260865e-01 5.6829464e-01 -3.7826085e-01
      vertex -9.3398476e-01 5.7905889e-01 -1.7746305e-01
      vertex -8.8260865e-01 6.3043499e-01 -2.5055590e-01
    endloop
  endfacet
  facet normal -8.3290732e-01 5.0224042e-01 -2.3242190e-01
    outer loop
      vertex -9.3398476e-01 5.7905889e-01 -1.7746305e-01
      vertex -9.0976393e-01 6.3043499e-01 -1.5324222e-01
      vertex -8.8260865e-01 6.3043499e-01 -2.5055590e-01
    endloop
  endfacet
  facet normal -8.4982520e-01 4.9099001e-01 -1.9164029e-01
    outer loop
      vertex -9.3398476e-01 5.7905889e-01 -1.7746305e-01
      vertex -9.1588759e-01 6.3043499e-01 -1.2608695e-01
      vertex -9.0976393e-01 6.3043499e-01 -1.5324222e-01
    endloop
  endfacet
  facet normal -8.5803246e-01 4.8135182e-01 -1.7911108e-01
    outer loop
      vertex -9.3398476e-01 5.7905889e-01 -1.7746305e-01
      vertex -9.5841402e-01 5.5462962e-01 -1.2608695e-01
      vertex -9.1588759e-01 6.3043499e-01 -1.2608695e-01
    endloop
  endfacet
  facet normal -8.5546577e-01 4.8738673e-01 -1.7502089e-01
    outer loop
      vertex -1.0289556e+00 3.7826109e-01 -2.7243391e-01
      vertex -1.0588969e+00 3.7826109e-01 -1.2608695e-01
      vertex -9.3398476e-01 5.7905889e-01 -1.7746305e-01
    endloop
  endfacet
  facet normal -8.5546589e-01 4.8738670e-01 -1.7502119e-01
    outer loop
      vertex -1.0588969e+00 3.7826109e-01 -1.2608695e-01
      vertex -9.5841402e-01 5.5462962e-01 -1.2608695e-01
      vertex -9.3398476e-01 5.7905889e-01 -1.7746305e-01
    endloop
  endfacet
  facet normal -8.6897463e-01 4.9485657e-01 2.2657526e-04
    outer loop
      vertex -9.5841396e-01 5.5462968e-01 5.0281793e-02
      vertex -1.0588969e+00 3.7826109e-01 -1.2608695e-01
      vertex -1.0588771e+00 3.7826109e-01 -5.0181486e-02
    endloop
  endfacet
  facet normal -8.6887729e-01 4.9502757e-01 1.2634426e-07
    outer loop
      vertex -9.5841396e-01 5.5462968e-01 5.0281793e-02
      vertex -9.5841402e-01 5.5462962e-01 -1.2608695e-01
      vertex -1.0588969e+00 3.7826109e-01 -1.2608695e-01
    endloop
  endfacet
  facet normal -8.7213588e-01 4.8926377e-01 1.2939341e-07
    outer loop
      vertex -9.5841402e-01 5.5462962e-01 -1.2608695e-01
      vertex -9.5841396e-01 5.5462968e-01 5.0281793e-02
      vertex -9.1588759e-01 6.3043499e-01 -1.2608695e-01
    endloop
  endfacet
  facet normal -8.7213600e-01 4.8926356e-01 0.0000000e+00
    outer loop
      vertex -9.1588759e-01 6.3043499e-01 -1.2608695e-01
      vertex -9.5841396e-01 5.5462968e-01 5.0281793e-02
      vertex -9.1588759e-01 6.3043499e-01 9.2808224e-02
    endloop
  endfacet
  facet normal -8.7213606e-01 4.8926356e-01 0.0000000e+00
    outer loop
      vertex -9.5841396e-01 5.5462968e-01 5.0281793e-02
      vertex -9.1588759e-01 6.3043499e-01 1.2608719e-01
      vertex -9.1588759e-01 6.3043499e-01 9.2808224e-02
    endloop
  endfacet
  facet normal -8.7213600e-01 4.8926353e-01 0.0000000e+00
    outer loop
      vertex -9.5841396e-01 5.5462968e-01 5.0281793e-02
      vertex -9.5841396e-01 5.5462968e-01 1.2608719e-01
      vertex -9.1588759e-01 6.3043499e-01 1.2608719e-01
    endloop
  endfacet
  facet normal -8.6891913e-01 4.9495408e-01 0.0000000e+00
    outer loop
      vertex -1.0588771e+00 3.7826109e-01 -5.0181486e-02
      vertex -1.0588771e+00 3.7826109e-01 1.2608719e-01
      vertex -9.5841396e-01 5.5462968e-01 5.0281793e-02
    endloop
  endfacet
  facet normal -8.6891913e-01 4.9495405e-01 0.0000000e+00
    outer loop
      vertex -1.0588771e+00 3.7826109e-01 1.2608719e-01
      vertex -9.5841396e-01 5.5462968e-01 1.2608719e-01
      vertex -9.5841396e-01 5.5462968e-01 5.0281793e-02
    endloop
  endfacet
  facet normal -8.5250878e-01 4.5904112e-01 2.5002003e-01
    outer loop
      vertex -1.0273780e+00 3.7826109e-01 2.3349178e-01
      vertex -8.8260865e-01 5.6826997e-01 3.7826109e-01
      vertex -1.0588771e+00 3.7826109e-01 1.2608719e-01
    endloop
  endfacet
  facet normal -8.5250884e-01 4.5904076e-01 2.5002030e-01
    outer loop
      vertex -8.8260865e-01 5.6826997e-01 3.7826109e-01
      vertex -8.8260865e-01 5.9018981e-01 3.3801594e-01
      vertex -1.0588771e+00 3.7826109e-01 1.2608719e-01
    endloop
  endfacet
  facet normal -8.4722298e-01 4.8259550e-01 2.2206916e-01
    outer loop
      vertex -1.0588771e+00 3.7826109e-01 1.2608719e-01
      vertex -8.8260865e-01 5.9018981e-01 3.3801594e-01
      vertex -9.5841396e-01 5.5462968e-01 1.2608719e-01
    endloop
  endfacet
  facet normal -8.4722304e-01 4.8259544e-01 2.2206917e-01
    outer loop
      vertex -8.8260865e-01 5.9018981e-01 3.3801594e-01
      vertex -8.8260865e-01 6.3043499e-01 2.5055608e-01
      vertex -9.5841396e-01 5.5462968e-01 1.2608719e-01
    endloop
  endfacet
  facet normal -8.4935063e-01 4.7648111e-01 2.2708882e-01
    outer loop
      vertex -9.5841396e-01 5.5462968e-01 1.2608719e-01
      vertex -8.8260865e-01 6.3043499e-01 2.5055608e-01
      vertex -9.1588759e-01 6.3043499e-01 1.2608719e-01
    endloop
  endfacet
  facet normal -8.4530687e-01 4.9942794e-01 1.8981057e-01
    outer loop
      vertex -1.0273780e+00 3.7826109e-01 2.3349178e-01
      vertex -9.9487054e-01 3.7826109e-01 3.7826109e-01
      vertex -8.8260865e-01 5.6826997e-01 3.7826109e-01
    endloop
  endfacet
  facet normal -7.8201765e-01 4.3964174e-01 4.4177312e-01
    outer loop
      vertex -9.9487054e-01 3.7826109e-01 3.7826109e-01
      vertex -8.8260865e-01 3.7826109e-01 5.7698476e-01
      vertex -8.8260865e-01 4.7786319e-01 4.7786319e-01
    endloop
  endfacet
  facet normal -7.8166306e-01 4.6182567e-01 4.1918960e-01
    outer loop
      vertex -9.9487054e-01 3.7826109e-01 3.7826109e-01
      vertex -8.8260865e-01 4.7786319e-01 4.7786319e-01
      vertex -8.8260865e-01 5.6826997e-01 3.7826109e-01
    endloop
  endfacet
  facet normal -7.6318401e-01 6.1007845e-01 -2.1296570e-01
    outer loop
      vertex -9.0976393e-01 6.3043499e-01 -1.5324222e-01
      vertex -8.8260865e-01 6.7388451e-01 -1.2608695e-01
      vertex -8.8260865e-01 6.3043499e-01 -2.5055590e-01
    endloop
  endfacet
  facet normal -7.8146726e-01 5.9854293e-01 -1.7622519e-01
    outer loop
      vertex -9.0976393e-01 6.3043499e-01 -1.5324222e-01
      vertex -9.1588759e-01 6.3043499e-01 -1.2608695e-01
      vertex -8.8260865e-01 6.7388451e-01 -1.2608695e-01
    endloop
  endfacet
  facet normal -7.9389137e-01 6.0805964e-01 0.0000000e+00
    outer loop
      vertex -9.1588759e-01 6.3043499e-01 9.2808224e-02
      vertex -8.8260865e-01 6.7388445e-01 1.2608719e-01
      vertex -9.1588759e-01 6.3043499e-01 -1.2608695e-01
    endloop
  endfacet
  facet normal -7.9389179e-01 6.0805899e-01 1.7364097e-07
    outer loop
      vertex -8.8260865e-01 6.7388445e-01 1.2608719e-01
      vertex -8.8260865e-01 6.7388451e-01 -8.2637414e-02
      vertex -9.1588759e-01 6.3043499e-01 -1.2608695e-01
    endloop
  endfacet
  facet normal -7.9389173e-01 6.0805911e-01 0.0000000e+00
    outer loop
      vertex -9.1588759e-01 6.3043499e-01 -1.2608695e-01
      vertex -8.8260865e-01 6.7388451e-01 -8.2637414e-02
      vertex -8.8260865e-01 6.7388451e-01 -1.2608695e-01
    endloop
  endfacet
  facet normal -7.9389137e-01 6.0805970e-01 0.0000000e+00
    outer loop
      vertex -9.1588759e-01 6.3043499e-01 9.2808224e-02
      vertex -9.1588759e-01 6.3043499e-01 1.2608719e-01
      vertex -8.8260865e-01 6.7388445e-01 1.2608719e-01
    endloop
  endfacet
  facet normal -7.8852516e-01 5.7773727e-01 2.1082602e-01
    outer loop
      vertex -9.1588759e-01 6.3043499e-01 1.2608719e-01
      vertex -8.8260865e-01 6.3043499e-01 2.5055608e-01
      vertex -8.8260865e-01 6.6371232e-01 1.5936452e-01
    endloop
  endfacet
  facet normal -7.8052318e-01 5.9782064e-01 1.8274029e-01
    outer loop
      vertex -9.1588759e-01 6.3043499e-01 1.2608719e-01
      vertex -8.8260865e-01 6.6371232e-01 1.5936452e-01
      vertex -8.8260865e-01 6.7388445e-01 1.2608719e-01
    endloop
  endfacet
  facet normal 1.4977099e-01 -5.5441636e-01 -8.1865197e-01
    outer loop
      vertex -8.8260865e-01 -8.8404739e-01 -3.7969959e-01
      vertex -8.8260865e-01 -8.8260865e-01 -3.8067394e-01
      vertex -8.6941862e-01 -8.8260865e-01 -3.7826085e-01
    endloop
  endfacet
  facet normal 1.4338739e-01 -8.9750767e-01 -4.1703728e-01
    outer loop
      vertex -8.8260865e-01 -8.8404739e-01 -3.7969959e-01
      vertex -8.6941862e-01 -8.8260865e-01 -3.7826085e-01
      vertex -8.8260865e-01 -8.8471591e-01 -3.7826085e-01
    endloop
  endfacet
  facet normal 1.9924648e-01 -9.5597321e-01 -2.1544398e-01
    outer loop
      vertex -6.6319615e-01 -9.1537005e-01 -1.5884838e-01
      vertex -6.3043475e-01 -9.0979767e-01 -1.5327594e-01
      vertex -6.3043475e-01 -9.1592515e-01 -1.2608695e-01
    endloop
  endfacet
  facet normal 2.0507675e-01 -9.4276929e-01 -2.6292494e-01
    outer loop
      vertex -6.6319615e-01 -9.1537005e-01 -1.5884838e-01
      vertex -6.3043475e-01 -8.8260865e-01 -2.5076753e-01
      vertex -6.3043475e-01 -9.0979767e-01 -1.5327594e-01
    endloop
  endfacet
  facet normal 1.5128472e-01 -9.4693947e-01 -2.8358173e-01
    outer loop
      vertex -8.8260865e-01 -8.8471591e-01 -3.7826085e-01
      vertex -8.6941862e-01 -8.8260865e-01 -3.7826085e-01
      vertex -6.6319615e-01 -9.1537005e-01 -1.5884838e-01
    endloop
  endfacet
  facet normal 1.5128605e-01 -9.4693893e-01 -2.8358287e-01
    outer loop
      vertex -8.6941862e-01 -8.8260865e-01 -3.7826085e-01
      vertex -6.3043475e-01 -8.8260865e-01 -2.5076753e-01
      vertex -6.6319615e-01 -9.1537005e-01 -1.5884838e-01
    endloop
  endfacet
  facet normal -3.1170279e-01 -9.3270427e-01 1.8139465e-01
    outer loop
      vertex -8.8260865e-01 -8.8471591e-01 -3.7826085e-01
      vertex -6.6319615e-01 -9.1537005e-01 -1.5884838e-01
      vertex -8.8260865e-01 -8.8260865e-01 -3.6742562e-01
    endloop
  endfacet
  facet normal -3.1170389e-01 -9.3270373e-01 1.8139590e-01
    outer loop
      vertex -8.8260865e-01 -8.8260865e-01 -3.6742562e-01
      vertex -6.6319615e-01 -9.1537005e-01 -1.5884838e-01
      vertex -7.4216175e-01 -8.8260865e-01 -1.2608695e-01
    endloop
  endfacet
  facet normal -3.0030441e-01 -9.3106037e-01 2.0722897e-01
    outer loop
      vertex -6.6319615e-01 -9.1537005e-01 -1.5884838e-01
      vertex -6.5768266e-01 -9.0985656e-01 -1.2608695e-01
      vertex -7.4216175e-01 -8.8260865e-01 -1.2608695e-01
    endloop
  endfacet
  facet normal -2.1313457e-01 -9.5697242e-01 1.9691977e-01
    outer loop
      vertex -6.6319615e-01 -9.1537005e-01 -1.5884838e-01
      vertex -6.3043475e-01 -9.1592515e-01 -1.2608695e-01
      vertex -6.5768266e-01 -9.0985656e-01 -1.2608695e-01
    endloop
  endfacet
  facet normal -2.1739534e-01 -9.7608364e-01 1.4159808e-04
    outer loop
      vertex -6.5765381e-01 -9.0982771e-01 9.8868087e-02
      vertex -6.3043475e-01 -9.1589087e-01 9.2804946e-02
      vertex -6.3043475e-01 -9.1588604e-01 1.2608719e-01
    endloop
  endfacet
  facet normal -2.1739118e-01 -9.7608453e-01 1.5305354e-04
    outer loop
      vertex -6.5768266e-01 -9.0985656e-01 -1.2608695e-01
      vertex -6.3043475e-01 -9.1592515e-01 -1.2608695e-01
      vertex -6.5765381e-01 -9.0982771e-01 9.8868087e-02
    endloop
  endfacet
  facet normal -2.1739295e-01 -9.7608417e-01 1.5282893e-04
    outer loop
      vertex -6.3043475e-01 -9.1592515e-01 -1.2608695e-01
      vertex -6.3043475e-01 -9.1589087e-01 9.2804946e-02
      vertex -6.5765381e-01 -9.0982771e-01 9.8868087e-02
    endloop
  endfacet
  facet normal -3.0696791e-01 -9.5171988e-01 1.6141644e-04
    outer loop
      vertex -6.5768266e-01 -9.0985656e-01 -1.2608695e-01
      vertex -6.5765381e-01 -9.0982771e-01 9.8868087e-02
      vertex -7.4216175e-01 -8.8260865e-01 -1.2608695e-01
    endloop
  endfacet
  facet normal -3.0696774e-01 -9.5171994e-01 1.6132556e-04
    outer loop
      vertex -7.4216175e-01 -8.8260865e-01 -1.2608695e-01
      vertex -6.5765381e-01 -9.0982771e-01 9.8868087e-02
      vertex -7.4208790e-01 -8.8260865e-01 1.4433950e-02
    endloop
  endfacet
  facet normal -5.9430635e-01 -7.1768379e-01 3.6294609e-01
    outer loop
      vertex -6.5765381e-01 -9.0982771e-01 9.8868087e-02
      vertex -6.7390066e-01 -8.8260865e-01 1.2608719e-01
      vertex -7.4208790e-01 -8.8260865e-01 1.4433950e-02
    endloop
  endfacet
  facet normal -6.1279482e-01 -7.1089584e-01 3.4512252e-01
    outer loop
      vertex -6.5765381e-01 -9.0982771e-01 9.8868087e-02
      vertex -6.5055704e-01 -9.0273094e-01 1.2608719e-01
      vertex -6.7390066e-01 -8.8260865e-01 1.2608719e-01
    endloop
  endfacet
  facet normal -5.1470363e-01 -7.8730017e-01 3.3946815e-01
    outer loop
      vertex -6.5765381e-01 -9.0982771e-01 9.8868087e-02
      vertex -6.3043475e-01 -9.1588604e-01 1.2608719e-01
      vertex -6.5055704e-01 -9.0273094e-01 1.2608719e-01
    endloop
  endfacet
  facet normal -5.3399074e-01 -8.1680220e-01 2.1837601e-01
    outer loop
      vertex -6.5055704e-01 -9.0273094e-01 1.2608719e-01
      vertex -6.3043475e-01 -9.1588604e-01 1.2608719e-01
      vertex -6.3043475e-01 -8.8260865e-01 2.5055620e-01
    endloop
  endfacet
  facet normal -6.3657457e-01 -7.3848236e-01 2.2229865e-01
    outer loop
      vertex -6.5055704e-01 -9.0273094e-01 1.2608719e-01
      vertex -6.3043475e-01 -8.8260865e-01 2.5055620e-01
      vertex -6.7390066e-01 -8.8260865e-01 1.2608719e-01
    endloop
  endfacet
  facet normal -4.3877375e-01 -6.7456549e-01 -5.9366572e-01
    outer loop
      vertex -6.4760929e-01 -6.4760929e-01 -6.4760929e-01
      vertex -6.3043475e-01 -6.5355122e-01 -6.5355122e-01
      vertex -6.3043475e-01 -6.7389536e-01 -6.3043475e-01
    endloop
  endfacet
  facet normal -4.3876740e-01 -5.9347850e-01 -6.7473435e-01
    outer loop
      vertex -6.4760929e-01 -6.4760929e-01 -6.4760929e-01
      vertex -6.3043475e-01 -6.3043475e-01 -6.7388386e-01
      vertex -6.3043475e-01 -6.5355122e-01 -6.5355122e-01
    endloop
  endfacet
  facet normal -5.9633821e-01 -4.3539357e-01 -6.7439830e-01
    outer loop
      vertex -6.4760929e-01 -6.4760929e-01 -6.4760929e-01
      vertex -6.5349382e-01 -6.3043475e-01 -6.5349382e-01
      vertex -6.3043475e-01 -6.3043475e-01 -6.7388386e-01
    endloop
  endfacet
  facet normal -6.7382711e-01 -4.3541393e-01 -5.9696883e-01
    outer loop
      vertex -6.4760929e-01 -6.4760929e-01 -6.4760929e-01
      vertex -6.7392272e-01 -6.3043475e-01 -6.3043475e-01
      vertex -6.5349382e-01 -6.3043475e-01 -6.5349382e-01
    endloop
  endfacet
  facet normal -5.9149504e-01 -1.0707246e-01 -7.9916775e-01
    outer loop
      vertex -6.4760929e-01 -6.4760929e-01 -6.4760929e-01
      vertex -6.6725713e-01 -6.6725713e-01 -6.3043475e-01
      vertex -6.7392272e-01 -6.3043475e-01 -6.3043475e-01
    endloop
  endfacet
  facet normal -1.0668085e-01 -5.9176058e-01 -7.9902357e-01
    outer loop
      vertex -6.4760929e-01 -6.4760929e-01 -6.4760929e-01
      vertex -6.3043475e-01 -6.7389536e-01 -6.3043475e-01
      vertex -6.6725713e-01 -6.6725713e-01 -6.3043475e-01
    endloop
  endfacet
  facet normal -1.3886927e-01 -8.5385853e-01 -5.0163823e-01
    outer loop
      vertex -7.5158727e-01 -7.5158727e-01 -4.9941337e-01
      vertex -6.3043475e-01 -7.6399922e-01 -5.1182532e-01
      vertex -6.3043475e-01 -8.4246778e-01 -3.7826085e-01
    endloop
  endfacet
  facet normal -1.4209597e-01 -7.8820890e-01 -5.9877819e-01
    outer loop
      vertex -6.6725713e-01 -6.6725713e-01 -6.3043475e-01
      vertex -6.3043475e-01 -6.7389536e-01 -6.3043475e-01
      vertex -7.5158727e-01 -7.5158727e-01 -4.9941337e-01
    endloop
  endfacet
  facet normal -1.4209540e-01 -7.8820932e-01 -5.9877789e-01
    outer loop
      vertex -6.3043475e-01 -6.7389536e-01 -6.3043475e-01
      vertex -6.3043475e-01 -7.6399922e-01 -5.1182532e-01
      vertex -7.5158727e-01 -7.5158727e-01 -4.9941337e-01
    endloop
  endfacet
  facet normal -7.8796542e-01 -1.4263752e-01 -5.9897006e-01
    outer loop
      vertex -6.6725713e-01 -6.6725713e-01 -6.3043475e-01
      vertex -7.5158727e-01 -7.5158727e-01 -4.9941337e-01
      vertex -6.7392272e-01 -6.3043475e-01 -6.3043475e-01
    endloop
  endfacet
  facet normal -7.8796554e-01 -1.4263734e-01 -5.9896994e-01
    outer loop
      vertex -6.7392272e-01 -6.3043475e-01 -6.3043475e-01
      vertex -7.5158727e-01 -7.5158727e-01 -4.9941337e-01
      vertex -7.6404703e-01 -6.3043475e-01 -5.1187313e-01
    endloop
  endfacet
  facet normal -2.4511917e-01 -1.2409468e-01 -9.6151811e-01
    outer loop
      vertex -8.8260865e-01 -7.2200412e-01 -4.6983021e-01
      vertex -8.8260865e-01 -6.3043475e-01 -4.8164827e-01
      vertex -7.5158727e-01 -7.5158727e-01 -4.9941337e-01
    endloop
  endfacet
  facet normal -2.4511935e-01 -1.2409487e-01 -9.6151805e-01
    outer loop
      vertex -8.8260865e-01 -6.3043475e-01 -4.8164827e-01
      vertex -7.6404703e-01 -6.3043475e-01 -5.1187313e-01
      vertex -7.5158727e-01 -7.5158727e-01 -4.9941337e-01
    endloop
  endfacet
  facet normal -2.9348034e-01 -4.6398538e-01 -8.3581507e-01
    outer loop
      vertex -7.5158727e-01 -7.5158727e-01 -4.9941337e-01
      vertex -8.8260865e-01 -8.8260865e-01 -3.8067394e-01
      vertex -8.8260865e-01 -7.2200412e-01 -4.6983021e-01
    endloop
  endfacet
  facet normal 1.2279116e-01 -7.3105431e-01 -6.7117953e-01
    outer loop
      vertex -8.8260865e-01 -8.8260865e-01 -3.8067394e-01
      vertex -7.5158727e-01 -7.5158727e-01 -4.9941337e-01
      vertex -8.6941862e-01 -8.8260865e-01 -3.7826085e-01
    endloop
  endfacet
  facet normal 1.2279136e-01 -7.3105431e-01 -6.7117941e-01
    outer loop
      vertex -8.6941862e-01 -8.8260865e-01 -3.7826085e-01
      vertex -7.5158727e-01 -7.5158727e-01 -4.9941337e-01
      vertex -6.3043475e-01 -8.4246778e-01 -3.7826085e-01
    endloop
  endfacet
  facet normal 1.4986369e-01 -9.4795924e-01 -2.8091672e-01
    outer loop
      vertex -6.3043475e-01 -8.5346413e-01 -3.4911633e-01
      vertex -6.3043475e-01 -8.8260865e-01 -2.5076753e-01
      vertex -8.6941862e-01 -8.8260865e-01 -3.7826085e-01
    endloop
  endfacet
  facet normal 1.5524565e-01 -9.2427504e-01 -3.4873253e-01
    outer loop
      vertex -6.3043475e-01 -8.5346413e-01 -3.4911633e-01
      vertex -8.6941862e-01 -8.8260865e-01 -3.7826085e-01
      vertex -6.3043475e-01 -8.4246778e-01 -3.7826085e-01
    endloop
  endfacet
  facet normal -6.2353313e-01 -7.5591445e-01 1.9949876e-01
    outer loop
      vertex -8.4770572e-01 -8.4770572e-01 -1.2608695e-01
      vertex -8.8260865e-01 -8.1891525e-01 -1.2608695e-01
      vertex -8.8260865e-01 -8.8260865e-01 -3.6742562e-01
    endloop
  endfacet
  facet normal -3.0885962e-01 -9.3396944e-01 1.7974068e-01
    outer loop
      vertex -8.4770572e-01 -8.4770572e-01 -1.2608695e-01
      vertex -8.8260865e-01 -8.8260865e-01 -3.6742562e-01
      vertex -7.4216175e-01 -8.8260865e-01 -1.2608695e-01
    endloop
  endfacet
  facet normal -3.1403118e-01 -9.4941270e-01 1.6504059e-04
    outer loop
      vertex -8.4769577e-01 -8.4769577e-01 -9.1174006e-02
      vertex -7.4216175e-01 -8.8260865e-01 -1.2608695e-01
      vertex -7.4208790e-01 -8.8260865e-01 1.4433950e-02
    endloop
  endfacet
  facet normal -3.1397298e-01 -9.4943184e-01 3.6020740e-04
    outer loop
      vertex -8.4769577e-01 -8.4769577e-01 -9.1174006e-02
      vertex -8.4770572e-01 -8.4770572e-01 -1.2608695e-01
      vertex -7.4216175e-01 -8.8260865e-01 -1.2608695e-01
    endloop
  endfacet
  facet normal -6.3632441e-01 -7.7142143e-01 4.0136027e-04
    outer loop
      vertex -8.4769577e-01 -8.4769577e-01 -9.1174006e-02
      vertex -8.8260865e-01 -8.1891525e-01 -1.2608695e-01
      vertex -8.4770572e-01 -8.4770572e-01 -1.2608695e-01
    endloop
  endfacet
  facet normal -7.6899499e-01 -5.6094056e-01 3.0658174e-01
    outer loop
      vertex -8.4769577e-01 -8.4769577e-01 -9.1174006e-02
      vertex -8.8260865e-01 -7.4214464e-01 1.4377207e-02
      vertex -8.8260865e-01 -8.1891525e-01 -1.2608695e-01
    endloop
  endfacet
  facet normal -7.0877457e-01 -6.0206926e-01 3.6762932e-01
    outer loop
      vertex -8.8260865e-01 -7.4214464e-01 1.4377207e-02
      vertex -8.4769577e-01 -8.4769577e-01 -9.1174006e-02
      vertex -8.8260865e-01 -6.7393345e-01 1.2608719e-01
    endloop
  endfacet
  facet normal -7.0877445e-01 -6.0206932e-01 3.6762944e-01
    outer loop
      vertex -8.8260865e-01 -6.7393345e-01 1.2608719e-01
      vertex -8.4769577e-01 -8.4769577e-01 -9.1174006e-02
      vertex -7.8676432e-01 -7.8676432e-01 1.2608719e-01
    endloop
  endfacet
  facet normal -6.0196829e-01 -7.0886236e-01 3.6762527e-01
    outer loop
      vertex -7.4208790e-01 -8.8260865e-01 1.4433950e-02
      vertex -6.7390066e-01 -8.8260865e-01 1.2608719e-01
      vertex -8.4769577e-01 -8.4769577e-01 -9.1174006e-02
    endloop
  endfacet
  facet normal -6.0196871e-01 -7.0886189e-01 3.6762568e-01
    outer loop
      vertex -6.7390066e-01 -8.8260865e-01 1.2608719e-01
      vertex -7.8676432e-01 -7.8676432e-01 1.2608719e-01
      vertex -8.4769577e-01 -8.4769577e-01 -9.1174006e-02
    endloop
  endfacet
  facet normal -6.5225106e-01 -7.2297162e-01 2.2777306e-01
    outer loop
      vertex -6.7390066e-01 -8.8260865e-01 1.2608719e-01
      vertex -6.3043475e-01 -8.8260865e-01 2.5055620e-01
      vertex -7.6397163e-01 -7.6397163e-01 2.4472423e-01
    endloop
  endfacet
  facet normal -6.5225106e-01 -7.2297162e-01 2.2777294e-01
    outer loop
      vertex -6.3043475e-01 -8.8260865e-01 2.5055620e-01
      vertex -6.3043475e-01 -8.4237510e-01 3.7826109e-01
      vertex -7.6397163e-01 -7.6397163e-01 2.4472423e-01
    endloop
  endfacet
  facet normal -6.2479252e-01 -7.3573852e-01 2.6138693e-01
    outer loop
      vertex -7.6397163e-01 -7.6397163e-01 2.4472423e-01
      vertex -7.8676432e-01 -7.8676432e-01 1.2608719e-01
      vertex -6.7390066e-01 -8.8260865e-01 1.2608719e-01
    endloop
  endfacet
  facet normal -7.3564827e-01 -6.2489766e-01 2.6138979e-01
    outer loop
      vertex -7.6397163e-01 -7.6397163e-01 2.4472423e-01
      vertex -8.8260865e-01 -6.7393351e-01 1.2608719e-01
      vertex -7.8676432e-01 -7.8676432e-01 1.2608719e-01
    endloop
  endfacet
  facet normal -7.2290641e-01 -6.5229470e-01 2.2785498e-01
    outer loop
      vertex -8.8260865e-01 -6.7393345e-01 1.2608719e-01
      vertex -7.6397163e-01 -7.6397163e-01 2.4472423e-01
      vertex -8.8260865e-01 -6.3043475e-01 2.5061363e-01
    endloop
  endfacet
  facet normal -7.2290641e-01 -6.5229470e-01 2.2785519e-01
    outer loop
      vertex -8.8260865e-01 -6.3043475e-01 2.5061363e-01
      vertex -7.6397163e-01 -7.6397163e-01 2.4472423e-01
      vertex -8.4237504e-01 -6.3043475e-01 3.7826109e-01
    endloop
  endfacet
  facet normal -7.4090910e-01 -6.3966411e-01 2.0465466e-01
    outer loop
      vertex -7.6397163e-01 -7.6397163e-01 2.4472423e-01
      vertex -7.4417627e-01 -7.4417627e-01 3.7826109e-01
      vertex -8.4237504e-01 -6.3043475e-01 3.7826109e-01
    endloop
  endfacet
  facet normal -6.3966435e-01 -7.4090892e-01 2.0465466e-01
    outer loop
      vertex -7.6397163e-01 -7.6397163e-01 2.4472423e-01
      vertex -6.3043475e-01 -8.4237510e-01 3.7826109e-01
      vertex -7.4417627e-01 -7.4417627e-01 3.7826109e-01
    endloop
  endfacet
  facet normal -6.2552786e-01 -6.5388322e-01 4.2561910e-01
    outer loop
      vertex -6.6371173e-01 -6.6371173e-01 5.9715801e-01
      vertex -6.3043475e-01 -7.5490290e-01 5.0596684e-01
      vertex -6.3043475e-01 -6.7388535e-01 6.3043499e-01
    endloop
  endfacet
  facet normal -5.8015800e-01 -6.7198408e-01 4.6027613e-01
    outer loop
      vertex -7.4417627e-01 -7.4417627e-01 3.7826109e-01
      vertex -6.3043475e-01 -8.4237510e-01 3.7826109e-01
      vertex -6.6371173e-01 -6.6371173e-01 5.9715801e-01
    endloop
  endfacet
  facet normal -5.8015764e-01 -6.7198426e-01 4.6027637e-01
    outer loop
      vertex -6.3043475e-01 -8.4237510e-01 3.7826109e-01
      vertex -6.3043475e-01 -7.5490290e-01 5.0596684e-01
      vertex -6.6371173e-01 -6.6371173e-01 5.9715801e-01
    endloop
  endfacet
  facet normal -6.7198426e-01 -5.8015782e-01 4.6027619e-01
    outer loop
      vertex -7.4417627e-01 -7.4417627e-01 3.7826109e-01
      vertex -6.6371173e-01 -6.6371173e-01 5.9715801e-01
      vertex -8.4237504e-01 -6.3043475e-01 3.7826109e-01
    endloop
  endfacet
  facet normal -6.7198426e-01 -5.8015770e-01 4.6027619e-01
    outer loop
      vertex -8.4237504e-01 -6.3043475e-01 3.7826109e-01
      vertex -6.6371173e-01 -6.6371173e-01 5.9715801e-01
      vertex -7.5490284e-01 -6.3043475e-01 5.0596690e-01
    endloop
  endfacet
  facet normal -6.5389043e-01 -6.2551147e-01 4.2563215e-01
    outer loop
      vertex -6.6371173e-01 -6.6371173e-01 5.9715801e-01
      vertex -6.7388374e-01 -6.3043475e-01 6.3043499e-01
      vertex -7.5490284e-01 -6.3043475e-01 5.0596690e-01
    endloop
  endfacet
  facet normal -6.8722802e-01 -6.0785347e-01 3.9778355e-01
    outer loop
      vertex -6.6371173e-01 -6.6371173e-01 5.9715801e-01
      vertex -6.5349072e-01 -6.5349072e-01 6.3043499e-01
      vertex -6.7388374e-01 -6.3043475e-01 6.3043499e-01
    endloop
  endfacet
  facet normal -6.0788018e-01 -6.8720400e-01 3.9778441e-01
    outer loop
      vertex -6.6371173e-01 -6.6371173e-01 5.9715801e-01
      vertex -6.3043475e-01 -6.7388535e-01 6.3043499e-01
      vertex -6.5349072e-01 -6.5349072e-01 6.3043499e-01
    endloop
  endfacet
  facet normal -5.3028893e-01 -5.9948766e-01 5.9950662e-01
    outer loop
      vertex -6.5349072e-01 -6.5349072e-01 6.3043499e-01
      vertex -6.3043475e-01 -6.7388535e-01 6.3043499e-01
      vertex -6.3043475e-01 -6.3043475e-01 6.7388421e-01
    endloop
  endfacet
  facet normal -5.9950894e-01 -5.3026587e-01 5.9950566e-01
    outer loop
      vertex -6.5349072e-01 -6.5349072e-01 6.3043499e-01
      vertex -6.3043475e-01 -6.3043475e-01 6.7388421e-01
      vertex -6.7388374e-01 -6.3043475e-01 6.3043499e-01
    endloop
  endfacet
  facet normal -5.7580525e-01 -4.9438453e-01 -6.5117759e-01
    outer loop
      vertex -6.5349382e-01 -6.3043475e-01 -6.5349382e-01
      vertex -7.1929663e-01 -4.6712276e-01 -7.1929663e-01
      vertex -6.3043475e-01 -6.3043475e-01 -6.7388386e-01
    endloop
  endfacet
  facet normal -5.7580602e-01 -4.9438477e-01 -6.5117663e-01
    outer loop
      vertex -6.3043475e-01 -6.3043475e-01 -6.7388386e-01
      vertex -7.1929663e-01 -4.6712276e-01 -7.1929663e-01
      vertex -6.3043475e-01 -5.1178837e-01 -7.6396227e-01
    endloop
  endfacet
  facet normal -5.6679219e-01 -4.1722989e-01 -7.1039838e-01
    outer loop
      vertex -7.1929663e-01 -4.6712276e-01 -7.1929663e-01
      vertex -6.3043475e-01 -3.7826085e-01 -8.4238541e-01
      vertex -6.3043475e-01 -5.1178837e-01 -7.6396227e-01
    endloop
  endfacet
  facet normal -6.0766834e-01 -3.6753297e-01 -7.0403033e-01
    outer loop
      vertex -7.1929663e-01 -4.6712276e-01 -7.1929663e-01
      vertex -7.4419540e-01 -3.7826085e-01 -7.4419540e-01
      vertex -6.3043475e-01 -3.7826085e-01 -8.4238541e-01
    endloop
  endfacet
  facet normal -7.0403033e-01 -3.6753297e-01 -6.0766834e-01
    outer loop
      vertex -7.1929663e-01 -4.6712276e-01 -7.1929663e-01
      vertex -8.4238541e-01 -3.7826085e-01 -6.3043475e-01
      vertex -7.4419540e-01 -3.7826085e-01 -7.4419540e-01
    endloop
  endfacet
  facet normal -7.1033734e-01 -4.1662157e-01 -5.6731594e-01
    outer loop
      vertex -7.1929663e-01 -4.6712276e-01 -7.1929663e-01
      vertex -7.6403010e-01 -5.1185620e-01 -6.3043475e-01
      vertex -8.4238541e-01 -3.7826085e-01 -6.3043475e-01
    endloop
  endfacet
  facet normal -6.5062398e-01 -4.9440604e-01 -5.7641220e-01
    outer loop
      vertex -6.5349382e-01 -6.3043475e-01 -6.5349382e-01
      vertex -6.7392272e-01 -6.3043475e-01 -6.3043475e-01
      vertex -7.1929663e-01 -4.6712276e-01 -7.1929663e-01
    endloop
  endfacet
  facet normal -6.5062338e-01 -4.9440622e-01 -5.7641280e-01
    outer loop
      vertex -6.7392272e-01 -6.3043475e-01 -6.3043475e-01
      vertex -7.6403010e-01 -5.1185620e-01 -6.3043475e-01
      vertex -7.1929663e-01 -4.6712276e-01 -7.1929663e-01
    endloop
  endfacet
  facet normal -6.5414077e-01 -5.6995511e-01 -4.9724337e-01
    outer loop
      vertex -8.0330414e-01 -5.5113024e-01 -5.5113024e-01
      vertex -6.7392272e-01 -6.3043475e-01 -6.3043475e-01
      vertex -7.6404703e-01 -6.3043475e-01 -5.1187313e-01
    endloop
  endfacet
  facet normal -6.5413296e-01 -4.9707305e-01 -5.7011259e-01
    outer loop
      vertex -8.0330414e-01 -5.5113024e-01 -5.5113024e-01
      vertex -7.6403010e-01 -5.1185620e-01 -6.3043475e-01
      vertex -6.7392272e-01 -6.3043475e-01 -6.3043475e-01
    endloop
  endfacet
  facet normal -7.1404803e-01 -4.1879791e-01 -5.6102020e-01
    outer loop
      vertex -7.6403010e-01 -5.1185620e-01 -6.3043475e-01
      vertex -8.0330414e-01 -5.5113024e-01 -5.5113024e-01
      vertex -8.4238541e-01 -3.7826085e-01 -6.3043475e-01
    endloop
  endfacet
  facet normal -7.1404761e-01 -4.1879806e-01 -5.6102067e-01
    outer loop
      vertex -8.4238541e-01 -3.7826085e-01 -6.3043475e-01
      vertex -8.0330414e-01 -5.5113024e-01 -5.5113024e-01
      vertex -8.6008334e-01 -3.7826085e-01 -6.0790944e-01
    endloop
  endfacet
  facet normal -7.9327846e-01 -4.0876505e-01 -4.5124328e-01
    outer loop
      vertex -8.8260865e-01 -4.7797912e-01 -4.7797912e-01
      vertex -8.8260865e-01 -3.7826085e-01 -5.6831032e-01
      vertex -8.0330414e-01 -5.5113024e-01 -5.5113024e-01
    endloop
  endfacet
  facet normal -7.9327834e-01 -4.0876499e-01 -4.5124337e-01
    outer loop
      vertex -8.8260865e-01 -3.7826085e-01 -5.6831032e-01
      vertex -8.6008334e-01 -3.7826085e-01 -6.0790944e-01
      vertex -8.0330414e-01 -5.5113024e-01 -5.5113024e-01
    endloop
  endfacet
  facet normal -6.6894329e-01 1.7884115e-02 -7.4309832e-01
    outer loop
      vertex -8.0330414e-01 -5.5113024e-01 -5.5113024e-01
      vertex -8.8260865e-01 -6.3043475e-01 -4.8164827e-01
      vertex -8.8260865e-01 -4.7797912e-01 -4.7797912e-01
    endloop
  endfacet
  facet normal -2.1164225e-01 -5.1572955e-01 -8.3019912e-01
    outer loop
      vertex -8.0330414e-01 -5.5113024e-01 -5.5113024e-01
      vertex -7.6404703e-01 -6.3043475e-01 -5.1187313e-01
      vertex -8.8260865e-01 -6.3043475e-01 -4.8164827e-01
    endloop
  endfacet
  facet normal -4.6158522e-01 -7.9753011e-01 3.8843882e-01
    outer loop
      vertex -8.4322923e-01 -5.9105533e-01 3.7826109e-01
      vertex -8.8260865e-01 -5.6826377e-01 3.7826109e-01
      vertex -8.8260865e-01 -6.3043475e-01 2.5061363e-01
    endloop
  endfacet
  facet normal -9.5354182e-01 -2.0683644e-02 3.0054989e-01
    outer loop
      vertex -8.4322923e-01 -5.9105533e-01 3.7826109e-01
      vertex -8.8260865e-01 -6.3043475e-01 2.5061363e-01
      vertex -8.4237504e-01 -6.3043475e-01 3.7826109e-01
    endloop
  endfacet
  facet normal -7.1829456e-01 -4.9192730e-01 4.9199644e-01
    outer loop
      vertex -8.4237117e-01 -5.9019727e-01 4.1849858e-01
      vertex -8.4237504e-01 -6.3043475e-01 3.7826109e-01
      vertex -7.5490284e-01 -6.3043475e-01 5.0596690e-01
    endloop
  endfacet
  facet normal -9.9952775e-01 -2.1681143e-02 2.1777384e-02
    outer loop
      vertex -8.4237117e-01 -5.9019727e-01 4.1849858e-01
      vertex -8.4322923e-01 -5.9105533e-01 3.7826109e-01
      vertex -8.4237504e-01 -6.3043475e-01 3.7826109e-01
    endloop
  endfacet
  facet normal -5.0070781e-01 -8.6512625e-01 2.9126547e-02
    outer loop
      vertex -8.4237117e-01 -5.9019727e-01 4.1849858e-01
      vertex -8.8260865e-01 -5.6826377e-01 3.7826109e-01
      vertex -8.4322923e-01 -5.9105533e-01 3.7826109e-01
    endloop
  endfacet
  facet normal -7.3766029e-01 -4.7741881e-01 4.7741881e-01
    outer loop
      vertex -8.8260865e-01 -5.6826377e-01 3.7826109e-01
      vertex -8.4237117e-01 -5.9019727e-01 4.1849858e-01
      vertex -8.8260865e-01 -3.7826085e-01 5.6826401e-01
    endloop
  endfacet
  facet normal -7.3766029e-01 -4.7741884e-01 4.7741878e-01
    outer loop
      vertex -8.8260865e-01 -3.7826085e-01 5.6826401e-01
      vertex -8.4237117e-01 -5.9019727e-01 4.1849858e-01
      vertex -8.4237117e-01 -3.7826085e-01 6.3043499e-01
    endloop
  endfacet
  facet normal -7.6914525e-01 -4.5189351e-01 4.5189351e-01
    outer loop
      vertex -8.4237117e-01 -5.9019727e-01 4.1849858e-01
      vertex -7.6393574e-01 -5.1176184e-01 6.3043499e-01
      vertex -8.4237117e-01 -3.7826085e-01 6.3043499e-01
    endloop
  endfacet
  facet normal -7.0719236e-01 -5.3663528e-01 4.6032757e-01
    outer loop
      vertex -7.5490284e-01 -6.3043475e-01 5.0596690e-01
      vertex -6.7388374e-01 -6.3043475e-01 6.3043499e-01
      vertex -8.4237117e-01 -5.9019727e-01 4.1849858e-01
    endloop
  endfacet
  facet normal -7.0719236e-01 -5.3663546e-01 4.6032748e-01
    outer loop
      vertex -6.7388374e-01 -6.3043475e-01 6.3043499e-01
      vertex -7.6393574e-01 -5.1176184e-01 6.3043499e-01
      vertex -8.4237117e-01 -5.9019727e-01 4.1849858e-01
    endloop
  endfacet
  facet normal -6.4233583e-01 -4.1810742e-01 6.4233232e-01
    outer loop
      vertex -6.7388374e-01 -6.3043475e-01 6.3043499e-01
      vertex -6.3043475e-01 -6.3043475e-01 6.7388421e-01
      vertex -6.3043475e-01 -5.0596666e-01 7.5490308e-01
    endloop
  endfacet
  facet normal -5.9726626e-01 -4.5322075e-01 6.6171283e-01
    outer loop
      vertex -6.7388374e-01 -6.3043475e-01 6.3043499e-01
      vertex -6.3043475e-01 -5.0596666e-01 7.5490308e-01
      vertex -7.6393574e-01 -5.1176184e-01 6.3043499e-01
    endloop
  endfacet
  facet normal -5.9726626e-01 -4.5322073e-01 6.6171288e-01
    outer loop
      vertex -6.3043475e-01 -5.0596666e-01 7.5490308e-01
      vertex -6.3043475e-01 -3.7826085e-01 8.4237140e-01
      vertex -7.6393574e-01 -5.1176184e-01 6.3043499e-01
    endloop
  endfacet
  facet normal -6.5299702e-01 -3.8365328e-01 6.5299702e-01
    outer loop
      vertex -7.6393574e-01 -5.1176184e-01 6.3043499e-01
      vertex -6.3043475e-01 -3.7826085e-01 8.4237140e-01
      vertex -8.4237117e-01 -3.7826085e-01 6.3043499e-01
    endloop
  endfacet
  facet normal -5.3691024e-01 -2.2676191e-01 -8.1259239e-01
    outer loop
      vertex -6.4834291e-01 -1.4399509e-01 -9.0051681e-01
      vertex -6.3043475e-01 -1.5324612e-01 -9.0976781e-01
      vertex -6.3043475e-01 -2.5056988e-01 -8.8260865e-01
    endloop
  endfacet
  facet normal -5.2545017e-01 -1.8719375e-01 -8.2997620e-01
    outer loop
      vertex -6.4834291e-01 -1.4399509e-01 -9.0051681e-01
      vertex -6.3043475e-01 -1.2608695e-01 -9.1589332e-01
      vertex -6.3043475e-01 -1.5324612e-01 -9.0976781e-01
    endloop
  endfacet
  facet normal -5.2990413e-01 -1.8141000e-01 -8.2842743e-01
    outer loop
      vertex -6.4834291e-01 -1.4399509e-01 -9.0051681e-01
      vertex -6.5073460e-01 -1.2608695e-01 -9.0290850e-01
      vertex -6.3043475e-01 -1.2608695e-01 -9.1589332e-01
    endloop
  endfacet
  facet normal -6.4472347e-01 -1.8515551e-01 -7.4165303e-01
    outer loop
      vertex -6.4834291e-01 -1.4399509e-01 -9.0051681e-01
      vertex -6.7408639e-01 -1.2608695e-01 -8.8260865e-01
      vertex -6.5073460e-01 -1.2608695e-01 -9.0290850e-01
    endloop
  endfacet
  facet normal -6.5025955e-01 -2.0255519e-01 -7.3221165e-01
    outer loop
      vertex -6.4834291e-01 -1.4399509e-01 -9.0051681e-01
      vertex -6.6371852e-01 -1.5937075e-01 -8.8260865e-01
      vertex -6.7408639e-01 -1.2608695e-01 -8.8260865e-01
    endloop
  endfacet
  facet normal -6.3162118e-01 -2.3051463e-01 -7.4021459e-01
    outer loop
      vertex -6.4834291e-01 -1.4399509e-01 -9.0051681e-01
      vertex -6.3043475e-01 -2.5056988e-01 -8.8260865e-01
      vertex -6.6371852e-01 -1.5937075e-01 -8.8260865e-01
    endloop
  endfacet
  facet normal -6.2824869e-01 -2.7477732e-01 -7.2787428e-01
    outer loop
      vertex -7.4419540e-01 -3.7826085e-01 -7.4419540e-01
      vertex -7.6751554e-01 -2.6316774e-01 -7.6751554e-01
      vertex -6.3043475e-01 -3.7826085e-01 -8.4238541e-01
    endloop
  endfacet
  facet normal -6.2824827e-01 -2.7477622e-01 -7.2787511e-01
    outer loop
      vertex -6.3043475e-01 -3.7826085e-01 -8.4238541e-01
      vertex -7.6751554e-01 -2.6316774e-01 -7.6751554e-01
      vertex -6.3043475e-01 -3.4906077e-01 -8.5340858e-01
    endloop
  endfacet
  facet normal -6.1446559e-01 -2.2425358e-01 -7.5640094e-01
    outer loop
      vertex -6.6371852e-01 -1.5937075e-01 -8.8260865e-01
      vertex -6.3043475e-01 -2.5056988e-01 -8.8260865e-01
      vertex -7.6751554e-01 -2.6316774e-01 -7.6751554e-01
    endloop
  endfacet
  facet normal -6.1446548e-01 -2.2425386e-01 -7.5640088e-01
    outer loop
      vertex -6.3043475e-01 -2.5056988e-01 -8.8260865e-01
      vertex -6.3043475e-01 -3.4906077e-01 -8.5340858e-01
      vertex -7.6751554e-01 -2.6316774e-01 -7.6751554e-01
    endloop
  endfacet
  facet normal -6.3296247e-01 -1.9716717e-01 -7.4865454e-01
    outer loop
      vertex -6.6371852e-01 -1.5937075e-01 -8.8260865e-01
      vertex -7.6751554e-01 -2.6316774e-01 -7.6751554e-01
      vertex -6.7408639e-01 -1.2608695e-01 -8.8260865e-01
    endloop
  endfacet
  facet normal -6.3296235e-01 -1.9716734e-01 -7.4865460e-01
    outer loop
      vertex -6.7408639e-01 -1.2608695e-01 -8.8260865e-01
      vertex -7.6751554e-01 -2.6316774e-01 -7.6751554e-01
      vertex -7.8707802e-01 -1.2608695e-01 -7.8707802e-01
    endloop
  endfacet
  facet normal -7.4862158e-01 -1.9716816e-01 -6.3300115e-01
    outer loop
      vertex -8.8260865e-01 -1.5938027e-01 -6.6372806e-01
      vertex -8.8260865e-01 -1.2608695e-01 -6.7409831e-01
      vertex -7.6751554e-01 -2.6316774e-01 -7.6751554e-01
    endloop
  endfacet
  facet normal -7.4862152e-01 -1.9716817e-01 -6.3300115e-01
    outer loop
      vertex -8.8260865e-01 -1.2608695e-01 -6.7409831e-01
      vertex -7.8707802e-01 -1.2608695e-01 -7.8707802e-01
      vertex -7.6751554e-01 -2.6316774e-01 -7.6751554e-01
    endloop
  endfacet
  facet normal -7.5637913e-01 -2.2429433e-01 -6.1447757e-01
    outer loop
      vertex -8.8260865e-01 -1.5938027e-01 -6.6372806e-01
      vertex -7.6751554e-01 -2.6316774e-01 -7.6751554e-01
      vertex -8.8260865e-01 -2.5059074e-01 -6.3043475e-01
    endloop
  endfacet
  facet normal -7.5637907e-01 -2.2429433e-01 -6.1447757e-01
    outer loop
      vertex -8.8260865e-01 -2.5059074e-01 -6.3043475e-01
      vertex -7.6751554e-01 -2.6316774e-01 -7.6751554e-01
      vertex -8.5340863e-01 -3.4906083e-01 -6.3043475e-01
    endloop
  endfacet
  facet normal -7.2787428e-01 -2.7477732e-01 -6.2824869e-01
    outer loop
      vertex -7.4419540e-01 -3.7826085e-01 -7.4419540e-01
      vertex -8.4238541e-01 -3.7826085e-01 -6.3043475e-01
      vertex -7.6751554e-01 -2.6316774e-01 -7.6751554e-01
    endloop
  endfacet
  facet normal -7.2787392e-01 -2.7477780e-01 -6.2824887e-01
    outer loop
      vertex -8.4238541e-01 -3.7826085e-01 -6.3043475e-01
      vertex -8.5340863e-01 -3.4906083e-01 -6.3043475e-01
      vertex -7.6751554e-01 -2.6316774e-01 -7.6751554e-01
    endloop
  endfacet
  facet normal -7.8150076e-01 -1.1062776e-01 -6.1401802e-01
    outer loop
      vertex -8.6173785e-01 -3.5739002e-01 -6.0956395e-01
      vertex -8.4238541e-01 -3.7826085e-01 -6.3043475e-01
      vertex -8.6008334e-01 -3.7826085e-01 -6.0790944e-01
    endloop
  endfacet
  facet normal -8.3196884e-01 -3.1407443e-01 -4.5736751e-01
    outer loop
      vertex -8.6173785e-01 -3.5739002e-01 -6.0956395e-01
      vertex -8.5340863e-01 -3.4906083e-01 -6.3043475e-01
      vertex -8.4238541e-01 -3.7826085e-01 -6.3043475e-01
    endloop
  endfacet
  facet normal -8.5886282e-01 -2.5468454e-01 -4.4439903e-01
    outer loop
      vertex -8.6173785e-01 -3.5739002e-01 -6.0956395e-01
      vertex -8.8260865e-01 -2.5059074e-01 -6.3043475e-01
      vertex -8.5340863e-01 -3.4906083e-01 -6.3043475e-01
    endloop
  endfacet
  facet normal -7.7595687e-01 -2.6362517e-01 -5.7305557e-01
    outer loop
      vertex -8.6173785e-01 -3.5739002e-01 -6.0956395e-01
      vertex -8.8260865e-01 -3.3803397e-01 -5.9020787e-01
      vertex -8.8260865e-01 -2.5059074e-01 -6.3043475e-01
    endloop
  endfacet
  facet normal -7.8279895e-01 -2.9751274e-01 -5.4654545e-01
    outer loop
      vertex -8.6173785e-01 -3.5739002e-01 -6.0956395e-01
      vertex -8.8260865e-01 -3.7826085e-01 -5.6831032e-01
      vertex -8.8260865e-01 -3.3803397e-01 -5.9020787e-01
    endloop
  endfacet
  facet normal -8.6417842e-01 -1.0747533e-01 -4.9157375e-01
    outer loop
      vertex -8.6173785e-01 -3.5739002e-01 -6.0956395e-01
      vertex -8.6008334e-01 -3.7826085e-01 -6.0790944e-01
      vertex -8.8260865e-01 -3.7826085e-01 -5.6831032e-01
    endloop
  endfacet
  facet normal -3.3968681e-01 8.2574987e-01 4.5027763e-01
    outer loop
      vertex -6.3043475e-01 -1.8320049e-01 6.8973586e-02
      vertex -7.0826799e-01 -2.0392020e-01 4.8253864e-02
      vertex -6.3043475e-01 -2.1434428e-01 1.2608719e-01
    endloop
  endfacet
  facet normal -3.5135850e-01 6.0741806e-01 7.1245384e-01
    outer loop
      vertex -6.3043475e-01 -1.2608695e-01 2.0280190e-02
      vertex -7.0826799e-01 -2.0392020e-01 4.8253864e-02
      vertex -6.3043475e-01 -1.8320049e-01 6.8973586e-02
    endloop
  endfacet
  facet normal 5.8410090e-01 -3.1528562e-01 7.4794459e-01
    outer loop
      vertex -6.8984544e-01 -1.2608695e-01 6.6676460e-02
      vertex -7.0826799e-01 -2.0392020e-01 4.8253864e-02
      vertex -6.3043475e-01 -1.2608695e-01 2.0280190e-02
    endloop
  endfacet
  facet normal 9.2429918e-01 -2.8013137e-01 2.5922471e-01
    outer loop
      vertex -7.0650750e-01 -1.2608695e-01 1.2608719e-01
      vertex -7.0826799e-01 -2.0392020e-01 4.8253864e-02
      vertex -6.8984544e-01 -1.2608695e-01 6.6676460e-02
    endloop
  endfacet
  facet normal 9.9973589e-01 -2.2978451e-02 3.6577613e-04
    outer loop
      vertex -7.0829713e-01 -2.0394933e-01 1.2608719e-01
      vertex -7.0826799e-01 -2.0392020e-01 4.8253864e-02
      vertex -7.0650750e-01 -1.2608695e-01 1.2608719e-01
    endloop
  endfacet
  facet normal 1.3233000e-01 9.9120563e-01 4.2054022e-04
    outer loop
      vertex -6.3043475e-01 -2.1434428e-01 1.2608719e-01
      vertex -7.0826799e-01 -2.0392020e-01 4.8253864e-02
      vertex -7.0829713e-01 -2.0394933e-01 1.2608719e-01
    endloop
  endfacet
  facet normal 1.4622101e-01 9.7476089e-01 -1.6870321e-01
    outer loop
      vertex -6.3043475e-01 -1.5553458e-01 3.4881347e-01
      vertex -6.5536076e-01 -1.5101294e-01 3.5333508e-01
      vertex -6.3043475e-01 -1.5043804e-01 3.7826109e-01
    endloop
  endfacet
  facet normal 1.2801810e-01 9.5890760e-01 -2.5319451e-01
    outer loop
      vertex -7.0829713e-01 -2.0394933e-01 1.2608719e-01
      vertex -6.5536076e-01 -1.5101294e-01 3.5333508e-01
      vertex -6.3043475e-01 -2.1434428e-01 1.2608719e-01
    endloop
  endfacet
  facet normal 1.2801839e-01 9.5890760e-01 -2.5319451e-01
    outer loop
      vertex -6.5536076e-01 -1.5101294e-01 3.5333508e-01
      vertex -6.3043475e-01 -1.5553458e-01 3.4881347e-01
      vertex -6.3043475e-01 -2.1434428e-01 1.2608719e-01
    endloop
  endfacet
  facet normal 9.7482091e-01 -2.2405792e-02 -2.2186084e-01
    outer loop
      vertex -7.0829713e-01 -2.0394933e-01 1.2608719e-01
      vertex -7.0650750e-01 -1.2608695e-01 1.2608719e-01
      vertex -6.5536076e-01 -1.5101294e-01 3.5333508e-01
    endloop
  endfacet
  facet normal 9.7482091e-01 -2.2405759e-02 -2.2186083e-01
    outer loop
      vertex -6.5536076e-01 -1.5101294e-01 3.5333508e-01
      vertex -7.0650750e-01 -1.2608695e-01 1.2608719e-01
      vertex -6.5461904e-01 -1.2608695e-01 3.5407680e-01
    endloop
  endfacet
  facet normal 9.9905181e-01 -3.0648798e-02 3.0921126e-02
    outer loop
      vertex -6.5536755e-01 -1.2608695e-01 3.7826109e-01
      vertex -6.5536076e-01 -1.5101294e-01 3.5333508e-01
      vertex -6.5461904e-01 -1.2608695e-01 3.5407680e-01
    endloop
  endfacet
  facet normal 8.8184220e-01 -3.3331224e-01 3.3355242e-01
    outer loop
      vertex -6.7051786e-01 -1.6617003e-01 3.7826109e-01
      vertex -6.5536076e-01 -1.5101294e-01 3.5333508e-01
      vertex -6.5536755e-01 -1.2608695e-01 3.7826109e-01
    endloop
  endfacet
  facet normal -3.4549418e-01 8.8027525e-01 3.2519120e-01
    outer loop
      vertex -6.3043475e-01 -1.5043804e-01 3.7826109e-01
      vertex -6.5536076e-01 -1.5101294e-01 3.5333508e-01
      vertex -6.7051786e-01 -1.6617003e-01 3.7826109e-01
    endloop
  endfacet
  facet normal -2.4795863e-01 6.3176697e-01 -7.3442972e-01
    outer loop
      vertex -6.3043475e-01 -1.2608695e-01 3.9920825e-01
      vertex -6.3043475e-01 -1.5043804e-01 3.7826109e-01
      vertex -6.7051786e-01 -1.6617003e-01 3.7826109e-01
    endloop
  endfacet
  facet normal 6.2504768e-01 -2.3625094e-01 -7.4397635e-01
    outer loop
      vertex -6.3043475e-01 -1.2608695e-01 3.9920825e-01
      vertex -6.7051786e-01 -1.6617003e-01 3.7826109e-01
      vertex -6.5536755e-01 -1.2608695e-01 3.7826109e-01
    endloop
  endfacet
  facet normal -7.6748168e-01 -2.8062123e-01 5.7638848e-01
    outer loop
      vertex -8.4841865e-01 -3.4407085e-01 6.3043499e-01
      vertex -8.8260865e-01 -2.5056332e-01 6.3043499e-01
      vertex -8.8260865e-01 -3.7826085e-01 5.6826401e-01
    endloop
  endfacet
  facet normal -8.3040816e-01 -1.4688163e-01 5.3744590e-01
    outer loop
      vertex -8.4841865e-01 -3.4407085e-01 6.3043499e-01
      vertex -8.8260865e-01 -3.7826085e-01 5.6826401e-01
      vertex -8.4237117e-01 -3.7826085e-01 6.3043499e-01
    endloop
  endfacet
  facet normal -6.9018787e-01 -2.1744286e-01 6.9018787e-01
    outer loop
      vertex -8.4237117e-01 -3.7826085e-01 6.3043499e-01
      vertex -6.3043475e-01 -3.7826085e-01 8.4237140e-01
      vertex -7.5489038e-01 -2.5054258e-01 7.5815326e-01
    endloop
  endfacet
  facet normal -6.9018787e-01 -2.1744289e-01 6.9018787e-01
    outer loop
      vertex -6.3043475e-01 -3.7826085e-01 8.4237140e-01
      vertex -6.3043475e-01 -2.5054261e-01 8.8260889e-01
      vertex -7.5489038e-01 -2.5054258e-01 7.5815326e-01
    endloop
  endfacet
  facet normal -7.5079030e-01 -1.3279893e-01 6.4705360e-01
    outer loop
      vertex -7.5489038e-01 -2.5054258e-01 7.5815326e-01
      vertex -8.4841865e-01 -3.4407085e-01 6.3043499e-01
      vertex -8.4237117e-01 -3.7826085e-01 6.3043499e-01
    endloop
  endfacet
  facet normal -6.8457657e-01 -2.5030789e-01 6.8461728e-01
    outer loop
      vertex -7.5489038e-01 -2.5054258e-01 7.5815326e-01
      vertex -8.8260865e-01 -2.5056332e-01 6.3043499e-01
      vertex -8.4841865e-01 -3.4407085e-01 6.3043499e-01
    endloop
  endfacet
  facet normal -6.8630362e-01 -2.4066775e-01 6.8634272e-01
    outer loop
      vertex -8.8260865e-01 -2.5056332e-01 6.3043499e-01
      vertex -7.5489038e-01 -2.5054258e-01 7.5815326e-01
      vertex -8.8260865e-01 -1.2608695e-01 6.7408293e-01
    endloop
  endfacet
  facet normal -6.8630362e-01 -2.4066761e-01 6.8634290e-01
    outer loop
      vertex -8.8260865e-01 -1.2608695e-01 6.7408293e-01
      vertex -7.5489038e-01 -2.5054258e-01 7.5815326e-01
      vertex -6.7407078e-01 -1.2608695e-01 8.8260889e-01
    endloop
  endfacet
  facet normal -7.0353031e-01 -2.1916461e-01 6.7602658e-01
    outer loop
      vertex -7.5489038e-01 -2.5054258e-01 7.5815326e-01
      vertex -6.6370606e-01 -1.5935825e-01 8.8260889e-01
      vertex -6.7407078e-01 -1.2608695e-01 8.8260889e-01
    endloop
  endfacet
  facet normal -6.8468469e-01 -2.4982744e-01 6.8468463e-01
    outer loop
      vertex -7.5489038e-01 -2.5054258e-01 7.5815326e-01
      vertex -6.3043475e-01 -2.5054261e-01 8.8260889e-01
      vertex -6.6370606e-01 -1.5935825e-01 8.8260889e-01
    endloop
  endfacet
  facet normal -5.7774138e-01 -2.1080603e-01 7.8852755e-01
    outer loop
      vertex -6.6370606e-01 -1.5935825e-01 8.8260889e-01
      vertex -6.3043475e-01 -2.5054261e-01 8.8260889e-01
      vertex -6.3043475e-01 -1.2608695e-01 9.1588104e-01
    endloop
  endfacet
  facet normal -5.9580344e-01 -1.8560535e-01 7.8138912e-01
    outer loop
      vertex -6.6370606e-01 -1.5935825e-01 8.8260889e-01
      vertex -6.3043475e-01 -1.2608695e-01 9.1588104e-01
      vertex -6.7407078e-01 -1.2608695e-01 8.8260889e-01
    endloop
  endfacet
  facet normal -5.3745455e-01 -7.1789220e-02 -8.4023142e-01
    outer loop
      vertex -6.5073460e-01 -1.2608695e-01 -9.0290850e-01
      vertex -6.6221881e-01 9.4303086e-02 -9.1439271e-01
      vertex -6.3043475e-01 -1.2608695e-01 -9.1589332e-01
    endloop
  endfacet
  facet normal -5.3745520e-01 -7.1789324e-02 -8.4023106e-01
    outer loop
      vertex -6.3043475e-01 -1.2608695e-01 -9.1589332e-01
      vertex -6.6221881e-01 9.4303086e-02 -9.1439271e-01
      vertex -6.3043475e-01 7.5572699e-02 -9.3312311e-01
    endloop
  endfacet
  facet normal -5.2835864e-01 -4.8976664e-02 -8.4760749e-01
    outer loop
      vertex -6.6221881e-01 9.4303086e-02 -9.1439271e-01
      vertex -6.3043475e-01 1.2608719e-01 -9.3604195e-01
      vertex -6.3043475e-01 7.5572699e-02 -9.3312311e-01
    endloop
  endfacet
  facet normal -5.0993598e-01 -7.3823214e-02 -8.5703874e-01
    outer loop
      vertex -6.6221881e-01 9.4303086e-02 -9.1439271e-01
      vertex -6.6393530e-01 1.2608719e-01 -9.1610920e-01
      vertex -6.3043475e-01 1.2608719e-01 -9.3604195e-01
    endloop
  endfacet
  facet normal -6.0821366e-01 -7.5519592e-02 -7.9017270e-01
    outer loop
      vertex -6.6221881e-01 9.4303086e-02 -9.1439271e-01
      vertex -7.0745820e-01 1.2608719e-01 -8.8260865e-01
      vertex -6.6393530e-01 1.2608719e-01 -9.1610920e-01
    endloop
  endfacet
  facet normal -6.2563539e-01 -1.1959546e-01 -7.7089381e-01
    outer loop
      vertex -6.6221881e-01 9.4303086e-02 -9.1439271e-01
      vertex -6.9509739e-01 6.1424509e-02 -8.8260865e-01
      vertex -7.0745820e-01 1.2608719e-01 -8.8260865e-01
    endloop
  endfacet
  facet normal -6.5430170e-01 -7.3315322e-02 -7.5267130e-01
    outer loop
      vertex -6.5073460e-01 -1.2608695e-01 -9.0290850e-01
      vertex -6.7408639e-01 -1.2608695e-01 -8.8260865e-01
      vertex -6.6221881e-01 9.4303086e-02 -9.1439271e-01
    endloop
  endfacet
  facet normal -6.5430051e-01 -7.3315546e-02 -7.5267231e-01
    outer loop
      vertex -6.7408639e-01 -1.2608695e-01 -8.8260865e-01
      vertex -6.9509739e-01 6.1424509e-02 -8.8260865e-01
      vertex -6.6221881e-01 9.4303086e-02 -9.1439271e-01
    endloop
  endfacet
  facet normal -6.4563626e-01 -7.6502860e-05 -7.6364511e-01
    outer loop
      vertex -7.8708321e-01 -3.0561432e-02 -7.8708321e-01
      vertex -6.7408639e-01 -1.2608695e-01 -8.8260865e-01
      vertex -7.8707802e-01 -1.2608695e-01 -7.8707802e-01
    endloop
  endfacet
  facet normal -6.8052942e-01 -7.6254547e-02 -7.2874200e-01
    outer loop
      vertex -7.8708321e-01 -3.0561432e-02 -7.8708321e-01
      vertex -6.9509739e-01 6.1424509e-02 -8.8260865e-01
      vertex -6.7408639e-01 -1.2608695e-01 -8.8260865e-01
    endloop
  endfacet
  facet normal -6.5202308e-01 -1.2463965e-01 -7.4788427e-01
    outer loop
      vertex -6.9509739e-01 6.1424509e-02 -8.8260865e-01
      vertex -7.8708321e-01 -3.0561432e-02 -7.8708321e-01
      vertex -7.0745820e-01 1.2608719e-01 -8.8260865e-01
    endloop
  endfacet
  facet normal -6.5202272e-01 -1.2464003e-01 -7.4788451e-01
    outer loop
      vertex -7.0745820e-01 1.2608719e-01 -8.8260865e-01
      vertex -7.8708321e-01 -3.0561432e-02 -7.8708321e-01
      vertex -8.0103034e-01 1.2608719e-01 -8.0103034e-01
    endloop
  endfacet
  facet normal -6.5570843e-01 -1.2468035e-01 -7.4464834e-01
    outer loop
      vertex -8.8260865e-01 4.1490592e-02 -7.1503127e-01
      vertex -8.8260865e-01 1.2608719e-01 -7.2919571e-01
      vertex -7.8708321e-01 -3.0561432e-02 -7.8708321e-01
    endloop
  endfacet
  facet normal -6.5570813e-01 -1.2468004e-01 -7.4464881e-01
    outer loop
      vertex -8.8260865e-01 1.2608719e-01 -7.2919571e-01
      vertex -8.0103034e-01 1.2608719e-01 -8.0103034e-01
      vertex -7.8708321e-01 -3.0561432e-02 -7.8708321e-01
    endloop
  endfacet
  facet normal -6.7373008e-01 -1.7534944e-01 -7.1787214e-01
    outer loop
      vertex -7.8708321e-01 -3.0561432e-02 -7.8708321e-01
      vertex -8.8260865e-01 -1.2608695e-01 -6.7409831e-01
      vertex -8.8260865e-01 4.1490592e-02 -7.1503127e-01
    endloop
  endfacet
  facet normal -7.6361150e-01 -7.6503195e-05 -6.4567596e-01
    outer loop
      vertex -7.8708321e-01 -3.0561432e-02 -7.8708321e-01
      vertex -7.8707802e-01 -1.2608695e-01 -7.8707802e-01
      vertex -8.8260865e-01 -1.2608695e-01 -6.7409831e-01
    endloop
  endfacet
  facet normal 6.1549300e-01 -3.0462822e-08 7.8814232e-01
    outer loop
      vertex -6.8984544e-01 -1.2608695e-01 6.6676460e-02
      vertex -6.3043475e-01 -1.2608695e-01 2.0280190e-02
      vertex -6.8984544e-01 6.6676468e-02 6.6676468e-02
    endloop
  endfacet
  facet normal 6.1549294e-01 -4.2205258e-08 7.8814232e-01
    outer loop
      vertex -6.8984544e-01 6.6676468e-02 6.6676468e-02
      vertex -6.3043475e-01 -1.2608695e-01 2.0280190e-02
      vertex -6.3043475e-01 2.0280197e-02 2.0280197e-02
    endloop
  endfacet
  facet normal 6.1549306e-01 5.5498393e-08 7.8814238e-01
    outer loop
      vertex -6.3043475e-01 1.2608719e-01 2.0280190e-02
      vertex -6.8984544e-01 6.6676468e-02 6.6676468e-02
      vertex -6.3043475e-01 2.0280197e-02 2.0280197e-02
    endloop
  endfacet
  facet normal 6.1556113e-01 -1.0964442e-04 7.8808910e-01
    outer loop
      vertex -6.8984079e-01 1.2608719e-01 6.6681102e-02
      vertex -6.8984544e-01 6.6676468e-02 6.6676468e-02
      vertex -6.3043475e-01 1.2608719e-01 2.0280190e-02
    endloop
  endfacet
  facet normal 9.6285689e-01 -9.6390628e-05 2.7001220e-01
    outer loop
      vertex -7.0649993e-01 1.2608719e-01 1.2608719e-01
      vertex -6.8984544e-01 6.6676468e-02 6.6676468e-02
      vertex -6.8984079e-01 1.2608719e-01 6.6681102e-02
    endloop
  endfacet
  facet normal 9.6285701e-01 -9.5811134e-05 2.7001166e-01
    outer loop
      vertex -7.0650750e-01 5.0014339e-02 1.2608719e-01
      vertex -6.8984544e-01 6.6676468e-02 6.6676468e-02
      vertex -7.0649993e-01 1.2608719e-01 1.2608719e-01
    endloop
  endfacet
  facet normal 9.6285009e-01 -1.0437296e-08 2.7003655e-01
    outer loop
      vertex -6.8984544e-01 -1.2608695e-01 6.6676460e-02
      vertex -6.8984544e-01 6.6676468e-02 6.6676468e-02
      vertex -7.0650750e-01 -1.2608695e-01 1.2608719e-01
    endloop
  endfacet
  facet normal 9.6285003e-01 0.0000000e+00 2.7003655e-01
    outer loop
      vertex -6.8984544e-01 6.6676468e-02 6.6676468e-02
      vertex -7.0650750e-01 5.0014339e-02 1.2608719e-01
      vertex -7.0650750e-01 -1.2608695e-01 1.2608719e-01
    endloop
  endfacet
  facet normal 9.7506565e-01 -4.4996627e-06 -2.2191651e-01
    outer loop
      vertex -6.5461904e-01 -1.2608695e-01 3.5407680e-01
      vertex -7.0650750e-01 -1.2608695e-01 1.2608719e-01
      vertex -6.5461767e-01 1.0190427e-01 3.5407820e-01
    endloop
  endfacet
  facet normal 9.7506469e-01 0.0000000e+00 -2.2192080e-01
    outer loop
      vertex -7.0650750e-01 -1.2608695e-01 1.2608719e-01
      vertex -7.0650750e-01 5.0014339e-02 1.2608719e-01
      vertex -6.5461767e-01 1.0190427e-01 3.5407820e-01
    endloop
  endfacet
  facet normal 9.7506946e-01 -9.7026350e-05 -2.2189981e-01
    outer loop
      vertex -7.0650750e-01 5.0014339e-02 1.2608719e-01
      vertex -7.0649993e-01 1.2608719e-01 1.2608719e-01
      vertex -6.5461767e-01 1.0190427e-01 3.5407820e-01
    endloop
  endfacet
  facet normal 9.7506946e-01 -9.8660988e-05 -2.2189997e-01
    outer loop
      vertex -6.5461767e-01 1.0190427e-01 3.5407820e-01
      vertex -7.0649993e-01 1.2608719e-01 1.2608719e-01
      vertex -6.5461451e-01 1.2608719e-01 3.5408133e-01
    endloop
  endfacet
  facet normal 9.9992865e-01 -1.3216770e-04 1.1947312e-02
    outer loop
      vertex -6.5490341e-01 1.2608719e-01 3.7826109e-01
      vertex -6.5461767e-01 1.0190427e-01 3.5407820e-01
      vertex -6.5461451e-01 1.2608719e-01 3.5408133e-01
    endloop
  endfacet
  facet normal 9.9936706e-01 -1.8547602e-02 3.0356131e-02
    outer loop
      vertex -6.5536612e-01 1.0115577e-01 3.7826109e-01
      vertex -6.5461767e-01 1.0190427e-01 3.5407820e-01
      vertex -6.5490341e-01 1.2608719e-01 3.7826109e-01
    endloop
  endfacet
  facet normal 9.9952137e-01 -6.2001623e-06 3.0935660e-02
    outer loop
      vertex -6.5461904e-01 -1.2608695e-01 3.5407680e-01
      vertex -6.5461767e-01 1.0190427e-01 3.5407820e-01
      vertex -6.5536755e-01 -1.2608695e-01 3.7826109e-01
    endloop
  endfacet
  facet normal 9.9952137e-01 -6.2920039e-06 3.0934792e-02
    outer loop
      vertex -6.5461767e-01 1.0190427e-01 3.5407820e-01
      vertex -6.5536612e-01 1.0115577e-01 3.7826109e-01
      vertex -6.5536755e-01 -1.2608695e-01 3.7826109e-01
    endloop
  endfacet
  facet normal 6.4325696e-01 -7.4080875e-05 -7.6565039e-01
    outer loop
      vertex -6.3043475e-01 -1.0514180e-01 3.9920622e-01
      vertex -6.3043475e-01 -1.2608695e-01 3.9920825e-01
      vertex -6.5536755e-01 -1.2608695e-01 3.7826109e-01
    endloop
  endfacet
  facet normal 6.4322245e-01 -4.0491377e-06 -7.6567930e-01
    outer loop
      vertex -6.5536755e-01 -1.2608695e-01 3.7826109e-01
      vertex -6.5536612e-01 1.0115577e-01 3.7826109e-01
      vertex -6.3043475e-01 -1.0514180e-01 3.9920622e-01
    endloop
  endfacet
  facet normal 6.4322203e-01 -4.1515773e-06 -7.6567972e-01
    outer loop
      vertex -6.5536612e-01 1.0115577e-01 3.7826109e-01
      vertex -6.3043475e-01 1.2608719e-01 3.9920497e-01
      vertex -6.3043475e-01 -1.0514180e-01 3.9920622e-01
    endloop
  endfacet
  facet normal 6.5022022e-01 -1.2067632e-02 -7.5964993e-01
    outer loop
      vertex -6.3043475e-01 1.2608719e-01 3.9920497e-01
      vertex -6.5536612e-01 1.0115577e-01 3.7826109e-01
      vertex -6.5490341e-01 1.2608719e-01 3.7826109e-01
    endloop
  endfacet
  facet normal -6.4930129e-01 -1.6990560e-01 7.4130952e-01
    outer loop
      vertex -7.0744419e-01 1.2608719e-01 8.8260889e-01
      vertex -8.8260865e-01 1.2608719e-01 7.2918510e-01
      vertex -8.8260865e-01 -7.2957031e-02 6.8356484e-01
    endloop
  endfacet
  facet normal -6.7666155e-01 -1.2935987e-01 7.2484154e-01
    outer loop
      vertex -8.8260865e-01 -7.2957031e-02 6.8356484e-01
      vertex -8.8260865e-01 -1.2608695e-01 6.7408293e-01
      vertex -7.0744419e-01 1.2608719e-01 8.8260889e-01
    endloop
  endfacet
  facet normal -6.7666113e-01 -1.2936033e-01 7.2484183e-01
    outer loop
      vertex -8.8260865e-01 -1.2608695e-01 6.7408293e-01
      vertex -6.9508475e-01 6.1437137e-02 8.8260889e-01
      vertex -7.0744419e-01 1.2608719e-01 8.8260889e-01
    endloop
  endfacet
  facet normal -7.0487732e-01 -7.8988649e-02 7.0491761e-01
    outer loop
      vertex -6.9508475e-01 6.1437137e-02 8.8260889e-01
      vertex -8.8260865e-01 -1.2608695e-01 6.7408293e-01
      vertex -6.7407078e-01 -1.2608695e-01 8.8260889e-01
    endloop
  endfacet
  facet normal -6.0566598e-01 -4.7101073e-02 7.9432374e-01
    outer loop
      vertex -6.7407078e-01 -1.2608695e-01 8.8260889e-01
      vertex -6.3043475e-01 -1.2608695e-01 9.1588104e-01
      vertex -6.3043475e-01 -9.0717457e-02 9.1797835e-01
    endloop
  endfacet
  facet normal -5.9510285e-01 -6.6687308e-02 8.0087787e-01
    outer loop
      vertex -6.7407078e-01 -1.2608695e-01 8.8260889e-01
      vertex -6.3043475e-01 -9.0717457e-02 9.1797835e-01
      vertex -6.9508475e-01 6.1437137e-02 8.8260889e-01
    endloop
  endfacet
  facet normal -5.9510267e-01 -6.6687234e-02 8.0087799e-01
    outer loop
      vertex -6.3043475e-01 -9.0717457e-02 9.1797835e-01
      vertex -6.3043475e-01 1.2608719e-01 9.3603116e-01
      vertex -6.9508475e-01 6.1437137e-02 8.8260889e-01
    endloop
  endfacet
  facet normal -5.6663483e-01 -1.0832613e-01 8.1681722e-01
    outer loop
      vertex -6.9508475e-01 6.1437137e-02 8.8260889e-01
      vertex -6.3043475e-01 1.2608719e-01 9.3603116e-01
      vertex -7.0744419e-01 1.2608719e-01 8.8260889e-01
    endloop
  endfacet
  facet normal -4.9137583e-01 2.7663997e-01 -8.2584506e-01
    outer loop
      vertex -6.6393530e-01 1.2608719e-01 -9.1610920e-01
      vertex -6.3043475e-01 2.8560004e-01 -8.8260865e-01
      vertex -6.3043475e-01 1.2608719e-01 -9.3604195e-01
    endloop
  endfacet
  facet normal -5.8510536e-01 2.8252792e-01 -7.6015103e-01
    outer loop
      vertex -6.6393530e-01 1.2608719e-01 -9.1610920e-01
      vertex -7.0745820e-01 1.2608719e-01 -8.8260865e-01
      vertex -6.3043475e-01 2.8560004e-01 -8.8260865e-01
    endloop
  endfacet
  facet normal -6.3014299e-01 2.8372046e-01 -7.2278804e-01
    outer loop
      vertex -7.7938312e-01 2.2931269e-01 -7.7938312e-01
      vertex -7.0745820e-01 1.2608719e-01 -8.8260865e-01
      vertex -8.0103034e-01 1.2608719e-01 -8.0103034e-01
    endloop
  endfacet
  facet normal -6.1724705e-01 2.9804805e-01 -7.2813010e-01
    outer loop
      vertex -7.0745820e-01 1.2608719e-01 -8.8260865e-01
      vertex -7.7938312e-01 2.2931269e-01 -7.7938312e-01
      vertex -6.3043475e-01 2.8560004e-01 -8.8260865e-01
    endloop
  endfacet
  facet normal -6.1724710e-01 2.9804820e-01 -7.2813004e-01
    outer loop
      vertex -6.3043475e-01 2.8560004e-01 -8.8260865e-01
      vertex -7.7938312e-01 2.2931269e-01 -7.7938312e-01
      vertex -6.3043475e-01 3.7826109e-01 -8.4467936e-01
    endloop
  endfacet
  facet normal -5.9708214e-01 2.6519346e-01 -7.5707692e-01
    outer loop
      vertex -7.7938312e-01 2.2931269e-01 -7.7938312e-01
      vertex -7.5021362e-01 3.7826109e-01 -7.5021362e-01
      vertex -6.3043475e-01 3.7826109e-01 -8.4467936e-01
    endloop
  endfacet
  facet normal -7.4503171e-01 2.6572028e-01 -6.1181730e-01
    outer loop
      vertex -7.7938312e-01 2.2931269e-01 -7.7938312e-01
      vertex -8.4857559e-01 3.7826109e-01 -6.3043475e-01
      vertex -7.5021362e-01 3.7826109e-01 -7.5021362e-01
    endloop
  endfacet
  facet normal -6.6779500e-01 3.4784871e-01 -6.5806615e-01
    outer loop
      vertex -8.8260865e-01 1.2608719e-01 -7.2919571e-01
      vertex -8.8260865e-01 3.1292486e-01 -6.3043475e-01
      vertex -7.7938312e-01 2.2931269e-01 -7.7938312e-01
    endloop
  endfacet
  facet normal -6.6779512e-01 3.4784853e-01 -6.5806615e-01
    outer loop
      vertex -8.8260865e-01 3.1292486e-01 -6.3043475e-01
      vertex -8.4857559e-01 3.7826109e-01 -6.3043475e-01
      vertex -7.7938312e-01 2.2931269e-01 -7.7938312e-01
    endloop
  endfacet
  facet normal -6.3369131e-01 2.8380561e-01 -7.1964556e-01
    outer loop
      vertex -7.7938312e-01 2.2931269e-01 -7.7938312e-01
      vertex -8.0103034e-01 1.2608719e-01 -8.0103034e-01
      vertex -8.8260865e-01 1.2608719e-01 -7.2919571e-01
    endloop
  endfacet
  facet normal -7.2071671e-01 3.7541494e-01 -5.8277875e-01
    outer loop
      vertex -8.6379141e-01 3.7826109e-01 -6.1161751e-01
      vertex -8.4857559e-01 3.7826109e-01 -6.3043475e-01
      vertex -8.8260865e-01 3.1292486e-01 -6.3043475e-01
    endloop
  endfacet
  facet normal -8.1834006e-01 3.6382577e-01 -4.4491613e-01
    outer loop
      vertex -8.6379141e-01 3.7826109e-01 -6.1161751e-01
      vertex -8.8260865e-01 3.1292486e-01 -6.3043475e-01
      vertex -8.8260865e-01 3.7826109e-01 -5.7700670e-01
    endloop
  endfacet
  facet normal 4.4744211e-01 -6.8675935e-01 5.7285005e-01
    outer loop
      vertex -6.3043475e-01 2.1434452e-01 1.2608719e-01
      vertex -6.8984079e-01 1.2608719e-01 6.6681102e-02
      vertex -6.3043475e-01 1.2608719e-01 2.0280190e-02
    endloop
  endfacet
  facet normal 7.4095684e-01 -6.3859868e-01 2.0778514e-01
    outer loop
      vertex -6.3043475e-01 2.1434452e-01 1.2608719e-01
      vertex -7.0649993e-01 1.2608719e-01 1.2608719e-01
      vertex -6.8984079e-01 1.2608719e-01 6.6681102e-02
    endloop
  endfacet
  facet normal 7.8083700e-01 -5.9892994e-01 -1.7769782e-01
    outer loop
      vertex -6.5461451e-01 1.2608719e-01 3.5408133e-01
      vertex -7.0649993e-01 1.2608719e-01 1.2608719e-01
      vertex -6.3043475e-01 1.5043688e-01 3.7826109e-01
    endloop
  endfacet
  facet normal 7.8083688e-01 -5.9893012e-01 -1.7769775e-01
    outer loop
      vertex -7.0649993e-01 1.2608719e-01 1.2608719e-01
      vertex -6.3043475e-01 2.0256461e-01 2.0256461e-01
      vertex -6.3043475e-01 1.5043688e-01 3.7826109e-01
    endloop
  endfacet
  facet normal 7.5368828e-01 -6.4957142e-01 -1.0005423e-01
    outer loop
      vertex -6.3043475e-01 2.0256461e-01 2.0256461e-01
      vertex -7.0649993e-01 1.2608719e-01 1.2608719e-01
      vertex -6.3043475e-01 2.1434452e-01 1.2608719e-01
    endloop
  endfacet
  facet normal 7.0535642e-01 -7.0880276e-01 8.4277503e-03
    outer loop
      vertex -6.3043475e-01 1.5043688e-01 3.7826109e-01
      vertex -6.5490341e-01 1.2608719e-01 3.7826109e-01
      vertex -6.5461451e-01 1.2608719e-01 3.5408133e-01
    endloop
  endfacet
  facet normal 6.4554578e-01 1.2029057e-01 -7.5418884e-01
    outer loop
      vertex -6.3043475e-01 1.5100545e-01 4.0317935e-01
      vertex -6.3043475e-01 1.2608719e-01 3.9920497e-01
      vertex -6.5490341e-01 1.2608719e-01 3.7826109e-01
    endloop
  endfacet
  facet normal 7.0528919e-01 -7.0873523e-01 1.6171463e-02
    outer loop
      vertex -6.3043475e-01 1.5100545e-01 4.0317935e-01
      vertex -6.5490341e-01 1.2608719e-01 3.7826109e-01
      vertex -6.3043475e-01 1.5043688e-01 3.7826109e-01
    endloop
  endfacet
  facet normal -8.0305600e-01 3.0570728e-01 5.1151156e-01
    outer loop
      vertex -8.4856319e-01 3.7826109e-01 6.3043499e-01
      vertex -8.8260865e-01 3.7826109e-01 5.7698476e-01
      vertex -8.8260865e-01 3.4480566e-01 5.9697956e-01
    endloop
  endfacet
  facet normal -8.1161749e-01 4.2286167e-01 4.0306967e-01
    outer loop
      vertex -8.4856319e-01 3.7826109e-01 6.3043499e-01
      vertex -8.8260865e-01 3.4480566e-01 5.9697956e-01
      vertex -8.8260865e-01 3.1291610e-01 6.3043499e-01
    endloop
  endfacet
  facet normal -5.9741032e-01 3.7668312e-01 7.0796239e-01
    outer loop
      vertex -6.3043475e-01 3.4607577e-01 8.5042357e-01
      vertex -7.0208323e-01 3.0661261e-01 8.1096041e-01
      vertex -6.3043475e-01 2.8558463e-01 8.8260889e-01
    endloop
  endfacet
  facet normal -5.3855795e-01 1.4837222e-01 8.2942218e-01
    outer loop
      vertex -6.3043475e-01 3.7826109e-01 8.4466606e-01
      vertex -7.0208323e-01 3.0661261e-01 8.1096041e-01
      vertex -6.3043475e-01 3.4607577e-01 8.5042357e-01
    endloop
  endfacet
  facet normal -6.5821272e-01 3.4293607e-01 6.7018723e-01
    outer loop
      vertex -8.8260865e-01 3.1291610e-01 6.3043499e-01
      vertex -7.0208323e-01 3.0661261e-01 8.1096041e-01
      vertex -8.4856319e-01 3.7826109e-01 6.3043499e-01
    endloop
  endfacet
  facet normal -6.5821272e-01 3.4293604e-01 6.7018718e-01
    outer loop
      vertex -7.0208323e-01 3.0661261e-01 8.1096041e-01
      vertex -6.3043475e-01 3.7826109e-01 8.4466606e-01
      vertex -8.4856319e-01 3.7826109e-01 6.3043499e-01
    endloop
  endfacet
  facet normal -6.3673961e-01 4.1298103e-01 6.5115994e-01
    outer loop
      vertex -8.8260865e-01 3.1291610e-01 6.3043499e-01
      vertex -8.8260865e-01 1.9859335e-01 7.0294118e-01
      vertex -7.0208323e-01 3.0661261e-01 8.1096041e-01
    endloop
  endfacet
  facet normal -6.0824215e-01 2.7015007e-01 7.4636489e-01
    outer loop
      vertex -8.8260865e-01 1.9859335e-01 7.0294118e-01
      vertex -8.8260865e-01 1.2608719e-01 7.2918510e-01
      vertex -7.0208323e-01 3.0661261e-01 8.1096041e-01
    endloop
  endfacet
  facet normal -6.2787533e-01 3.0315420e-01 7.1684736e-01
    outer loop
      vertex -8.8260865e-01 1.2608719e-01 7.2918510e-01
      vertex -7.0744419e-01 1.2608719e-01 8.8260889e-01
      vertex -7.0208323e-01 3.0661261e-01 8.1096041e-01
    endloop
  endfacet
  facet normal -6.2787527e-01 3.0315423e-01 7.1684742e-01
    outer loop
      vertex -7.0208323e-01 3.0661261e-01 8.1096041e-01
      vertex -7.0744419e-01 1.2608719e-01 8.8260889e-01
      vertex -6.3043475e-01 2.8558463e-01 8.8260889e-01
    endloop
  endfacet
  facet normal -5.5925179e-01 1.9318448e-01 8.0617440e-01
    outer loop
      vertex -7.0744419e-01 1.2608719e-01 8.8260889e-01
      vertex -6.3043475e-01 1.2608719e-01 9.3603116e-01
      vertex -6.3043475e-01 1.6918251e-01 9.2570418e-01
    endloop
  endfacet
  facet normal -5.8381993e-01 2.8188318e-01 7.6137781e-01
    outer loop
      vertex -7.0744419e-01 1.2608719e-01 8.8260889e-01
      vertex -6.3043475e-01 1.6918251e-01 9.2570418e-01
      vertex -6.3043475e-01 2.8558463e-01 8.8260889e-01
    endloop
  endfacet
  facet normal -5.4404056e-01 4.7766632e-01 -6.8982232e-01
    outer loop
      vertex -7.5021362e-01 3.7826109e-01 -7.5021362e-01
      vertex -6.6658372e-01 5.9428602e-01 -6.6658372e-01
      vertex -6.3043475e-01 3.7826109e-01 -8.4467936e-01
    endloop
  endfacet
  facet normal -5.4404104e-01 4.7766611e-01 -6.8982208e-01
    outer loop
      vertex -6.3043475e-01 3.7826109e-01 -8.4467936e-01
      vertex -6.6658372e-01 5.9428602e-01 -6.6658372e-01
      vertex -6.3043475e-01 5.0158763e-01 -7.5928211e-01
    endloop
  endfacet
  facet normal -5.8472800e-01 4.4817027e-01 -6.7619270e-01
    outer loop
      vertex -6.6658372e-01 5.9428602e-01 -6.6658372e-01
      vertex -6.3043475e-01 6.3043499e-01 -6.7388403e-01
      vertex -6.3043475e-01 5.0158763e-01 -7.5928211e-01
    endloop
  endfacet
  facet normal -5.8988935e-01 4.5519769e-01 -6.6695249e-01
    outer loop
      vertex -6.6658372e-01 5.9428602e-01 -6.6658372e-01
      vertex -6.5349144e-01 6.3043499e-01 -6.5349144e-01
      vertex -6.3043475e-01 6.3043499e-01 -6.7388403e-01
    endloop
  endfacet
  facet normal -6.6694641e-01 4.5519790e-01 -5.8989602e-01
    outer loop
      vertex -6.6658372e-01 5.9428602e-01 -6.6658372e-01
      vertex -6.7388445e-01 6.3043499e-01 -6.3043475e-01
      vertex -6.5349144e-01 6.3043499e-01 -6.5349144e-01
    endloop
  endfacet
  facet normal -6.6701376e-01 4.5514724e-01 -5.8985901e-01
    outer loop
      vertex -6.6658372e-01 5.9428602e-01 -6.6658372e-01
      vertex -7.6722628e-01 4.9364346e-01 -6.3043475e-01
      vertex -6.7388445e-01 6.3043499e-01 -6.3043475e-01
    endloop
  endfacet
  facet normal -6.7861813e-01 4.7845373e-01 -5.5727869e-01
    outer loop
      vertex -7.5021362e-01 3.7826109e-01 -7.5021362e-01
      vertex -8.4857559e-01 3.7826109e-01 -6.3043475e-01
      vertex -6.6658372e-01 5.9428602e-01 -6.6658372e-01
    endloop
  endfacet
  facet normal -6.7861789e-01 4.7845349e-01 -5.5727917e-01
    outer loop
      vertex -8.4857559e-01 3.7826109e-01 -6.3043475e-01
      vertex -7.6722628e-01 4.9364346e-01 -6.3043475e-01
      vertex -6.6658372e-01 5.9428602e-01 -6.6658372e-01
    endloop
  endfacet
  facet normal -6.5827608e-01 5.3229827e-01 -5.3228855e-01
    outer loop
      vertex -8.4857512e-01 4.1229460e-01 -5.9640121e-01
      vertex -8.4857559e-01 3.7826109e-01 -6.3043475e-01
      vertex -8.6379141e-01 3.7826109e-01 -6.1161751e-01
    endloop
  endfacet
  facet normal -7.0814401e-01 4.9927065e-01 -4.9926022e-01
    outer loop
      vertex -8.4857512e-01 4.1229460e-01 -5.9640121e-01
      vertex -7.6722628e-01 4.9364346e-01 -6.3043475e-01
      vertex -8.4857559e-01 3.7826109e-01 -6.3043475e-01
    endloop
  endfacet
  facet normal -6.9978893e-01 4.7751185e-01 -5.3129846e-01
    outer loop
      vertex -7.6722628e-01 4.9364346e-01 -6.3043475e-01
      vertex -8.4857512e-01 4.1229460e-01 -5.9640121e-01
      vertex -6.7388445e-01 6.3043499e-01 -6.3043475e-01
    endloop
  endfacet
  facet normal -6.9978869e-01 4.7751164e-01 -5.3129882e-01
    outer loop
      vertex -6.7388445e-01 6.3043499e-01 -6.3043475e-01
      vertex -8.4857512e-01 4.1229460e-01 -5.9640121e-01
      vertex -7.6396328e-01 6.3043499e-01 -5.1178938e-01
    endloop
  endfacet
  facet normal -7.6160967e-01 4.6890855e-01 -4.4729802e-01
    outer loop
      vertex -8.4857512e-01 4.1229460e-01 -5.9640121e-01
      vertex -8.4238541e-01 6.3043499e-01 -3.7826085e-01
      vertex -7.6396328e-01 6.3043499e-01 -5.1178938e-01
    endloop
  endfacet
  facet normal -7.4492973e-01 4.8219162e-01 -4.6105412e-01
    outer loop
      vertex -8.8260865e-01 3.7826109e-01 -5.7700670e-01
      vertex -8.8260865e-01 5.6829464e-01 -3.7826085e-01
      vertex -8.4857512e-01 4.1229460e-01 -5.9640121e-01
    endloop
  endfacet
  facet normal -7.4493045e-01 4.8219103e-01 -4.6105379e-01
    outer loop
      vertex -8.8260865e-01 5.6829464e-01 -3.7826085e-01
      vertex -8.4238541e-01 6.3043499e-01 -3.7826085e-01
      vertex -8.4857512e-01 4.1229460e-01 -5.9640121e-01
    endloop
  endfacet
  facet normal -7.5123614e-01 5.1848501e-01 -4.0843302e-01
    outer loop
      vertex -8.4857512e-01 4.1229460e-01 -5.9640121e-01
      vertex -8.6379141e-01 3.7826109e-01 -6.1161751e-01
      vertex -8.8260865e-01 3.7826109e-01 -5.7700670e-01
    endloop
  endfacet
  facet normal -8.0028689e-01 5.1802307e-01 -3.0198181e-01
    outer loop
      vertex -8.5340512e-01 6.3043499e-01 -3.4905735e-01
      vertex -8.4238541e-01 6.3043499e-01 -3.7826085e-01
      vertex -8.8260865e-01 5.6829464e-01 -3.7826085e-01
    endloop
  endfacet
  facet normal -8.2785016e-01 5.0440413e-01 -2.4543956e-01
    outer loop
      vertex -8.5340512e-01 6.3043499e-01 -3.4905735e-01
      vertex -8.8260865e-01 5.6829464e-01 -3.7826085e-01
      vertex -8.8260865e-01 6.3043499e-01 -2.5055590e-01
    endloop
  endfacet
  facet normal -7.9859090e-01 5.4676455e-01 2.5159699e-01
    outer loop
      vertex -8.4237504e-01 6.3043499e-01 3.7826109e-01
      vertex -8.8260865e-01 6.3043499e-01 2.5055608e-01
      vertex -8.8260865e-01 5.9018981e-01 3.3801594e-01
    endloop
  endfacet
  facet normal -8.0500346e-01 5.2100354e-01 2.8376883e-01
    outer loop
      vertex -8.4237504e-01 6.3043499e-01 3.7826109e-01
      vertex -8.8260865e-01 5.9018981e-01 3.3801594e-01
      vertex -8.8260865e-01 5.6826997e-01 3.7826109e-01
    endloop
  endfacet
  facet normal -7.2777158e-01 4.7101861e-01 4.9848771e-01
    outer loop
      vertex -7.5490284e-01 6.3043499e-01 5.0596690e-01
      vertex -8.4237504e-01 6.3043499e-01 3.7826109e-01
      vertex -8.8260865e-01 5.6826997e-01 3.7826109e-01
    endloop
  endfacet
  facet normal -7.1833646e-01 5.1513505e-01 4.6757746e-01
    outer loop
      vertex -8.8260865e-01 5.6826997e-01 3.7826109e-01
      vertex -8.8260865e-01 4.7786319e-01 4.7786319e-01
      vertex -7.5490284e-01 6.3043499e-01 5.0596690e-01
    endloop
  endfacet
  facet normal -7.1833634e-01 5.1513493e-01 4.6757764e-01
    outer loop
      vertex -8.8260865e-01 4.7786319e-01 4.7786319e-01
      vertex -6.7388439e-01 6.3043499e-01 6.3043499e-01
      vertex -7.5490284e-01 6.3043499e-01 5.0596690e-01
    endloop
  endfacet
  facet normal -7.1874183e-01 4.9044484e-01 4.9282250e-01
    outer loop
      vertex -8.8260865e-01 4.7786319e-01 4.7786319e-01
      vertex -8.8260865e-01 3.7826109e-01 5.7698476e-01
      vertex -6.7388439e-01 6.3043499e-01 6.3043499e-01
    endloop
  endfacet
  facet normal -7.1874207e-01 4.9044517e-01 4.9282181e-01
    outer loop
      vertex -8.8260865e-01 3.7826109e-01 5.7698476e-01
      vertex -7.6722622e-01 4.9364355e-01 6.3043499e-01
      vertex -6.7388439e-01 6.3043499e-01 6.3043499e-01
    endloop
  endfacet
  facet normal -7.2497189e-01 5.1105702e-01 4.6177536e-01
    outer loop
      vertex -7.6722622e-01 4.9364355e-01 6.3043499e-01
      vertex -8.8260865e-01 3.7826109e-01 5.7698476e-01
      vertex -8.4856319e-01 3.7826109e-01 6.3043499e-01
    endloop
  endfacet
  facet normal -6.4338326e-01 3.9612845e-01 6.5508795e-01
    outer loop
      vertex -8.4856319e-01 3.7826109e-01 6.3043499e-01
      vertex -6.3043475e-01 3.7826109e-01 8.4466606e-01
      vertex -6.3043475e-01 5.1176375e-01 7.6393765e-01
    endloop
  endfacet
  facet normal -6.5095997e-01 4.5888355e-01 6.0471237e-01
    outer loop
      vertex -8.4856319e-01 3.7826109e-01 6.3043499e-01
      vertex -6.3043475e-01 5.1176375e-01 7.6393765e-01
      vertex -7.6722622e-01 4.9364355e-01 6.3043499e-01
    endloop
  endfacet
  facet normal -6.5095985e-01 4.5888379e-01 6.0471225e-01
    outer loop
      vertex -6.3043475e-01 5.1176375e-01 7.6393765e-01
      vertex -6.3043475e-01 6.3043499e-01 6.7388439e-01
      vertex -7.6722622e-01 4.9364355e-01 6.3043499e-01
    endloop
  endfacet
  facet normal -6.3684779e-01 4.3456331e-01 6.3685137e-01
    outer loop
      vertex -7.6722622e-01 4.9364355e-01 6.3043499e-01
      vertex -6.3043475e-01 6.3043499e-01 6.7388439e-01
      vertex -6.7388439e-01 6.3043499e-01 6.3043499e-01
    endloop
  endfacet
  facet normal -5.3024966e-01 5.9950751e-01 -5.9952152e-01
    outer loop
      vertex -6.5349144e-01 6.3043499e-01 -6.5349144e-01
      vertex -6.3043475e-01 6.7388529e-01 -6.3043475e-01
      vertex -6.3043475e-01 6.3043499e-01 -6.7388403e-01
    endloop
  endfacet
  facet normal -5.9951603e-01 5.9950775e-01 -5.3025568e-01
    outer loop
      vertex -6.5349144e-01 6.3043499e-01 -6.5349144e-01
      vertex -6.7388445e-01 6.3043499e-01 -6.3043475e-01
      vertex -6.3043475e-01 6.7388529e-01 -6.3043475e-01
    endloop
  endfacet
  facet normal -5.9710509e-01 6.6177762e-01 -4.5333862e-01
    outer loop
      vertex -7.6396328e-01 6.3043499e-01 -5.1178938e-01
      vertex -6.3043475e-01 8.4238565e-01 -3.7826085e-01
      vertex -6.7388445e-01 6.3043499e-01 -6.3043475e-01
    endloop
  endfacet
  facet normal -5.9710485e-01 6.6177779e-01 -4.5333874e-01
    outer loop
      vertex -6.3043475e-01 8.4238565e-01 -3.7826085e-01
      vertex -6.3043475e-01 7.5490320e-01 -5.0596654e-01
      vertex -6.7388445e-01 6.3043499e-01 -6.3043475e-01
    endloop
  endfacet
  facet normal -6.4234036e-01 6.4233160e-01 -4.1810167e-01
    outer loop
      vertex -6.7388445e-01 6.3043499e-01 -6.3043475e-01
      vertex -6.3043475e-01 7.5490320e-01 -5.0596654e-01
      vertex -6.3043475e-01 6.7388529e-01 -6.3043475e-01
    endloop
  endfacet
  facet normal -6.5303308e-01 6.5303308e-01 -3.8353035e-01
    outer loop
      vertex -7.6396328e-01 6.3043499e-01 -5.1178938e-01
      vertex -8.4238541e-01 6.3043499e-01 -3.7826085e-01
      vertex -6.3043475e-01 8.4238565e-01 -3.7826085e-01
    endloop
  endfacet
  facet normal -6.6357410e-01 7.0496249e-01 -2.5039443e-01
    outer loop
      vertex -7.5490373e-01 7.5813991e-01 -2.5055593e-01
      vertex -8.4238541e-01 6.3043499e-01 -3.7826085e-01
      vertex -8.5340512e-01 6.3043499e-01 -3.4905735e-01
    endloop
  endfacet
  facet normal -6.9019604e-01 6.9019604e-01 -2.1739115e-01
    outer loop
      vertex -8.4238541e-01 6.3043499e-01 -3.7826085e-01
      vertex -7.5490373e-01 7.5813991e-01 -2.5055593e-01
      vertex -6.3043475e-01 8.4238565e-01 -3.7826085e-01
    endloop
  endfacet
  facet normal -6.9019604e-01 6.9019604e-01 -2.1739115e-01
    outer loop
      vertex -6.3043475e-01 8.4238565e-01 -3.7826085e-01
      vertex -7.5490373e-01 7.5813991e-01 -2.5055593e-01
      vertex -6.3043475e-01 8.8260889e-01 -2.5055593e-01
    endloop
  endfacet
  facet normal -6.8468040e-01 6.8468040e-01 -2.4985121e-01
    outer loop
      vertex -7.5490373e-01 7.5813991e-01 -2.5055593e-01
      vertex -6.6371208e-01 8.8260889e-01 -1.5936431e-01
      vertex -6.3043475e-01 8.8260889e-01 -2.5055593e-01
    endloop
  endfacet
  facet normal -7.0560491e-01 6.7498153e-01 -2.1568854e-01
    outer loop
      vertex -7.5490373e-01 7.5813991e-01 -2.5055593e-01
      vertex -6.7388427e-01 8.8260889e-01 -1.2608695e-01
      vertex -6.6371208e-01 8.8260889e-01 -1.5936431e-01
    endloop
  endfacet
  facet normal -6.8650240e-01 6.8650234e-01 -2.3964366e-01
    outer loop
      vertex -8.8260865e-01 6.3043499e-01 -2.5055590e-01
      vertex -8.8260865e-01 6.7388451e-01 -1.2608695e-01
      vertex -7.5490373e-01 7.5813991e-01 -2.5055593e-01
    endloop
  endfacet
  facet normal -6.8650240e-01 6.8650240e-01 -2.3964366e-01
    outer loop
      vertex -8.8260865e-01 6.7388451e-01 -1.2608695e-01
      vertex -6.7388427e-01 8.8260889e-01 -1.2608695e-01
      vertex -7.5490373e-01 7.5813991e-01 -2.5055593e-01
    endloop
  endfacet
  facet normal -6.9206232e-01 6.9206226e-01 -2.0518140e-01
    outer loop
      vertex -7.5490373e-01 7.5813991e-01 -2.5055593e-01
      vertex -8.5340512e-01 6.3043499e-01 -3.4905735e-01
      vertex -8.8260865e-01 6.3043499e-01 -2.5055590e-01
    endloop
  endfacet
  facet normal -7.0710683e-01 7.0710683e-01 0.0000000e+00
    outer loop
      vertex -6.7388427e-01 8.8260889e-01 8.2637638e-02
      vertex -6.7388427e-01 8.8260889e-01 -1.2608695e-01
      vertex -8.8260865e-01 6.7388451e-01 -1.2608695e-01
    endloop
  endfacet
  facet normal -7.0710677e-01 7.0710677e-01 0.0000000e+00
    outer loop
      vertex -8.8260865e-01 6.7388451e-01 -1.2608695e-01
      vertex -8.8260865e-01 6.7388451e-01 -8.2637414e-02
      vertex -6.7388427e-01 8.8260889e-01 8.2637638e-02
    endloop
  endfacet
  facet normal -7.0710677e-01 7.0710677e-01 0.0000000e+00
    outer loop
      vertex -8.8260865e-01 6.7388451e-01 -8.2637414e-02
      vertex -6.7388427e-01 8.8260889e-01 1.2608719e-01
      vertex -6.7388427e-01 8.8260889e-01 8.2637638e-02
    endloop
  endfacet
  facet normal -7.0710689e-01 7.0710671e-01 2.4185675e-07
    outer loop
      vertex -6.7388427e-01 8.8260889e-01 1.2608719e-01
      vertex -8.8260865e-01 6.7388451e-01 -8.2637414e-02
      vertex -8.8260865e-01 6.7388445e-01 1.2608719e-01
    endloop
  endfacet
  facet normal -7.0495534e-01 6.6356063e-01 2.5045004e-01
    outer loop
      vertex -6.3043475e-01 8.5339981e-01 3.4905204e-01
      vertex -7.5813973e-01 7.5490391e-01 2.5055611e-01
      vertex -6.3043475e-01 8.4237534e-01 3.7826109e-01
    endloop
  endfacet
  facet normal -6.9205523e-01 6.9205511e-01 2.0522985e-01
    outer loop
      vertex -6.3043475e-01 8.8260889e-01 2.5055617e-01
      vertex -7.5813973e-01 7.5490391e-01 2.5055611e-01
      vertex -6.3043475e-01 8.5339981e-01 3.4905204e-01
    endloop
  endfacet
  facet normal -6.8650240e-01 6.8650228e-01 2.3964353e-01
    outer loop
      vertex -8.8260865e-01 6.7388445e-01 1.2608719e-01
      vertex -7.5813973e-01 7.5490391e-01 2.5055611e-01
      vertex -6.7388427e-01 8.8260889e-01 1.2608719e-01
    endloop
  endfacet
  facet normal -6.8650234e-01 6.8650228e-01 2.3964359e-01
    outer loop
      vertex -7.5813973e-01 7.5490391e-01 2.5055611e-01
      vertex -6.3043475e-01 8.8260889e-01 2.5055617e-01
      vertex -6.7388427e-01 8.8260889e-01 1.2608719e-01
    endloop
  endfacet
  facet normal -6.7498124e-01 7.0560551e-01 2.1568768e-01
    outer loop
      vertex -8.8260865e-01 6.7388445e-01 1.2608719e-01
      vertex -8.8260865e-01 6.6371232e-01 1.5936452e-01
      vertex -7.5813973e-01 7.5490391e-01 2.5055611e-01
    endloop
  endfacet
  facet normal -6.8468034e-01 6.8468028e-01 2.4985135e-01
    outer loop
      vertex -8.8260865e-01 6.6371232e-01 1.5936452e-01
      vertex -8.8260865e-01 6.3043499e-01 2.5055608e-01
      vertex -7.5813973e-01 7.5490391e-01 2.5055611e-01
    endloop
  endfacet
  facet normal -6.9018769e-01 6.9018763e-01 2.1744442e-01
    outer loop
      vertex -8.8260865e-01 6.3043499e-01 2.5055608e-01
      vertex -8.4237504e-01 6.3043499e-01 3.7826109e-01
      vertex -7.5813973e-01 7.5490391e-01 2.5055611e-01
    endloop
  endfacet
  facet normal -6.9018775e-01 6.9018751e-01 2.1744433e-01
    outer loop
      vertex -7.5813973e-01 7.5490391e-01 2.5055611e-01
      vertex -8.4237504e-01 6.3043499e-01 3.7826109e-01
      vertex -6.3043475e-01 8.4237534e-01 3.7826109e-01
    endloop
  endfacet
  facet normal -6.6173828e-01 5.9720975e-01 4.5325816e-01
    outer loop
      vertex -7.5490284e-01 6.3043499e-01 5.0596690e-01
      vertex -6.3043475e-01 6.7388558e-01 6.3043499e-01
      vertex -8.4237504e-01 6.3043499e-01 3.7826109e-01
    endloop
  endfacet
  facet normal -6.6173857e-01 5.9720916e-01 4.5325854e-01
    outer loop
      vertex -6.3043475e-01 6.7388558e-01 6.3043499e-01
      vertex -6.3043475e-01 7.6394606e-01 5.1177216e-01
      vertex -8.4237504e-01 6.3043499e-01 3.7826109e-01
    endloop
  endfacet
  facet normal -6.5301186e-01 6.5301174e-01 3.8360295e-01
    outer loop
      vertex -8.4237504e-01 6.3043499e-01 3.7826109e-01
      vertex -6.3043475e-01 7.6394606e-01 5.1177216e-01
      vertex -6.3043475e-01 8.4237534e-01 3.7826109e-01
    endloop
  endfacet
  facet normal -6.4234012e-01 6.4232612e-01 4.1811037e-01
    outer loop
      vertex -7.5490284e-01 6.3043499e-01 5.0596690e-01
      vertex -6.7388439e-01 6.3043499e-01 6.3043499e-01
      vertex -6.3043475e-01 6.7388558e-01 6.3043499e-01
    endloop
  endfacet
  facet normal -6.0228264e-01 5.2393436e-01 6.0228598e-01
    outer loop
      vertex -6.7388439e-01 6.3043499e-01 6.3043499e-01
      vertex -6.3043475e-01 6.3043499e-01 6.7388439e-01
      vertex -6.3043475e-01 6.5367109e-01 6.5367109e-01
    endloop
  endfacet
  facet normal -6.0228342e-01 6.0227025e-01 5.2395159e-01
    outer loop
      vertex -6.7388439e-01 6.3043499e-01 6.3043499e-01
      vertex -6.3043475e-01 6.5367109e-01 6.5367109e-01
      vertex -6.3043475e-01 6.7388558e-01 6.3043499e-01
    endloop
  endfacet
  facet normal -5.7772058e-01 7.8853911e-01 -2.1081980e-01
    outer loop
      vertex -6.6371208e-01 8.8260889e-01 -1.5936431e-01
      vertex -6.3043475e-01 9.1588628e-01 -1.2608695e-01
      vertex -6.3043475e-01 8.8260889e-01 -2.5055593e-01
    endloop
  endfacet
  facet normal -5.9780306e-01 7.8053766e-01 -1.8273579e-01
    outer loop
      vertex -6.6371208e-01 8.8260889e-01 -1.5936431e-01
      vertex -6.7388427e-01 8.8260889e-01 -1.2608695e-01
      vertex -6.3043475e-01 9.1588628e-01 -1.2608695e-01
    endloop
  endfacet
  facet normal -6.0804123e-01 7.9390544e-01 0.0000000e+00
    outer loop
      vertex -6.7388427e-01 8.8260889e-01 8.2637638e-02
      vertex -6.3043475e-01 9.1588628e-01 1.2608719e-01
      vertex -6.7388427e-01 8.8260889e-01 -1.2608695e-01
    endloop
  endfacet
  facet normal -6.0804129e-01 7.9390544e-01 0.0000000e+00
    outer loop
      vertex -6.3043475e-01 9.1588628e-01 1.2608719e-01
      vertex -6.3043475e-01 9.1588628e-01 -9.2809528e-02
      vertex -6.7388427e-01 8.8260889e-01 -1.2608695e-01
    endloop
  endfacet
  facet normal -6.0804129e-01 7.9390538e-01 0.0000000e+00
    outer loop
      vertex -6.7388427e-01 8.8260889e-01 -1.2608695e-01
      vertex -6.3043475e-01 9.1588628e-01 -9.2809528e-02
      vertex -6.3043475e-01 9.1588628e-01 -1.2608695e-01
    endloop
  endfacet
  facet normal -6.0804129e-01 7.9390544e-01 0.0000000e+00
    outer loop
      vertex -6.7388427e-01 8.8260889e-01 8.2637638e-02
      vertex -6.7388427e-01 8.8260889e-01 1.2608719e-01
      vertex -6.3043475e-01 9.1588628e-01 1.2608719e-01
    endloop
  endfacet
  facet normal -6.1005658e-01 7.6320374e-01 2.1295799e-01
    outer loop
      vertex -6.7388427e-01 8.8260889e-01 1.2608719e-01
      vertex -6.3043475e-01 8.8260889e-01 2.5055617e-01
      vertex -6.3043475e-01 9.0976286e-01 1.5324116e-01
    endloop
  endfacet
  facet normal -5.9852487e-01 7.8148007e-01 1.7622966e-01
    outer loop
      vertex -6.7388427e-01 8.8260889e-01 1.2608719e-01
      vertex -6.3043475e-01 9.0976286e-01 1.5324116e-01
      vertex -6.3043475e-01 9.1588628e-01 1.2608719e-01
    endloop
  endfacet
  facet normal -3.9417273e-01 -8.5805064e-01 -3.2920653e-01
    outer loop
      vertex -4.3261659e-01 -9.3696439e-01 -4.3261659e-01
      vertex -3.7826085e-01 -9.5501065e-01 -4.5066285e-01
      vertex -3.7826085e-01 -9.8278898e-01 -3.7826085e-01
    endloop
  endfacet
  facet normal -4.0963972e-01 -8.0534929e-01 -4.2849484e-01
    outer loop
      vertex -4.3261659e-01 -9.3696439e-01 -4.3261659e-01
      vertex -3.7826085e-01 -8.8260865e-01 -5.8674127e-01
      vertex -3.7826085e-01 -9.5501065e-01 -4.5066285e-01
    endloop
  endfacet
  facet normal -4.7724625e-01 -7.6231629e-01 -4.3716124e-01
    outer loop
      vertex -4.3261659e-01 -9.3696439e-01 -4.3261659e-01
      vertex -4.7793147e-01 -8.8260865e-01 -4.7793147e-01
      vertex -3.7826085e-01 -8.8260865e-01 -5.8674127e-01
    endloop
  endfacet
  facet normal -4.7926307e-01 -7.6225019e-01 -4.3506512e-01
    outer loop
      vertex -4.3261659e-01 -9.3696439e-01 -4.3261659e-01
      vertex -5.6841040e-01 -8.8260865e-01 -3.7826085e-01
      vertex -4.7793147e-01 -8.8260865e-01 -4.7793147e-01
    endloop
  endfacet
  facet normal -4.6568426e-01 -8.1234461e-01 -3.5104740e-01
    outer loop
      vertex -4.3261659e-01 -9.3696439e-01 -4.3261659e-01
      vertex -4.4754696e-01 -9.5189476e-01 -3.7826085e-01
      vertex -5.6841040e-01 -8.8260865e-01 -3.7826085e-01
    endloop
  endfacet
  facet normal -3.8283581e-01 -8.5858142e-01 -3.4099093e-01
    outer loop
      vertex -4.3261659e-01 -9.3696439e-01 -4.3261659e-01
      vertex -3.7826085e-01 -9.8278898e-01 -3.7826085e-01
      vertex -4.4754696e-01 -9.5189476e-01 -3.7826085e-01
    endloop
  endfacet
  facet normal -3.8074341e-01 -9.0385723e-01 -1.9513200e-01
    outer loop
      vertex -4.7784013e-01 -9.8218793e-01 -2.2566622e-01
      vertex -3.7826085e-01 -1.0166870e+00 -2.6016533e-01
      vertex -3.7826085e-01 -1.0456330e+00 -1.2608695e-01
    endloop
  endfacet
  facet normal -3.9393130e-01 -8.8346511e-01 -2.5358942e-01
    outer loop
      vertex -4.4754696e-01 -9.5189476e-01 -3.7826085e-01
      vertex -3.7826085e-01 -9.8278898e-01 -3.7826085e-01
      vertex -4.7784013e-01 -9.8218793e-01 -2.2566622e-01
    endloop
  endfacet
  facet normal -3.9393103e-01 -8.8346529e-01 -2.5358924e-01
    outer loop
      vertex -3.7826085e-01 -9.8278898e-01 -3.7826085e-01
      vertex -3.7826085e-01 -1.0166870e+00 -2.6016533e-01
      vertex -4.7784013e-01 -9.8218793e-01 -2.2566622e-01
    endloop
  endfacet
  facet normal -4.8002642e-01 -8.3736330e-01 -2.6152891e-01
    outer loop
      vertex -4.4754696e-01 -9.5189476e-01 -3.7826085e-01
      vertex -4.7784013e-01 -9.8218793e-01 -2.2566622e-01
      vertex -5.6841040e-01 -8.8260865e-01 -3.7826085e-01
    endloop
  endfacet
  facet normal -4.8002616e-01 -8.3736342e-01 -2.6152918e-01
    outer loop
      vertex -5.6841040e-01 -8.8260865e-01 -3.7826085e-01
      vertex -4.7784013e-01 -9.8218793e-01 -2.2566622e-01
      vertex -5.9028494e-01 -8.8260865e-01 -3.3811101e-01
    endloop
  endfacet
  facet normal -5.0455618e-01 -8.3164293e-01 -2.3193336e-01
    outer loop
      vertex -6.3043475e-01 -9.0979767e-01 -1.5327594e-01
      vertex -6.3043475e-01 -8.8260865e-01 -2.5076753e-01
      vertex -4.7784013e-01 -9.8218793e-01 -2.2566622e-01
    endloop
  endfacet
  facet normal -5.0455636e-01 -8.3164299e-01 -2.3193304e-01
    outer loop
      vertex -6.3043475e-01 -8.8260865e-01 -2.5076753e-01
      vertex -5.9028494e-01 -8.8260865e-01 -3.3811101e-01
      vertex -4.7784013e-01 -9.8218793e-01 -2.2566622e-01
    endloop
  endfacet
  facet normal -4.9328861e-01 -8.4858292e-01 -1.9124186e-01
    outer loop
      vertex -6.3043475e-01 -9.0979767e-01 -1.5327594e-01
      vertex -4.7784013e-01 -9.8218793e-01 -2.2566622e-01
      vertex -6.3043475e-01 -9.1592515e-01 -1.2608695e-01
    endloop
  endfacet
  facet normal -4.9328932e-01 -8.4858215e-01 -1.9124347e-01
    outer loop
      vertex -6.3043475e-01 -9.1592515e-01 -1.2608695e-01
      vertex -4.7784013e-01 -9.8218793e-01 -2.2566622e-01
      vertex -4.9203214e-01 -9.9637997e-01 -1.2608695e-01
    endloop
  endfacet
  facet normal -3.9048383e-01 -9.0199298e-01 -1.8420377e-01
    outer loop
      vertex -4.7784013e-01 -9.8218793e-01 -2.2566622e-01
      vertex -3.7826085e-01 -1.0456330e+00 -1.2608695e-01
      vertex -4.9203214e-01 -9.9637997e-01 -1.2608695e-01
    endloop
  endfacet
  facet normal -3.9729965e-01 -9.1768897e-01 0.0000000e+00
    outer loop
      vertex -4.9202728e-01 -9.9637508e-01 1.2320645e-02
      vertex -3.7826085e-01 -1.0456285e+00 -3.6932811e-02
      vertex -3.7826085e-01 -1.0456285e+00 1.2608719e-01
    endloop
  endfacet
  facet normal -3.9728209e-01 -9.1769654e-01 4.6350237e-05
    outer loop
      vertex -4.9203214e-01 -9.9637997e-01 -1.2608695e-01
      vertex -3.7826085e-01 -1.0456330e+00 -1.2608695e-01
      vertex -4.9202728e-01 -9.9637508e-01 1.2320645e-02
    endloop
  endfacet
  facet normal -3.9728311e-01 -9.1769618e-01 4.5401401e-05
    outer loop
      vertex -3.7826085e-01 -1.0456330e+00 -1.2608695e-01
      vertex -3.7826085e-01 -1.0456285e+00 -3.6932811e-02
      vertex -4.9202728e-01 -9.9637508e-01 1.2320645e-02
    endloop
  endfacet
  facet normal -5.0256532e-01 -8.6453927e-01 4.8168287e-05
    outer loop
      vertex -4.9202728e-01 -9.9637508e-01 1.2320645e-02
      vertex -6.3043475e-01 -9.1592515e-01 -1.2608695e-01
      vertex -4.9203214e-01 -9.9637997e-01 -1.2608695e-01
    endloop
  endfacet
  facet normal -5.0263047e-01 -8.6450136e-01 1.3537408e-04
    outer loop
      vertex -4.9202728e-01 -9.9637508e-01 1.2320645e-02
      vertex -6.3043475e-01 -9.1589087e-01 9.2804946e-02
      vertex -6.3043475e-01 -9.1592515e-01 -1.2608695e-01
    endloop
  endfacet
  facet normal -5.0263482e-01 -8.6449879e-01 1.2540560e-04
    outer loop
      vertex -6.3043475e-01 -9.1589087e-01 9.2804946e-02
      vertex -4.9202728e-01 -9.9637508e-01 1.2320645e-02
      vertex -6.3043475e-01 -9.1588604e-01 1.2608719e-01
    endloop
  endfacet
  facet normal -5.0263524e-01 -8.6449856e-01 1.2475200e-04
    outer loop
      vertex -6.3043475e-01 -9.1588604e-01 1.2608719e-01
      vertex -4.9202728e-01 -9.9637508e-01 1.2320645e-02
      vertex -4.9201688e-01 -9.9636471e-01 1.2608719e-01
    endloop
  endfacet
  facet normal -3.9740068e-01 -9.1764522e-01 1.1998657e-04
    outer loop
      vertex -4.9202728e-01 -9.9637508e-01 1.2320645e-02
      vertex -3.7826085e-01 -1.0456285e+00 1.2608719e-01
      vertex -4.9201688e-01 -9.9636471e-01 1.2608719e-01
    endloop
  endfacet
  facet normal -4.0798244e-01 -8.9004594e-01 2.0339268e-01
    outer loop
      vertex -4.5971772e-01 -9.6406555e-01 2.9680422e-01
      vertex -3.7826085e-01 -1.0124640e+00 2.4840567e-01
      vertex -3.7826085e-01 -9.8278958e-01 3.7826109e-01
    endloop
  endfacet
  facet normal -3.8564366e-01 -8.9049691e-01 2.4144205e-01
    outer loop
      vertex -4.9201688e-01 -9.9636471e-01 1.2608719e-01
      vertex -3.7826085e-01 -1.0456285e+00 1.2608719e-01
      vertex -4.5971772e-01 -9.6406555e-01 2.9680422e-01
    endloop
  endfacet
  facet normal -3.8564274e-01 -8.9049715e-01 2.4144262e-01
    outer loop
      vertex -3.7826085e-01 -1.0456285e+00 1.2608719e-01
      vertex -3.7826085e-01 -1.0124640e+00 2.4840567e-01
      vertex -4.5971772e-01 -9.6406555e-01 2.9680422e-01
    endloop
  endfacet
  facet normal -4.8662037e-01 -8.3695412e-01 2.5041640e-01
    outer loop
      vertex -4.5971772e-01 -9.6406555e-01 2.9680422e-01
      vertex -6.3043475e-01 -9.1588604e-01 1.2608719e-01
      vertex -4.9201688e-01 -9.9636471e-01 1.2608719e-01
    endloop
  endfacet
  facet normal -4.6893194e-01 -8.5326546e-01 2.2812465e-01
    outer loop
      vertex -6.3043475e-01 -9.1588604e-01 1.2608719e-01
      vertex -4.5971772e-01 -9.6406555e-01 2.9680422e-01
      vertex -6.3043475e-01 -8.8260865e-01 2.5055620e-01
    endloop
  endfacet
  facet normal -4.6893200e-01 -8.5326535e-01 2.2812489e-01
    outer loop
      vertex -6.3043475e-01 -8.8260865e-01 2.5055620e-01
      vertex -4.5971772e-01 -9.6406555e-01 2.9680422e-01
      vertex -5.6830919e-01 -8.8260865e-01 3.7826109e-01
    endloop
  endfacet
  facet normal -4.8748690e-01 -8.4990811e-01 2.0003176e-01
    outer loop
      vertex -4.5971772e-01 -9.6406555e-01 2.9680422e-01
      vertex -4.4753438e-01 -9.5188218e-01 3.7826109e-01
      vertex -5.6830919e-01 -8.8260865e-01 3.7826109e-01
    endloop
  endfacet
  facet normal -3.9972603e-01 -8.9591622e-01 1.9378689e-01
    outer loop
      vertex -4.5971772e-01 -9.6406555e-01 2.9680422e-01
      vertex -3.7826085e-01 -9.8278958e-01 3.7826109e-01
      vertex -4.4753438e-01 -9.5188218e-01 3.7826109e-01
    endloop
  endfacet
  facet normal -3.7414014e-01 -8.3856994e-01 3.9600459e-01
    outer loop
      vertex -4.4753438e-01 -9.5188218e-01 3.7826109e-01
      vertex -3.7826085e-01 -9.8278958e-01 3.7826109e-01
      vertex -3.7826085e-01 -8.8260865e-01 5.9040183e-01
    endloop
  endfacet
  facet normal -4.5444334e-01 -7.9229832e-01 4.0711746e-01
    outer loop
      vertex -4.4753438e-01 -9.5188218e-01 3.7826109e-01
      vertex -3.7826085e-01 -8.8260865e-01 5.9040183e-01
      vertex -5.6830919e-01 -8.8260865e-01 3.7826109e-01
    endloop
  endfacet
  facet normal -4.0294704e-01 -6.7167443e-01 -6.2168092e-01
    outer loop
      vertex -4.6728164e-01 -7.1945554e-01 -7.1945554e-01
      vertex -3.7826085e-01 -7.4719012e-01 -7.4719012e-01
      vertex -3.7826085e-01 -8.5525525e-01 -6.3043475e-01
    endloop
  endfacet
  facet normal -4.0146416e-01 -5.7877219e-01 -7.0982337e-01
    outer loop
      vertex -4.6728164e-01 -7.1945554e-01 -7.1945554e-01
      vertex -3.7826085e-01 -6.3043475e-01 -8.4238952e-01
      vertex -3.7826085e-01 -7.4719012e-01 -7.4719012e-01
    endloop
  endfacet
  facet normal -4.1794777e-01 -5.6474745e-01 -7.1160388e-01
    outer loop
      vertex -4.6728164e-01 -7.1945554e-01 -7.1945554e-01
      vertex -5.1178980e-01 -6.3043475e-01 -7.6396370e-01
      vertex -3.7826085e-01 -6.3043475e-01 -8.4238952e-01
    endloop
  endfacet
  facet normal -4.9526247e-01 -5.7375932e-01 -6.5231538e-01
    outer loop
      vertex -6.3043475e-01 -6.5355122e-01 -6.5355122e-01
      vertex -6.3043475e-01 -6.3043475e-01 -6.7388386e-01
      vertex -4.6728164e-01 -7.1945554e-01 -7.1945554e-01
    endloop
  endfacet
  facet normal -4.9526262e-01 -5.7375979e-01 -6.5231478e-01
    outer loop
      vertex -6.3043475e-01 -6.3043475e-01 -6.7388386e-01
      vertex -5.1178980e-01 -6.3043475e-01 -7.6396370e-01
      vertex -4.6728164e-01 -7.1945554e-01 -7.1945554e-01
    endloop
  endfacet
  facet normal -4.9526918e-01 -6.5215153e-01 -5.7393980e-01
    outer loop
      vertex -6.3043475e-01 -6.5355122e-01 -6.5355122e-01
      vertex -4.6728164e-01 -7.1945554e-01 -7.1945554e-01
      vertex -6.3043475e-01 -6.7389536e-01 -6.3043475e-01
    endloop
  endfacet
  facet normal -4.9526915e-01 -6.5215147e-01 -5.7393962e-01
    outer loop
      vertex -6.3043475e-01 -6.7389536e-01 -6.3043475e-01
      vertex -4.6728164e-01 -7.1945554e-01 -7.1945554e-01
      vertex -5.1180983e-01 -7.6398373e-01 -6.3043475e-01
    endloop
  endfacet
  facet normal -4.6328938e-01 -6.7788750e-01 -5.7081652e-01
    outer loop
      vertex -4.6728164e-01 -7.1945554e-01 -7.1945554e-01
      vertex -3.7826085e-01 -8.5525525e-01 -6.3043475e-01
      vertex -5.1180983e-01 -7.6398373e-01 -6.3043475e-01
    endloop
  endfacet
  facet normal -4.4892874e-01 -7.9332167e-01 -4.1122219e-01
    outer loop
      vertex -4.7793147e-01 -8.8260865e-01 -4.7793147e-01
      vertex -5.5110121e-01 -8.0327511e-01 -5.5110121e-01
      vertex -3.7826085e-01 -8.8260865e-01 -5.8674127e-01
    endloop
  endfacet
  facet normal -4.4892874e-01 -7.9332119e-01 -4.1122329e-01
    outer loop
      vertex -3.7826085e-01 -8.8260865e-01 -5.8674127e-01
      vertex -5.5110121e-01 -8.0327511e-01 -5.5110121e-01
      vertex -3.7826085e-01 -8.6769199e-01 -6.1551809e-01
    endloop
  endfacet
  facet normal -4.6477750e-01 -6.8006492e-01 -5.6700402e-01
    outer loop
      vertex -5.1180983e-01 -7.6398373e-01 -6.3043475e-01
      vertex -3.7826085e-01 -8.5525525e-01 -6.3043475e-01
      vertex -5.5110121e-01 -8.0327511e-01 -5.5110121e-01
    endloop
  endfacet
  facet normal -4.6477747e-01 -6.8006527e-01 -5.6700373e-01
    outer loop
      vertex -3.7826085e-01 -8.5525525e-01 -6.3043475e-01
      vertex -3.7826085e-01 -8.6769199e-01 -6.1551809e-01
      vertex -5.5110121e-01 -8.0327511e-01 -5.5110121e-01
    endloop
  endfacet
  facet normal -4.9687752e-01 -6.5426946e-01 -5.7012653e-01
    outer loop
      vertex -5.5110121e-01 -8.0327511e-01 -5.5110121e-01
      vertex -6.3043475e-01 -6.7389536e-01 -6.3043475e-01
      vertex -5.1180983e-01 -7.6398373e-01 -6.3043475e-01
    endloop
  endfacet
  facet normal -5.6998235e-01 -6.5427667e-01 -4.9703339e-01
    outer loop
      vertex -5.5110121e-01 -8.0327511e-01 -5.5110121e-01
      vertex -6.3043475e-01 -7.6399922e-01 -5.1182532e-01
      vertex -6.3043475e-01 -6.7389536e-01 -6.3043475e-01
    endloop
  endfacet
  facet normal -5.6097078e-01 -7.1377045e-01 -4.1933709e-01
    outer loop
      vertex -6.3043475e-01 -7.6399922e-01 -5.1182532e-01
      vertex -5.5110121e-01 -8.0327511e-01 -5.5110121e-01
      vertex -6.3043475e-01 -8.4246778e-01 -3.7826085e-01
    endloop
  endfacet
  facet normal -5.6097156e-01 -7.1376967e-01 -4.1933730e-01
    outer loop
      vertex -6.3043475e-01 -8.4246778e-01 -3.7826085e-01
      vertex -5.5110121e-01 -8.0327511e-01 -5.5110121e-01
      vertex -6.0795856e-01 -8.6013246e-01 -3.7826085e-01
    endloop
  endfacet
  facet normal -4.5083040e-01 -7.9326087e-01 -4.0925452e-01
    outer loop
      vertex -4.7793147e-01 -8.8260865e-01 -4.7793147e-01
      vertex -5.6841040e-01 -8.8260865e-01 -3.7826085e-01
      vertex -5.5110121e-01 -8.0327511e-01 -5.5110121e-01
    endloop
  endfacet
  facet normal -4.5082986e-01 -7.9326105e-01 -4.0925458e-01
    outer loop
      vertex -5.6841040e-01 -8.8260865e-01 -3.7826085e-01
      vertex -6.0795856e-01 -8.6013246e-01 -3.7826085e-01
      vertex -5.5110121e-01 -8.0327511e-01 -5.5110121e-01
    endloop
  endfacet
  facet normal -4.5018306e-01 -8.5859066e-01 -2.4527000e-01
    outer loop
      vertex -6.1246723e-01 -8.6464113e-01 -3.6029333e-01
      vertex -5.6841040e-01 -8.8260865e-01 -3.7826085e-01
      vertex -5.9028494e-01 -8.8260865e-01 -3.3811101e-01
    endloop
  endfacet
  facet normal -4.6749622e-01 -8.2258648e-01 -3.2372648e-01
    outer loop
      vertex -6.1246723e-01 -8.6464113e-01 -3.6029333e-01
      vertex -6.0795856e-01 -8.6013246e-01 -3.7826085e-01
      vertex -5.6841040e-01 -8.8260865e-01 -3.7826085e-01
    endloop
  endfacet
  facet normal -5.8280522e-01 -7.4155045e-01 -3.3232671e-01
    outer loop
      vertex -6.1246723e-01 -8.6464113e-01 -3.6029333e-01
      vertex -6.3043475e-01 -8.4246778e-01 -3.7826085e-01
      vertex -6.0795856e-01 -8.6013246e-01 -3.7826085e-01
    endloop
  endfacet
  facet normal -6.2546307e-01 -7.3001999e-01 -2.7543935e-01
    outer loop
      vertex -6.1246723e-01 -8.6464113e-01 -3.6029333e-01
      vertex -6.3043475e-01 -8.5346413e-01 -3.4911633e-01
      vertex -6.3043475e-01 -8.4246778e-01 -3.7826085e-01
    endloop
  endfacet
  facet normal -6.1166918e-01 -7.5850946e-01 -2.2477551e-01
    outer loop
      vertex -6.1246723e-01 -8.6464113e-01 -3.6029333e-01
      vertex -6.3043475e-01 -8.8260865e-01 -2.5076753e-01
      vertex -6.3043475e-01 -8.5346413e-01 -3.4911633e-01
    endloop
  endfacet
  facet normal -4.7357687e-01 -8.5342544e-01 -2.1769249e-01
    outer loop
      vertex -6.1246723e-01 -8.6464113e-01 -3.6029333e-01
      vertex -5.9028494e-01 -8.8260865e-01 -3.3811101e-01
      vertex -6.3043475e-01 -8.8260865e-01 -2.5076753e-01
    endloop
  endfacet
  facet normal -5.9980911e-01 -7.6316428e-01 2.4043566e-01
    outer loop
      vertex -6.0790694e-01 -8.6008084e-01 3.7826109e-01
      vertex -6.3043475e-01 -8.4237510e-01 3.7826109e-01
      vertex -6.3043475e-01 -8.8260865e-01 2.5055620e-01
    endloop
  endfacet
  facet normal -4.8077673e-01 -8.4507436e-01 2.3388709e-01
    outer loop
      vertex -6.0790694e-01 -8.6008084e-01 3.7826109e-01
      vertex -6.3043475e-01 -8.8260865e-01 2.5055620e-01
      vertex -5.6830919e-01 -8.8260865e-01 3.7826109e-01
    endloop
  endfacet
  facet normal -5.0785357e-01 -7.3149920e-01 4.5496556e-01
    outer loop
      vertex -5.6830919e-01 -8.8260865e-01 3.7826109e-01
      vertex -3.7826085e-01 -8.8260865e-01 5.9040183e-01
      vertex -5.9021139e-01 -8.4238529e-01 4.1848445e-01
    endloop
  endfacet
  facet normal -5.0785381e-01 -7.3149878e-01 4.5496592e-01
    outer loop
      vertex -3.7826085e-01 -8.8260865e-01 5.9040183e-01
      vertex -3.7826085e-01 -8.5770947e-01 6.3043499e-01
      vertex -5.9021139e-01 -8.4238529e-01 4.1848445e-01
    endloop
  endfacet
  facet normal -4.2403767e-01 -7.4534255e-01 5.1444781e-01
    outer loop
      vertex -5.9021139e-01 -8.4238529e-01 4.1848445e-01
      vertex -6.0790694e-01 -8.6008084e-01 3.7826109e-01
      vertex -5.6830919e-01 -8.8260865e-01 3.7826109e-01
    endloop
  endfacet
  facet normal -5.2571774e-01 -6.6889453e-01 5.2554828e-01
    outer loop
      vertex -5.9021139e-01 -8.4238529e-01 4.1848445e-01
      vertex -6.3043475e-01 -8.4237510e-01 3.7826109e-01
      vertex -6.0790694e-01 -8.6008084e-01 3.7826109e-01
    endloop
  endfacet
  facet normal -4.9211776e-01 -7.1820563e-01 4.9193576e-01
    outer loop
      vertex -5.9021139e-01 -8.4238529e-01 4.1848445e-01
      vertex -6.3043475e-01 -7.5490290e-01 5.0596684e-01
      vertex -6.3043475e-01 -8.4237510e-01 3.7826109e-01
    endloop
  endfacet
  facet normal -5.3684705e-01 -7.0708364e-01 4.6024776e-01
    outer loop
      vertex -6.3043475e-01 -7.5490290e-01 5.0596684e-01
      vertex -5.9021139e-01 -8.4238529e-01 4.1848445e-01
      vertex -6.3043475e-01 -6.7388535e-01 6.3043499e-01
    endloop
  endfacet
  facet normal -5.3684747e-01 -7.0708346e-01 4.6024752e-01
    outer loop
      vertex -6.3043475e-01 -6.7388535e-01 6.3043499e-01
      vertex -5.9021139e-01 -8.4238529e-01 4.1848445e-01
      vertex -5.1179087e-01 -7.6396477e-01 6.3043499e-01
    endloop
  endfacet
  facet normal -5.1073927e-01 -7.2749746e-01 4.5814073e-01
    outer loop
      vertex -5.9021139e-01 -8.4238529e-01 4.1848445e-01
      vertex -3.7826085e-01 -8.5770947e-01 6.3043499e-01
      vertex -5.1179087e-01 -7.6396477e-01 6.3043499e-01
    endloop
  endfacet
  facet normal -4.3186596e-01 -6.1515027e-01 6.5960747e-01
    outer loop
      vertex -5.1179087e-01 -7.6396477e-01 6.3043499e-01
      vertex -3.7826085e-01 -8.5770947e-01 6.3043499e-01
      vertex -3.7826085e-01 -6.3043475e-01 8.4239149e-01
    endloop
  endfacet
  facet normal -4.5334712e-01 -5.9710485e-01 6.6177195e-01
    outer loop
      vertex -5.1179087e-01 -7.6396477e-01 6.3043499e-01
      vertex -3.7826085e-01 -6.3043475e-01 8.4239149e-01
      vertex -6.3043475e-01 -6.7388535e-01 6.3043499e-01
    endloop
  endfacet
  facet normal -4.5334703e-01 -5.9710503e-01 6.6177189e-01
    outer loop
      vertex -3.7826085e-01 -6.3043475e-01 8.4239149e-01
      vertex -5.0595552e-01 -6.3043475e-01 7.5491422e-01
      vertex -6.3043475e-01 -6.7388535e-01 6.3043499e-01
    endloop
  endfacet
  facet normal -4.1813043e-01 -6.4231646e-01 6.4233679e-01
    outer loop
      vertex -6.3043475e-01 -6.7388535e-01 6.3043499e-01
      vertex -5.0595552e-01 -6.3043475e-01 7.5491422e-01
      vertex -6.3043475e-01 -6.3043475e-01 6.7388421e-01
    endloop
  endfacet
  facet normal -3.6178660e-01 -4.6370810e-01 -8.0875534e-01
    outer loop
      vertex -4.3218133e-01 -4.3218133e-01 -9.3652910e-01
      vertex -3.7826085e-01 -4.4751197e-01 -9.5185977e-01
      vertex -3.7826085e-01 -5.6829315e-01 -8.8260865e-01
    endloop
  endfacet
  facet normal -3.5077724e-01 -3.7614667e-01 -8.5759497e-01
    outer loop
      vertex -4.3218133e-01 -4.3218133e-01 -9.3652910e-01
      vertex -3.7826085e-01 -3.7826085e-01 -9.8223376e-01
      vertex -3.7826085e-01 -4.4751197e-01 -9.5185977e-01
    endloop
  endfacet
  facet normal -3.7614983e-01 -3.5077405e-01 -8.5759485e-01
    outer loop
      vertex -4.3218133e-01 -4.3218133e-01 -9.3652910e-01
      vertex -4.4751179e-01 -3.7826085e-01 -9.5185959e-01
      vertex -3.7826085e-01 -3.7826085e-01 -9.8223376e-01
    endloop
  endfacet
  facet normal -4.6372080e-01 -3.6178425e-01 -8.0874920e-01
    outer loop
      vertex -4.3218133e-01 -4.3218133e-01 -9.3652910e-01
      vertex -5.6828845e-01 -3.7826085e-01 -8.8260865e-01
      vertex -4.4751179e-01 -3.7826085e-01 -9.5185959e-01
    endloop
  endfacet
  facet normal -4.7471556e-01 -4.3076903e-01 -7.6751757e-01
    outer loop
      vertex -4.3218133e-01 -4.3218133e-01 -9.3652910e-01
      vertex -4.7788602e-01 -4.7788602e-01 -8.8260865e-01
      vertex -5.6828845e-01 -3.7826085e-01 -8.8260865e-01
    endloop
  endfacet
  facet normal -4.3078095e-01 -4.7470403e-01 -7.6751798e-01
    outer loop
      vertex -4.3218133e-01 -4.3218133e-01 -9.3652910e-01
      vertex -3.7826085e-01 -5.6829315e-01 -8.8260865e-01
      vertex -4.7788602e-01 -4.7788602e-01 -8.8260865e-01
    endloop
  endfacet
  facet normal -4.1922215e-01 -5.6105244e-01 -7.1377373e-01
    outer loop
      vertex -5.1178980e-01 -6.3043475e-01 -7.6396370e-01
      vertex -5.5108386e-01 -5.5108386e-01 -8.0325776e-01
      vertex -3.7826085e-01 -6.3043475e-01 -8.4238952e-01
    endloop
  endfacet
  facet normal -4.1922221e-01 -5.6105274e-01 -7.1377343e-01
    outer loop
      vertex -3.7826085e-01 -6.3043475e-01 -8.4238952e-01
      vertex -5.5108386e-01 -5.5108386e-01 -8.0325776e-01
      vertex -3.7826085e-01 -6.0791612e-01 -8.6009002e-01
    endloop
  endfacet
  facet normal -4.0913829e-01 -4.5085454e-01 -7.9330707e-01
    outer loop
      vertex -4.7788602e-01 -4.7788602e-01 -8.8260865e-01
      vertex -3.7826085e-01 -5.6829315e-01 -8.8260865e-01
      vertex -5.5108386e-01 -5.5108386e-01 -8.0325776e-01
    endloop
  endfacet
  facet normal -4.0913826e-01 -4.5085454e-01 -7.9330707e-01
    outer loop
      vertex -3.7826085e-01 -5.6829315e-01 -8.8260865e-01
      vertex -3.7826085e-01 -6.0791612e-01 -8.6009002e-01
      vertex -5.5108386e-01 -5.5108386e-01 -8.0325776e-01
    endloop
  endfacet
  facet normal -4.5086551e-01 -4.0912691e-01 -7.9330671e-01
    outer loop
      vertex -4.7788602e-01 -4.7788602e-01 -8.8260865e-01
      vertex -5.5108386e-01 -5.5108386e-01 -8.0325776e-01
      vertex -5.6828845e-01 -3.7826085e-01 -8.8260865e-01
    endloop
  endfacet
  facet normal -4.5086461e-01 -4.0912700e-01 -7.9330707e-01
    outer loop
      vertex -5.6828845e-01 -3.7826085e-01 -8.8260865e-01
      vertex -5.5108386e-01 -5.5108386e-01 -8.0325776e-01
      vertex -6.0791409e-01 -3.7826085e-01 -8.6008799e-01
    endloop
  endfacet
  facet normal -5.6106544e-01 -4.1921037e-01 -7.1377045e-01
    outer loop
      vertex -6.3043475e-01 -5.1178837e-01 -7.6396227e-01
      vertex -6.3043475e-01 -3.7826085e-01 -8.4238541e-01
      vertex -5.5108386e-01 -5.5108386e-01 -8.0325776e-01
    endloop
  endfacet
  facet normal -5.6106579e-01 -4.1921046e-01 -7.1377015e-01
    outer loop
      vertex -6.3043475e-01 -3.7826085e-01 -8.4238541e-01
      vertex -6.0791409e-01 -3.7826085e-01 -8.6008799e-01
      vertex -5.5108386e-01 -5.5108386e-01 -8.0325776e-01
    endloop
  endfacet
  facet normal -5.7007527e-01 -4.9680725e-01 -6.5436751e-01
    outer loop
      vertex -5.5108386e-01 -5.5108386e-01 -8.0325776e-01
      vertex -6.3043475e-01 -6.3043475e-01 -6.7388386e-01
      vertex -6.3043475e-01 -5.1178837e-01 -7.6396227e-01
    endloop
  endfacet
  facet normal -4.9682161e-01 -5.7006198e-01 -6.5436810e-01
    outer loop
      vertex -5.5108386e-01 -5.5108386e-01 -8.0325776e-01
      vertex -5.1178980e-01 -6.3043475e-01 -7.6396370e-01
      vertex -6.3043475e-01 -6.3043475e-01 -6.7388386e-01
    endloop
  endfacet
  facet normal -4.9854368e-01 -4.7099656e-01 7.2774756e-01
    outer loop
      vertex -3.7826085e-01 -5.6829393e-01 8.8260889e-01
      vertex -5.0595552e-01 -6.3043475e-01 7.5491422e-01
      vertex -3.7826085e-01 -6.3043475e-01 8.4239149e-01
    endloop
  endfacet
  facet normal -4.7115287e-01 -4.9843219e-01 7.2772270e-01
    outer loop
      vertex -5.6828564e-01 -3.7826085e-01 8.8260889e-01
      vertex -6.3043475e-01 -3.7826085e-01 8.4237140e-01
      vertex -6.3043475e-01 -5.0596666e-01 7.5490308e-01
    endloop
  endfacet
  facet normal -5.1522720e-01 -4.6754909e-01 7.1828878e-01
    outer loop
      vertex -6.3043475e-01 -5.0596666e-01 7.5490308e-01
      vertex -6.3043475e-01 -6.3043475e-01 6.7388421e-01
      vertex -5.6828564e-01 -3.7826085e-01 8.8260889e-01
    endloop
  endfacet
  facet normal -5.1522708e-01 -4.6754918e-01 7.1828878e-01
    outer loop
      vertex -6.3043475e-01 -6.3043475e-01 6.7388421e-01
      vertex -4.7788262e-01 -4.7788262e-01 8.8260889e-01
      vertex -5.6828564e-01 -3.7826085e-01 8.8260889e-01
    endloop
  endfacet
  facet normal -4.6757203e-01 -5.1520520e-01 7.1828955e-01
    outer loop
      vertex -6.3043475e-01 -6.3043475e-01 6.7388421e-01
      vertex -5.0595552e-01 -6.3043475e-01 7.5491422e-01
      vertex -4.7788262e-01 -4.7788262e-01 8.8260889e-01
    endloop
  endfacet
  facet normal -4.6757221e-01 -5.1520514e-01 7.1828961e-01
    outer loop
      vertex -5.0595552e-01 -6.3043475e-01 7.5491422e-01
      vertex -3.7826085e-01 -5.6829393e-01 8.8260889e-01
      vertex -4.7788262e-01 -4.7788262e-01 8.8260889e-01
    endloop
  endfacet
  facet normal -3.8830882e-01 -4.2786700e-01 8.1617773e-01
    outer loop
      vertex -4.7788262e-01 -4.7788262e-01 8.8260889e-01
      vertex -3.7826085e-01 -5.6829393e-01 8.8260889e-01
      vertex -3.7826085e-01 -3.7826085e-01 9.8223042e-01
    endloop
  endfacet
  facet normal -4.2788532e-01 -3.8828987e-01 8.1617713e-01
    outer loop
      vertex -4.7788262e-01 -4.7788262e-01 8.8260889e-01
      vertex -3.7826085e-01 -3.7826085e-01 9.8223042e-01
      vertex -5.6828564e-01 -3.7826085e-01 8.8260889e-01
    endloop
  endfacet
  facet normal -3.8858688e-01 -2.5316459e-01 -8.8595033e-01
    outer loop
      vertex -4.4751179e-01 -3.7826085e-01 -9.5185959e-01
      vertex -4.7782505e-01 -2.2565116e-01 -9.8217285e-01
      vertex -3.7826085e-01 -3.7826085e-01 -9.8223376e-01
    endloop
  endfacet
  facet normal -3.8858700e-01 -2.5316468e-01 -8.8595027e-01
    outer loop
      vertex -3.7826085e-01 -3.7826085e-01 -9.8223376e-01
      vertex -4.7782505e-01 -2.2565116e-01 -9.8217285e-01
      vertex -3.7826085e-01 -2.5961557e-01 -1.0161372e+00
    endloop
  endfacet
  facet normal -3.7672183e-01 -1.9981369e-01 -9.0451926e-01
    outer loop
      vertex -4.7782505e-01 -2.2565116e-01 -9.8217285e-01
      vertex -3.7826085e-01 -1.2608695e-01 -1.0456345e+00
      vertex -3.7826085e-01 -2.5961557e-01 -1.0161372e+00
    endloop
  endfacet
  facet normal -3.9055881e-01 -1.8432945e-01 -9.0193486e-01
    outer loop
      vertex -4.7782505e-01 -2.2565116e-01 -9.8217285e-01
      vertex -4.9202445e-01 -1.2608695e-01 -9.9637222e-01
      vertex -3.7826085e-01 -1.2608695e-01 -1.0456345e+00
    endloop
  endfacet
  facet normal -4.9336717e-01 -1.9137335e-01 -8.4850752e-01
    outer loop
      vertex -6.3043475e-01 -1.5324612e-01 -9.0976781e-01
      vertex -6.3043475e-01 -1.2608695e-01 -9.1589332e-01
      vertex -4.7782505e-01 -2.2565116e-01 -9.8217285e-01
    endloop
  endfacet
  facet normal -4.9336657e-01 -1.9137196e-01 -8.4850818e-01
    outer loop
      vertex -6.3043475e-01 -1.2608695e-01 -9.1589332e-01
      vertex -4.9202445e-01 -1.2608695e-01 -9.9637222e-01
      vertex -4.7782505e-01 -2.2565116e-01 -9.8217285e-01
    endloop
  endfacet
  facet normal -5.0463009e-01 -2.3205608e-01 -8.3156389e-01
    outer loop
      vertex -6.3043475e-01 -1.5324612e-01 -9.0976781e-01
      vertex -4.7782505e-01 -2.2565116e-01 -9.8217285e-01
      vertex -6.3043475e-01 -2.5056988e-01 -8.8260865e-01
    endloop
  endfacet
  facet normal -5.0463003e-01 -2.3205613e-01 -8.3156389e-01
    outer loop
      vertex -6.3043475e-01 -2.5056988e-01 -8.8260865e-01
      vertex -4.7782505e-01 -2.2565116e-01 -9.8217285e-01
      vertex -5.9021211e-01 -3.3803818e-01 -8.8260865e-01
    endloop
  endfacet
  facet normal -4.8008317e-01 -2.6167241e-01 -8.3728594e-01
    outer loop
      vertex -4.4751179e-01 -3.7826085e-01 -9.5185959e-01
      vertex -5.6828845e-01 -3.7826085e-01 -8.8260865e-01
      vertex -4.7782505e-01 -2.2565116e-01 -9.8217285e-01
    endloop
  endfacet
  facet normal -4.8008284e-01 -2.6167265e-01 -8.3728600e-01
    outer loop
      vertex -5.6828845e-01 -3.7826085e-01 -8.8260865e-01
      vertex -5.9021211e-01 -3.3803818e-01 -8.8260865e-01
      vertex -4.7782505e-01 -2.2565116e-01 -9.8217285e-01
    endloop
  endfacet
  facet normal -4.6748632e-01 -3.2382447e-01 -8.2255352e-01
    outer loop
      vertex -6.1243290e-01 -3.6025900e-01 -8.6460680e-01
      vertex -5.6828845e-01 -3.7826085e-01 -8.8260865e-01
      vertex -6.0791409e-01 -3.7826085e-01 -8.6008799e-01
    endloop
  endfacet
  facet normal -4.5017898e-01 -2.4537334e-01 -8.5856318e-01
    outer loop
      vertex -6.1243290e-01 -3.6025900e-01 -8.6460680e-01
      vertex -5.9021211e-01 -3.3803818e-01 -8.8260865e-01
      vertex -5.6828845e-01 -3.7826085e-01 -8.8260865e-01
    endloop
  endfacet
  facet normal -4.7358671e-01 -2.1778072e-01 -8.5339743e-01
    outer loop
      vertex -6.1243290e-01 -3.6025900e-01 -8.6460680e-01
      vertex -6.3043475e-01 -2.5056988e-01 -8.8260865e-01
      vertex -5.9021211e-01 -3.3803818e-01 -8.8260865e-01
    endloop
  endfacet
  facet normal -6.1169052e-01 -2.2486597e-01 -7.5846559e-01
    outer loop
      vertex -6.1243290e-01 -3.6025900e-01 -8.6460680e-01
      vertex -6.3043475e-01 -3.4906077e-01 -8.5340858e-01
      vertex -6.3043475e-01 -2.5056988e-01 -8.8260865e-01
    endloop
  endfacet
  facet normal -6.2548864e-01 -2.7556038e-01 -7.2995234e-01
    outer loop
      vertex -6.1243290e-01 -3.6025900e-01 -8.6460680e-01
      vertex -6.3043475e-01 -3.7826085e-01 -8.4238541e-01
      vertex -6.3043475e-01 -3.4906077e-01 -8.5340858e-01
    endloop
  endfacet
  facet normal -5.8284324e-01 -3.3242890e-01 -7.4147469e-01
    outer loop
      vertex -6.1243290e-01 -3.6025900e-01 -8.6460680e-01
      vertex -6.0791409e-01 -3.7826085e-01 -8.6008799e-01
      vertex -6.3043475e-01 -3.7826085e-01 -8.4238541e-01
    endloop
  endfacet
  facet normal 1.0250229e-01 8.9290756e-01 4.3841672e-01
    outer loop
      vertex -3.7826085e-01 -2.2719049e-01 2.4983548e-02
      vertex -4.7213665e-01 -2.1996275e-01 3.2211311e-02
      vertex -3.7826085e-01 -2.7683228e-01 1.2608719e-01
    endloop
  endfacet
  facet normal 1.0727237e-01 6.0208851e-01 7.9119027e-01
    outer loop
      vertex -3.7826085e-01 -1.2608695e-01 -5.1955312e-02
      vertex -4.7213665e-01 -2.1996275e-01 3.2211311e-02
      vertex -3.7826085e-01 -2.2719049e-01 2.4983548e-02
    endloop
  endfacet
  facet normal 1.5183571e-01 5.7131106e-01 8.0656654e-01
    outer loop
      vertex -5.2809668e-01 -1.2608695e-01 -2.3748800e-02
      vertex -4.7213665e-01 -2.1996275e-01 3.2211311e-02
      vertex -3.7826085e-01 -1.2608695e-01 -5.1955312e-02
    endloop
  endfacet
  facet normal 3.1114313e-01 6.1658019e-01 7.2320038e-01
    outer loop
      vertex -6.3043475e-01 -1.8320049e-01 6.8973586e-02
      vertex -4.7213665e-01 -2.1996275e-01 3.2211311e-02
      vertex -6.3043475e-01 -1.2608695e-01 2.0280190e-02
    endloop
  endfacet
  facet normal 3.1114310e-01 6.1658019e-01 7.2320050e-01
    outer loop
      vertex -4.7213665e-01 -2.1996275e-01 3.2211311e-02
      vertex -5.2809668e-01 -1.2608695e-01 -2.3748800e-02
      vertex -6.3043475e-01 -1.2608695e-01 2.0280190e-02
    endloop
  endfacet
  facet normal 3.0050912e-01 8.3737433e-01 4.5661637e-01
    outer loop
      vertex -6.3043475e-01 -1.8320049e-01 6.8973586e-02
      vertex -6.3043475e-01 -2.1434428e-01 1.2608719e-01
      vertex -4.7213665e-01 -2.1996275e-01 3.2211311e-02
    endloop
  endfacet
  facet normal 3.0050904e-01 8.3737445e-01 4.5661625e-01
    outer loop
      vertex -4.7213665e-01 -2.1996275e-01 3.2211311e-02
      vertex -6.3043475e-01 -2.1434428e-01 1.2608719e-01
      vertex -5.0980771e-01 -2.5763378e-01 1.2608719e-01
    endloop
  endfacet
  facet normal 1.3144597e-01 9.0065879e-01 4.1416875e-01
    outer loop
      vertex -3.7826085e-01 -2.7683228e-01 1.2608719e-01
      vertex -4.7213665e-01 -2.1996275e-01 3.2211311e-02
      vertex -5.0980771e-01 -2.5763378e-01 1.2608719e-01
    endloop
  endfacet
  facet normal 1.6733019e-01 9.7263098e-01 -1.6121325e-01
    outer loop
      vertex -3.7826085e-01 -2.3494217e-01 2.6940587e-01
      vertex -4.6850580e-01 -2.1633190e-01 2.8801614e-01
      vertex -3.7826085e-01 -2.1689945e-01 3.7826109e-01
    endloop
  endfacet
  facet normal 1.3872859e-01 9.5055872e-01 -2.7783552e-01
    outer loop
      vertex -5.0980771e-01 -2.5763378e-01 1.2608719e-01
      vertex -4.6850580e-01 -2.1633190e-01 2.8801614e-01
      vertex -3.7826085e-01 -2.7683228e-01 1.2608719e-01
    endloop
  endfacet
  facet normal 1.3872865e-01 9.5055866e-01 -2.7783546e-01
    outer loop
      vertex -4.6850580e-01 -2.1633190e-01 2.8801614e-01
      vertex -3.7826085e-01 -2.3494217e-01 2.6940587e-01
      vertex -3.7826085e-01 -2.7683228e-01 1.2608719e-01
    endloop
  endfacet
  facet normal 3.2112277e-01 8.9481497e-01 -3.1013921e-01
    outer loop
      vertex -5.0980771e-01 -2.5763378e-01 1.2608719e-01
      vertex -6.3043475e-01 -2.1434428e-01 1.2608719e-01
      vertex -4.6850580e-01 -2.1633190e-01 2.8801614e-01
    endloop
  endfacet
  facet normal 2.5811034e-01 9.3410146e-01 -2.4664456e-01
    outer loop
      vertex -6.3043475e-01 -2.1434428e-01 1.2608719e-01
      vertex -6.3043475e-01 -1.5553458e-01 3.4881347e-01
      vertex -4.6850580e-01 -2.1633190e-01 2.8801614e-01
    endloop
  endfacet
  facet normal 2.9254416e-01 9.4224423e-01 -1.6307552e-01
    outer loop
      vertex -6.3043475e-01 -1.5553458e-01 3.4881347e-01
      vertex -6.3043475e-01 -1.5043804e-01 3.7826109e-01
      vertex -4.6850580e-01 -2.1633190e-01 2.8801614e-01
    endloop
  endfacet
  facet normal 2.9254419e-01 9.4224435e-01 -1.6307545e-01
    outer loop
      vertex -4.6850580e-01 -2.1633190e-01 2.8801614e-01
      vertex -6.3043475e-01 -1.5043804e-01 3.7826109e-01
      vertex -4.5658737e-01 -2.0441347e-01 3.7826109e-01
    endloop
  endfacet
  facet normal 1.5565234e-01 9.7643161e-01 -1.4951152e-01
    outer loop
      vertex -3.7826085e-01 -2.1689945e-01 3.7826109e-01
      vertex -4.6850580e-01 -2.1633190e-01 2.8801614e-01
      vertex -4.5658737e-01 -2.0441347e-01 3.7826109e-01
    endloop
  endfacet
  facet normal 1.0384095e-01 6.5141094e-01 -7.5158548e-01
    outer loop
      vertex -3.7826085e-01 -1.2608695e-01 4.5696971e-01
      vertex -3.7826085e-01 -2.1689945e-01 3.7826109e-01
      vertex -4.5658737e-01 -2.0441347e-01 3.7826109e-01
    endloop
  endfacet
  facet normal 1.8564072e-01 5.9792304e-01 -7.7975988e-01
    outer loop
      vertex -4.5658737e-01 -2.0441347e-01 3.7826109e-01
      vertex -6.3043475e-01 -1.5043804e-01 3.7826109e-01
      vertex -3.7826085e-01 -1.2608695e-01 4.5696971e-01
    endloop
  endfacet
  facet normal 1.8564081e-01 5.9792286e-01 -7.7976006e-01
    outer loop
      vertex -6.3043475e-01 -1.5043804e-01 3.7826109e-01
      vertex -6.0592777e-01 -1.2608695e-01 4.0276808e-01
      vertex -3.7826085e-01 -1.2608695e-01 4.5696971e-01
    endloop
  endfacet
  facet normal 1.0945886e-01 6.4821422e-01 -7.5354964e-01
    outer loop
      vertex -6.0592777e-01 -1.2608695e-01 4.0276808e-01
      vertex -6.3043475e-01 -1.5043804e-01 3.7826109e-01
      vertex -6.3043475e-01 -1.2608695e-01 3.9920825e-01
    endloop
  endfacet
  facet normal -5.4690439e-01 -2.5156790e-01 7.9850435e-01
    outer loop
      vertex -5.9019566e-01 -3.3802173e-01 8.8260889e-01
      vertex -6.3043475e-01 -2.5054261e-01 8.8260889e-01
      vertex -6.3043475e-01 -3.7826085e-01 8.4237140e-01
    endloop
  endfacet
  facet normal -5.2113503e-01 -2.8375554e-01 8.0492300e-01
    outer loop
      vertex -5.9019566e-01 -3.3802173e-01 8.8260889e-01
      vertex -6.3043475e-01 -3.7826085e-01 8.4237140e-01
      vertex -5.6828564e-01 -3.7826085e-01 8.8260889e-01
    endloop
  endfacet
  facet normal -4.5476374e-01 -2.0180684e-01 8.6744684e-01
    outer loop
      vertex -5.6828564e-01 -3.7826085e-01 8.8260889e-01
      vertex -3.7826085e-01 -3.7826085e-01 9.8223042e-01
      vertex -3.7826085e-01 -2.4843629e-01 1.0124334e+00
    endloop
  endfacet
  facet normal -4.3317473e-01 -2.3586157e-01 8.6990166e-01
    outer loop
      vertex -5.6828564e-01 -3.7826085e-01 8.8260889e-01
      vertex -3.7826085e-01 -2.4843629e-01 1.0124334e+00
      vertex -5.9019566e-01 -3.3802173e-01 8.8260889e-01
    endloop
  endfacet
  facet normal -4.3317467e-01 -2.3586176e-01 8.6990172e-01
    outer loop
      vertex -3.7826085e-01 -2.4843629e-01 1.0124334e+00
      vertex -3.7826085e-01 -1.2608695e-01 1.0456067e+00
      vertex -5.9019566e-01 -3.3802173e-01 8.8260889e-01
    endloop
  endfacet
  facet normal -4.5571473e-01 -2.0962201e-01 8.6509126e-01
    outer loop
      vertex -5.9019566e-01 -3.3802173e-01 8.8260889e-01
      vertex -3.7826085e-01 -1.2608695e-01 1.0456067e+00
      vertex -6.3043475e-01 -2.5054261e-01 8.8260889e-01
    endloop
  endfacet
  facet normal -4.5571458e-01 -2.0962217e-01 8.6509120e-01
    outer loop
      vertex -3.7826085e-01 -1.2608695e-01 1.0456067e+00
      vertex -5.6670696e-01 -1.2608695e-01 9.4633669e-01
      vertex -6.3043475e-01 -2.5054261e-01 8.8260889e-01
    endloop
  endfacet
  facet normal -4.1917017e-01 -2.3448636e-01 8.7710464e-01
    outer loop
      vertex -6.3043475e-01 -2.5054261e-01 8.8260889e-01
      vertex -5.6670696e-01 -1.2608695e-01 9.4633669e-01
      vertex -6.3043475e-01 -1.2608695e-01 9.1588104e-01
    endloop
  endfacet
  facet normal -3.9725333e-01 -2.4009626e-02 -9.1739488e-01
    outer loop
      vertex -4.9202445e-01 -1.2608695e-01 -9.9637222e-01
      vertex -4.9450693e-01 9.8410174e-03 -9.9885470e-01
      vertex -3.7826085e-01 -1.2608695e-01 -1.0456345e+00
    endloop
  endfacet
  facet normal -3.9725375e-01 -2.4010060e-02 -9.1739470e-01
    outer loop
      vertex -3.7826085e-01 -1.2608695e-01 -1.0456345e+00
      vertex -4.9450693e-01 9.8410174e-03 -9.9885470e-01
      vertex -3.7826085e-01 -3.9212495e-02 -1.0479082e+00
    endloop
  endfacet
  facet normal -3.9486396e-01 -1.7162150e-02 -9.1857928e-01
    outer loop
      vertex -4.9450693e-01 9.8410174e-03 -9.9885470e-01
      vertex -3.7826085e-01 1.2608719e-01 -1.0509965e+00
      vertex -3.7826085e-01 -3.9212495e-02 -1.0479082e+00
    endloop
  endfacet
  facet normal -3.6709595e-01 -4.9542766e-02 -9.2886275e-01
    outer loop
      vertex -4.9450693e-01 9.8410174e-03 -9.9885470e-01
      vertex -4.9895084e-01 1.2608719e-01 -1.0032986e+00
      vertex -3.7826085e-01 1.2608719e-01 -1.0509965e+00
    endloop
  endfacet
  facet normal -4.5479777e-01 -5.1374849e-02 -8.8911170e-01
    outer loop
      vertex -6.3043475e-01 7.5572699e-02 -9.3312311e-01
      vertex -6.3043475e-01 1.2608719e-01 -9.3604195e-01
      vertex -4.9450693e-01 9.8410174e-03 -9.9885470e-01
    endloop
  endfacet
  facet normal -4.5479846e-01 -5.1375844e-02 -8.8911122e-01
    outer loop
      vertex -6.3043475e-01 1.2608719e-01 -9.3604195e-01
      vertex -4.9895084e-01 1.2608719e-01 -1.0032986e+00
      vertex -4.9450693e-01 9.8410174e-03 -9.9885470e-01
    endloop
  endfacet
  facet normal -4.6343604e-01 -7.5436123e-02 -8.8291359e-01
    outer loop
      vertex -4.9450693e-01 9.8410174e-03 -9.9885470e-01
      vertex -6.3043475e-01 -1.2608695e-01 -9.1589332e-01
      vertex -6.3043475e-01 7.5572699e-02 -9.3312311e-01
    endloop
  endfacet
  facet normal -5.0250024e-01 -2.4960566e-02 -8.6421669e-01
    outer loop
      vertex -4.9450693e-01 9.8410174e-03 -9.9885470e-01
      vertex -4.9202445e-01 -1.2608695e-01 -9.9637222e-01
      vertex -6.3043475e-01 -1.2608695e-01 -9.1589332e-01
    endloop
  endfacet
  facet normal 1.8499999e-01 -1.4309369e-07 9.8273855e-01
    outer loop
      vertex -5.2809668e-01 -1.2608695e-01 -2.3748800e-02
      vertex -3.7826085e-01 -1.2608695e-01 -5.1955312e-02
      vertex -5.2809668e-01 -2.3748785e-02 -2.3748785e-02
    endloop
  endfacet
  facet normal 1.8500002e-01 -1.2359760e-07 9.8273849e-01
    outer loop
      vertex -5.2809668e-01 -2.3748785e-02 -2.3748785e-02
      vertex -3.7826085e-01 -1.2608695e-01 -5.1955312e-02
      vertex -3.7826085e-01 -5.1955305e-02 -5.1955305e-02
    endloop
  endfacet
  facet normal 1.8500005e-01 4.1124856e-08 9.8273849e-01
    outer loop
      vertex -3.7826085e-01 1.2608719e-01 -5.1955312e-02
      vertex -5.2809668e-01 -2.3748785e-02 -2.3748785e-02
      vertex -3.7826085e-01 -5.1955305e-02 -5.1955305e-02
    endloop
  endfacet
  facet normal 1.8499999e-01 9.7733171e-08 9.8273855e-01
    outer loop
      vertex -5.2809668e-01 1.2608719e-01 -2.3748800e-02
      vertex -5.2809668e-01 -2.3748785e-02 -2.3748785e-02
      vertex -3.7826085e-01 1.2608719e-01 -5.1955312e-02
    endloop
  endfacet
  facet normal 3.9520663e-01 6.4684244e-08 9.1859227e-01
    outer loop
      vertex -6.3043475e-01 2.0280197e-02 2.0280197e-02
      vertex -5.2809668e-01 -2.3748785e-02 -2.3748785e-02
      vertex -6.3043475e-01 1.2608719e-01 2.0280190e-02
    endloop
  endfacet
  facet normal 3.9520669e-01 9.1353840e-08 9.1859227e-01
    outer loop
      vertex -5.2809668e-01 -2.3748785e-02 -2.3748785e-02
      vertex -5.2809668e-01 1.2608719e-01 -2.3748800e-02
      vertex -6.3043475e-01 1.2608719e-01 2.0280190e-02
    endloop
  endfacet
  facet normal 3.9520657e-01 -4.6759443e-08 9.1859233e-01
    outer loop
      vertex -6.3043475e-01 2.0280197e-02 2.0280197e-02
      vertex -6.3043475e-01 -1.2608695e-01 2.0280190e-02
      vertex -5.2809668e-01 -2.3748785e-02 -2.3748785e-02
    endloop
  endfacet
  facet normal 3.9520666e-01 -1.2252910e-07 9.1859221e-01
    outer loop
      vertex -6.3043475e-01 -1.2608695e-01 2.0280190e-02
      vertex -5.2809668e-01 -1.2608695e-01 -2.3748800e-02
      vertex -5.2809668e-01 -2.3748785e-02 -2.3748785e-02
    endloop
  endfacet
  facet normal 2.3160124e-01 -9.0137601e-06 -9.7281080e-01
    outer loop
      vertex -6.0592777e-01 -1.2608695e-01 4.0276808e-01
      vertex -6.0592806e-01 -1.0158023e-01 4.0276778e-01
      vertex -3.7826085e-01 -1.2608695e-01 4.5696971e-01
    endloop
  endfacet
  facet normal 2.3160122e-01 -9.2087321e-06 -9.7281080e-01
    outer loop
      vertex -3.7826085e-01 -1.2608695e-01 4.5696971e-01
      vertex -6.0592806e-01 -1.0158023e-01 4.0276778e-01
      vertex -3.7826085e-01 -4.7378987e-02 4.5696896e-01
    endloop
  endfacet
  facet normal 2.3159911e-01 0.0000000e+00 -9.7281134e-01
    outer loop
      vertex -6.0592806e-01 -1.0158023e-01 4.0276778e-01
      vertex -3.7826085e-01 1.2608719e-01 4.5696896e-01
      vertex -3.7826085e-01 -4.7378987e-02 4.5696896e-01
    endloop
  endfacet
  facet normal 2.3160341e-01 -4.5299103e-06 -9.7281033e-01
    outer loop
      vertex -6.0592806e-01 -1.0158023e-01 4.0276778e-01
      vertex -6.0592949e-01 1.2608719e-01 4.0276638e-01
      vertex -3.7826085e-01 1.2608719e-01 4.5696896e-01
    endloop
  endfacet
  facet normal 1.4381988e-01 -5.3569611e-06 -9.8960388e-01
    outer loop
      vertex -6.3043475e-01 -1.0514180e-01 3.9920622e-01
      vertex -6.3043475e-01 1.2608719e-01 3.9920497e-01
      vertex -6.0592806e-01 -1.0158023e-01 4.0276778e-01
    endloop
  endfacet
  facet normal 1.4382145e-01 -5.1843358e-06 -9.8960370e-01
    outer loop
      vertex -6.3043475e-01 1.2608719e-01 3.9920497e-01
      vertex -6.0592949e-01 1.2608719e-01 4.0276638e-01
      vertex -6.0592806e-01 -1.0158023e-01 4.0276778e-01
    endloop
  endfacet
  facet normal 1.4383276e-01 -9.5752250e-05 -9.8960197e-01
    outer loop
      vertex -6.0592806e-01 -1.0158023e-01 4.0276778e-01
      vertex -6.3043475e-01 -1.2608695e-01 3.9920825e-01
      vertex -6.3043475e-01 -1.0514180e-01 3.9920622e-01
    endloop
  endfacet
  facet normal 1.4374907e-01 -1.0286464e-05 -9.8961419e-01
    outer loop
      vertex -6.0592806e-01 -1.0158023e-01 4.0276778e-01
      vertex -6.0592777e-01 -1.2608695e-01 4.0276808e-01
      vertex -6.3043475e-01 -1.2608695e-01 3.9920825e-01
    endloop
  endfacet
  facet normal -4.6600488e-01 -1.6654229e-02 8.8462543e-01
    outer loop
      vertex -5.6670696e-01 -1.2608695e-01 9.4633669e-01
      vertex -3.7826085e-01 -1.2608695e-01 1.0456067e+00
      vertex -5.6406659e-01 -5.9718728e-02 9.4897705e-01
    endloop
  endfacet
  facet normal -4.6600494e-01 -1.6654452e-02 8.8462532e-01
    outer loop
      vertex -5.6406659e-01 -5.9718728e-02 9.4897705e-01
      vertex -3.7826085e-01 -1.2608695e-01 1.0456067e+00
      vertex -3.7826085e-01 4.0038615e-02 1.0487343e+00
    endloop
  endfacet
  facet normal -4.6327755e-01 -2.3023309e-02 8.8591415e-01
    outer loop
      vertex -3.7826085e-01 1.2608719e-01 1.0509706e+00
      vertex -5.6406659e-01 -5.9718728e-02 9.4897705e-01
      vertex -3.7826085e-01 4.0038615e-02 1.0487343e+00
    endloop
  endfacet
  facet normal -4.2584774e-01 -6.9355853e-02 9.0213275e-01
    outer loop
      vertex -5.3700984e-01 1.2608719e-01 9.7603381e-01
      vertex -5.6406659e-01 -5.9718728e-02 9.4897705e-01
      vertex -3.7826085e-01 1.2608719e-01 1.0509706e+00
    endloop
  endfacet
  facet normal -3.9246714e-01 -7.6322637e-02 9.1659397e-01
    outer loop
      vertex -6.3043475e-01 -9.0717457e-02 9.1797835e-01
      vertex -5.6406659e-01 -5.9718728e-02 9.4897705e-01
      vertex -6.3043475e-01 1.2608719e-01 9.3603116e-01
    endloop
  endfacet
  facet normal -3.9246687e-01 -7.6322533e-02 9.1659403e-01
    outer loop
      vertex -5.6406659e-01 -5.9718728e-02 9.4897705e-01
      vertex -5.3700984e-01 1.2608719e-01 9.7603381e-01
      vertex -6.3043475e-01 1.2608719e-01 9.3603116e-01
    endloop
  endfacet
  facet normal -4.0166840e-01 -5.4208193e-02 9.1417938e-01
    outer loop
      vertex -6.3043475e-01 -9.0717457e-02 9.1797835e-01
      vertex -6.3043475e-01 -1.2608695e-01 9.1588104e-01
      vertex -5.6406659e-01 -5.9718728e-02 9.4897705e-01
    endloop
  endfacet
  facet normal -4.3111637e-01 -1.8737508e-02 9.0210181e-01
    outer loop
      vertex -6.3043475e-01 -1.2608695e-01 9.1588104e-01
      vertex -5.6670696e-01 -1.2608695e-01 9.4633669e-01
      vertex -5.6406659e-01 -5.9718728e-02 9.4897705e-01
    endloop
  endfacet
  facet normal -3.5442203e-01 2.6484996e-01 -8.9679402e-01
    outer loop
      vertex -4.9895084e-01 1.2608719e-01 -1.0032986e+00
      vertex -4.6364596e-01 2.9287598e-01 -9.6799380e-01
      vertex -3.7826085e-01 1.2608719e-01 -1.0509965e+00
    endloop
  endfacet
  facet normal -3.5442078e-01 2.6485077e-01 -8.9679432e-01
    outer loop
      vertex -3.7826085e-01 1.2608719e-01 -1.0509965e+00
      vertex -4.6364596e-01 2.9287598e-01 -9.6799380e-01
      vertex -3.7826085e-01 2.4498828e-01 -1.0158814e+00
    endloop
  endfacet
  facet normal -3.7877882e-01 2.2287539e-01 -8.9825004e-01
    outer loop
      vertex -4.6364596e-01 2.9287598e-01 -9.6799380e-01
      vertex -3.7826085e-01 3.7826109e-01 -9.8281354e-01
      vertex -3.7826085e-01 2.4498828e-01 -1.0158814e+00
    endloop
  endfacet
  facet normal -3.7027711e-01 2.1336071e-01 -9.0408629e-01
    outer loop
      vertex -4.6364596e-01 2.9287598e-01 -9.6799380e-01
      vertex -4.4935036e-01 3.7826109e-01 -9.5369816e-01
      vertex -3.7826085e-01 3.7826109e-01 -9.8281354e-01
    endloop
  endfacet
  facet normal -4.9036142e-01 2.2314914e-01 -8.4246677e-01
    outer loop
      vertex -4.6364596e-01 2.9287598e-01 -9.6799380e-01
      vertex -5.7148588e-01 3.7826109e-01 -8.8260865e-01
      vertex -4.4935036e-01 3.7826109e-01 -9.5369816e-01
    endloop
  endfacet
  facet normal -4.4669899e-01 2.8417948e-01 -8.4835261e-01
    outer loop
      vertex -6.3043475e-01 1.2608719e-01 -9.3604195e-01
      vertex -6.3043475e-01 2.8560004e-01 -8.8260865e-01
      vertex -4.6364596e-01 2.9287598e-01 -9.6799380e-01
    endloop
  endfacet
  facet normal -4.4669893e-01 2.8417978e-01 -8.4835243e-01
    outer loop
      vertex -6.3043475e-01 2.8560004e-01 -8.8260865e-01
      vertex -5.7148588e-01 3.7826109e-01 -8.8260865e-01
      vertex -4.6364596e-01 2.9287598e-01 -9.6799380e-01
    endloop
  endfacet
  facet normal -4.3797809e-01 2.7394986e-01 -8.5622823e-01
    outer loop
      vertex -4.6364596e-01 2.9287598e-01 -9.6799380e-01
      vertex -4.9895084e-01 1.2608719e-01 -1.0032986e+00
      vertex -6.3043475e-01 1.2608719e-01 -9.3604195e-01
    endloop
  endfacet
  facet normal -4.6598026e-01 2.9644614e-01 -8.3365583e-01
    outer loop
      vertex -6.0929883e-01 3.7826109e-01 -8.6147273e-01
      vertex -5.7148588e-01 3.7826109e-01 -8.8260865e-01
      vertex -6.3043475e-01 2.8560004e-01 -8.8260865e-01
    endloop
  endfacet
  facet normal -5.9240550e-01 3.0519688e-01 -7.4559414e-01
    outer loop
      vertex -6.0929883e-01 3.7826109e-01 -8.6147273e-01
      vertex -6.3043475e-01 2.8560004e-01 -8.8260865e-01
      vertex -6.3043475e-01 3.7826109e-01 -8.4467936e-01
    endloop
  endfacet
  facet normal 1.2075236e-01 -7.5760305e-01 6.4144868e-01
    outer loop
      vertex -3.7826085e-01 2.7683252e-01 1.2608719e-01
      vertex -5.2809668e-01 1.2608719e-01 -2.3748800e-02
      vertex -3.7826085e-01 1.2608719e-01 -5.1955312e-02
    endloop
  endfacet
  facet normal 1.3173915e-01 -7.6122558e-01 6.3496494e-01
    outer loop
      vertex -5.2370691e-01 2.3281504e-01 1.2608719e-01
      vertex -6.3043475e-01 2.1434452e-01 1.2608719e-01
      vertex -6.3043475e-01 1.2608719e-01 2.0280190e-02
    endloop
  endfacet
  facet normal 2.4027917e-01 -7.9394954e-01 5.5848902e-01
    outer loop
      vertex -6.3043475e-01 1.2608719e-01 2.0280190e-02
      vertex -5.2809668e-01 1.2608719e-01 -2.3748800e-02
      vertex -5.2370691e-01 2.3281504e-01 1.2608719e-01
    endloop
  endfacet
  facet normal 2.4027917e-01 -7.9394954e-01 5.5848908e-01
    outer loop
      vertex -5.2809668e-01 1.2608719e-01 -2.3748800e-02
      vertex -3.7826085e-01 2.7683252e-01 1.2608719e-01
      vertex -5.2370691e-01 2.3281504e-01 1.2608719e-01
    endloop
  endfacet
  facet normal 3.1959984e-01 -8.9586812e-01 -3.0866840e-01
    outer loop
      vertex -5.4161549e-01 2.1490644e-01 2.1490644e-01
      vertex -3.7826085e-01 2.5824934e-01 2.5824934e-01
      vertex -3.7826085e-01 2.1689969e-01 3.7826109e-01
    endloop
  endfacet
  facet normal 2.8707522e-01 -9.4857681e-01 -1.3337849e-01
    outer loop
      vertex -5.2370691e-01 2.3281504e-01 1.2608719e-01
      vertex -3.7826085e-01 2.7683252e-01 1.2608719e-01
      vertex -5.4161549e-01 2.1490644e-01 2.1490644e-01
    endloop
  endfacet
  facet normal 2.8707528e-01 -9.4857681e-01 -1.3337837e-01
    outer loop
      vertex -3.7826085e-01 2.7683252e-01 1.2608719e-01
      vertex -3.7826085e-01 2.5824934e-01 2.5824934e-01
      vertex -5.4161549e-01 2.1490644e-01 2.1490644e-01
    endloop
  endfacet
  facet normal 1.6827120e-01 -9.7231787e-01 -1.6211976e-01
    outer loop
      vertex -5.4161549e-01 2.1490644e-01 2.1490644e-01
      vertex -6.3043475e-01 2.1434452e-01 1.2608719e-01
      vertex -5.2370691e-01 2.3281504e-01 1.2608719e-01
    endloop
  endfacet
  facet normal 1.5653481e-01 -9.7616035e-01 -1.5035908e-01
    outer loop
      vertex -5.4161549e-01 2.1490644e-01 2.1490644e-01
      vertex -6.3043475e-01 2.0256461e-01 2.0256461e-01
      vertex -6.3043475e-01 2.1434452e-01 1.2608719e-01
    endloop
  endfacet
  facet normal 1.7021777e-01 -9.4470400e-01 -2.8028610e-01
    outer loop
      vertex -6.3043475e-01 2.0256461e-01 2.0256461e-01
      vertex -5.4161549e-01 2.1490644e-01 2.1490644e-01
      vertex -6.3043475e-01 1.5043688e-01 3.7826109e-01
    endloop
  endfacet
  facet normal 1.7021753e-01 -9.4470394e-01 -2.8028619e-01
    outer loop
      vertex -6.3043475e-01 1.5043688e-01 3.7826109e-01
      vertex -5.4161549e-01 2.1490644e-01 2.1490644e-01
      vertex -6.0073346e-01 1.5578848e-01 3.7826109e-01
    endloop
  endfacet
  facet normal 2.5678158e-01 -9.3480176e-01 -2.4537508e-01
    outer loop
      vertex -5.4161549e-01 2.1490644e-01 2.1490644e-01
      vertex -3.7826085e-01 2.1689969e-01 3.7826109e-01
      vertex -6.0073346e-01 1.5578848e-01 3.7826109e-01
    endloop
  endfacet
  facet normal 2.0430957e-01 -4.7096360e-01 -8.5816723e-01
    outer loop
      vertex -6.0592949e-01 1.2608719e-01 4.0276638e-01
      vertex -6.1618984e-01 1.4033209e-01 3.9250600e-01
      vertex -3.7826085e-01 1.2608719e-01 4.5696896e-01
    endloop
  endfacet
  facet normal 2.0430954e-01 -4.7096369e-01 -8.5816711e-01
    outer loop
      vertex -3.7826085e-01 1.2608719e-01 4.5696896e-01
      vertex -6.1618984e-01 1.4033209e-01 3.9250600e-01
      vertex -3.7826085e-01 1.7690574e-01 4.2907965e-01
    endloop
  endfacet
  facet normal 2.1100037e-01 -7.6813734e-01 -6.0451967e-01
    outer loop
      vertex -6.0073346e-01 1.5578848e-01 3.7826109e-01
      vertex -3.7826085e-01 2.1689969e-01 3.7826109e-01
      vertex -6.1618984e-01 1.4033209e-01 3.9250600e-01
    endloop
  endfacet
  facet normal 2.1100025e-01 -7.6813704e-01 -6.0452002e-01
    outer loop
      vertex -3.7826085e-01 2.1689969e-01 3.7826109e-01
      vertex -3.7826085e-01 1.7690574e-01 4.2907965e-01
      vertex -6.1618984e-01 1.4033209e-01 3.9250600e-01
    endloop
  endfacet
  facet normal 1.3342151e-01 -7.4048686e-01 -6.5869421e-01
    outer loop
      vertex -6.1618984e-01 1.4033209e-01 3.9250600e-01
      vertex -6.3043475e-01 1.5043688e-01 3.7826109e-01
      vertex -6.0073346e-01 1.5578848e-01 3.7826109e-01
    endloop
  endfacet
  facet normal -5.9065753e-01 -8.0671239e-01 1.8407052e-02
    outer loop
      vertex -6.1618984e-01 1.4033209e-01 3.9250600e-01
      vertex -6.3043475e-01 1.5100545e-01 4.0317935e-01
      vertex -6.3043475e-01 1.5043688e-01 3.7826109e-01
    endloop
  endfacet
  facet normal -5.2810854e-01 1.3375027e-01 -8.3857745e-01
    outer loop
      vertex -6.1618984e-01 1.4033209e-01 3.9250600e-01
      vertex -6.3043475e-01 1.2608719e-01 3.9920497e-01
      vertex -6.3043475e-01 1.5100545e-01 4.0317935e-01
    endloop
  endfacet
  facet normal 1.2282434e-01 -5.2026349e-01 -8.4512728e-01
    outer loop
      vertex -6.1618984e-01 1.4033209e-01 3.9250600e-01
      vertex -6.0592949e-01 1.2608719e-01 4.0276638e-01
      vertex -6.3043475e-01 1.2608719e-01 3.9920497e-01
    endloop
  endfacet
  facet normal -5.3519464e-01 1.4874905e-01 8.3152896e-01
    outer loop
      vertex -5.7148319e-01 3.7826109e-01 8.8260889e-01
      vertex -6.3043475e-01 3.7826109e-01 8.4466606e-01
      vertex -6.3043475e-01 3.4607577e-01 8.5042357e-01
    endloop
  endfacet
  facet normal -5.9402788e-01 3.7786153e-01 7.1017718e-01
    outer loop
      vertex -5.7148319e-01 3.7826109e-01 8.8260889e-01
      vertex -6.3043475e-01 3.4607577e-01 8.5042357e-01
      vertex -6.3043475e-01 2.8558463e-01 8.8260889e-01
    endloop
  endfacet
  facet normal -4.1773328e-01 2.0585178e-01 8.8494283e-01
    outer loop
      vertex -5.3700984e-01 1.2608719e-01 9.7603381e-01
      vertex -3.7826085e-01 1.2608719e-01 1.0509706e+00
      vertex -5.6558329e-01 1.9093865e-01 9.4746035e-01
    endloop
  endfacet
  facet normal -4.1773340e-01 2.0585170e-01 8.8494289e-01
    outer loop
      vertex -5.6558329e-01 1.9093865e-01 9.4746035e-01
      vertex -3.7826085e-01 1.2608719e-01 1.0509706e+00
      vertex -3.7826085e-01 2.6267609e-01 1.0191978e+00
    endloop
  endfacet
  facet normal -4.3294081e-01 2.7068311e-01 8.5982144e-01
    outer loop
      vertex -3.7826085e-01 3.7826109e-01 9.8281014e-01
      vertex -5.6558329e-01 1.9093865e-01 9.4746035e-01
      vertex -3.7826085e-01 2.6267609e-01 1.0191978e+00
    endloop
  endfacet
  facet normal -4.4180673e-01 2.8103355e-01 8.5195470e-01
    outer loop
      vertex -6.3043475e-01 2.8558463e-01 8.8260889e-01
      vertex -5.6558329e-01 1.9093865e-01 9.4746035e-01
      vertex -5.7148319e-01 3.7826109e-01 8.8260889e-01
    endloop
  endfacet
  facet normal -4.4180670e-01 2.8103358e-01 8.5195470e-01
    outer loop
      vertex -5.6558329e-01 1.9093865e-01 9.4746035e-01
      vertex -3.7826085e-01 3.7826109e-01 9.8281014e-01
      vertex -5.7148319e-01 3.7826109e-01 8.8260889e-01
    endloop
  endfacet
  facet normal -3.9586776e-01 3.1883335e-01 8.6118180e-01
    outer loop
      vertex -6.3043475e-01 2.8558463e-01 8.8260889e-01
      vertex -6.3043475e-01 1.6918251e-01 9.2570418e-01
      vertex -5.6558329e-01 1.9093865e-01 9.4746035e-01
    endloop
  endfacet
  facet normal -3.7491897e-01 2.1603577e-01 9.0153450e-01
    outer loop
      vertex -6.3043475e-01 1.6918251e-01 9.2570418e-01
      vertex -6.3043475e-01 1.2608719e-01 9.3603116e-01
      vertex -5.6558329e-01 1.9093865e-01 9.4746035e-01
    endloop
  endfacet
  facet normal -3.8346463e-01 2.2563264e-01 8.9556950e-01
    outer loop
      vertex -6.3043475e-01 1.2608719e-01 9.3603116e-01
      vertex -5.3700984e-01 1.2608719e-01 9.7603381e-01
      vertex -5.6558329e-01 1.9093865e-01 9.4746035e-01
    endloop
  endfacet
  facet normal -3.4061617e-01 4.3853670e-01 -8.3166480e-01
    outer loop
      vertex -4.4935036e-01 3.7826109e-01 -9.5369816e-01
      vertex -3.7826085e-01 5.6829506e-01 -8.8260865e-01
      vertex -3.7826085e-01 3.7826109e-01 -9.8281354e-01
    endloop
  endfacet
  facet normal -4.4786027e-01 4.5538077e-01 -7.6944757e-01
    outer loop
      vertex -4.4935036e-01 3.7826109e-01 -9.5369816e-01
      vertex -5.7148588e-01 3.7826109e-01 -8.8260865e-01
      vertex -3.7826085e-01 5.6829506e-01 -8.8260865e-01
    endloop
  endfacet
  facet normal -4.1791987e-01 5.1606840e-01 -7.4767399e-01
    outer loop
      vertex -5.9250569e-01 4.1619012e-01 -8.4467959e-01
      vertex -5.7148588e-01 3.7826109e-01 -8.8260865e-01
      vertex -6.0929883e-01 3.7826109e-01 -8.6147273e-01
    endloop
  endfacet
  facet normal -4.7130814e-01 4.7922236e-01 -7.4041516e-01
    outer loop
      vertex -5.7148588e-01 3.7826109e-01 -8.8260865e-01
      vertex -5.9250569e-01 4.1619012e-01 -8.4467959e-01
      vertex -3.7826085e-01 5.6829506e-01 -8.8260865e-01
    endloop
  endfacet
  facet normal -4.7130793e-01 4.7922197e-01 -7.4041545e-01
    outer loop
      vertex -3.7826085e-01 5.6829506e-01 -8.8260865e-01
      vertex -5.9250569e-01 4.1619012e-01 -8.4467959e-01
      vertex -3.7826085e-01 6.3043499e-01 -8.4238958e-01
    endloop
  endfacet
  facet normal -4.5011923e-01 4.5831087e-01 -7.6638365e-01
    outer loop
      vertex -5.9250569e-01 4.1619012e-01 -8.4467959e-01
      vertex -5.1179010e-01 6.3043499e-01 -7.6396400e-01
      vertex -3.7826085e-01 6.3043499e-01 -8.4238958e-01
    endloop
  endfacet
  facet normal -5.3476566e-01 4.6682736e-01 -7.0434219e-01
    outer loop
      vertex -6.3043475e-01 5.0158763e-01 -7.5928211e-01
      vertex -6.3043475e-01 6.3043499e-01 -6.7388403e-01
      vertex -5.9250569e-01 4.1619012e-01 -8.4467959e-01
    endloop
  endfacet
  facet normal -5.3476584e-01 4.6682724e-01 -7.0434207e-01
    outer loop
      vertex -6.3043475e-01 6.3043499e-01 -6.7388403e-01
      vertex -5.1179010e-01 6.3043499e-01 -7.6396400e-01
      vertex -5.9250569e-01 4.1619012e-01 -8.4467959e-01
    endloop
  endfacet
  facet normal -4.9473909e-01 4.9473497e-01 -7.1447223e-01
    outer loop
      vertex -5.9250569e-01 4.1619012e-01 -8.4467959e-01
      vertex -6.3043475e-01 3.7826109e-01 -8.4467936e-01
      vertex -6.3043475e-01 5.0158763e-01 -7.5928211e-01
    endloop
  endfacet
  facet normal -5.2821928e-01 5.2821559e-01 -6.6481024e-01
    outer loop
      vertex -5.9250569e-01 4.1619012e-01 -8.4467959e-01
      vertex -6.0929883e-01 3.7826109e-01 -8.6147273e-01
      vertex -6.3043475e-01 3.7826109e-01 -8.4467936e-01
    endloop
  endfacet
  facet normal -4.9254146e-01 4.5634463e-01 7.4104822e-01
    outer loop
      vertex -3.7826085e-01 6.0675281e-01 8.5892671e-01
      vertex -4.1849184e-01 5.9020400e-01 8.4237790e-01
      vertex -3.7826085e-01 5.6829584e-01 8.8260889e-01
    endloop
  endfacet
  facet normal -4.9700698e-01 4.9676666e-01 7.1148217e-01
    outer loop
      vertex -3.7826085e-01 6.3043499e-01 8.4239149e-01
      vertex -4.1849184e-01 5.9020400e-01 8.4237790e-01
      vertex -3.7826085e-01 6.0675281e-01 8.5892671e-01
    endloop
  endfacet
  facet normal -4.9207526e-01 4.9183261e-01 7.1830535e-01
    outer loop
      vertex -5.0595552e-01 6.3043499e-01 7.5491422e-01
      vertex -4.1849184e-01 5.9020400e-01 8.4237790e-01
      vertex -3.7826085e-01 6.3043499e-01 8.4239149e-01
    endloop
  endfacet
  facet normal -4.6033937e-01 5.3664124e-01 7.0718020e-01
    outer loop
      vertex -6.3043475e-01 5.1176375e-01 7.6393765e-01
      vertex -4.1849184e-01 5.9020400e-01 8.4237790e-01
      vertex -6.3043475e-01 6.3043499e-01 6.7388439e-01
    endloop
  endfacet
  facet normal -4.6033940e-01 5.3664124e-01 7.0718020e-01
    outer loop
      vertex -4.1849184e-01 5.9020400e-01 8.4237790e-01
      vertex -5.0595552e-01 6.3043499e-01 7.5491422e-01
      vertex -6.3043475e-01 6.3043499e-01 6.7388439e-01
    endloop
  endfacet
  facet normal -4.5305812e-01 4.6129403e-01 7.6285386e-01
    outer loop
      vertex -6.3043475e-01 5.1176375e-01 7.6393765e-01
      vertex -6.3043475e-01 3.7826109e-01 8.4466606e-01
      vertex -4.1849184e-01 5.9020400e-01 8.4237790e-01
    endloop
  endfacet
  facet normal -4.7416294e-01 4.8211649e-01 7.3670429e-01
    outer loop
      vertex -6.3043475e-01 3.7826109e-01 8.4466606e-01
      vertex -5.7148319e-01 3.7826109e-01 8.8260889e-01
      vertex -4.1849184e-01 5.9020400e-01 8.4237790e-01
    endloop
  endfacet
  facet normal -4.7416303e-01 4.8211652e-01 7.3670411e-01
    outer loop
      vertex -4.1849184e-01 5.9020400e-01 8.4237790e-01
      vertex -5.7148319e-01 3.7826109e-01 8.8260889e-01
      vertex -3.7826085e-01 5.6829584e-01 8.8260889e-01
    endloop
  endfacet
  facet normal -4.2790940e-01 3.6879703e-01 8.2515591e-01
    outer loop
      vertex -5.7148319e-01 3.7826109e-01 8.8260889e-01
      vertex -3.7826085e-01 3.7826109e-01 9.8281014e-01
      vertex -3.7826085e-01 4.4751143e-01 9.5185924e-01
    endloop
  endfacet
  facet normal -4.3942264e-01 4.4679341e-01 7.7928394e-01
    outer loop
      vertex -5.7148319e-01 3.7826109e-01 8.8260889e-01
      vertex -3.7826085e-01 4.4751143e-01 9.5185924e-01
      vertex -3.7826085e-01 5.6829584e-01 8.8260889e-01
    endloop
  endfacet
  facet normal -3.9297187e-01 6.3079387e-01 -6.6908306e-01
    outer loop
      vertex -5.1179010e-01 6.3043499e-01 -7.6396400e-01
      vertex -3.7826085e-01 8.5525548e-01 -6.3043475e-01
      vertex -3.7826085e-01 6.3043499e-01 -8.4238958e-01
    endloop
  endfacet
  facet normal -4.5086598e-01 6.3115025e-01 -6.3116497e-01
    outer loop
      vertex -6.3043475e-01 6.3043499e-01 -6.7388403e-01
      vertex -6.3043475e-01 6.7388529e-01 -6.3043475e-01
      vertex -4.7832125e-01 7.8254849e-01 -6.3043475e-01
    endloop
  endfacet
  facet normal -4.6480331e-01 6.3966882e-01 -6.1219418e-01
    outer loop
      vertex -6.3043475e-01 6.3043499e-01 -6.7388403e-01
      vertex -4.7832125e-01 7.8254849e-01 -6.3043475e-01
      vertex -5.1179010e-01 6.3043499e-01 -7.6396400e-01
    endloop
  endfacet
  facet normal -4.6480322e-01 6.3966882e-01 -6.1219418e-01
    outer loop
      vertex -4.7832125e-01 7.8254849e-01 -6.3043475e-01
      vertex -3.7826085e-01 8.5525548e-01 -6.3043475e-01
      vertex -5.1179010e-01 6.3043499e-01 -7.6396400e-01
    endloop
  endfacet
  facet normal -5.2441424e-01 7.2170573e-01 -4.5180804e-01
    outer loop
      vertex -3.7826085e-01 8.8260889e-01 -5.8674127e-01
      vertex -3.7826085e-01 8.5525554e-01 -6.3043475e-01
      vertex -4.7832125e-01 7.8254849e-01 -6.3043475e-01
    endloop
  endfacet
  facet normal -5.1311541e-01 7.1829087e-01 -4.6986261e-01
    outer loop
      vertex -4.7832125e-01 7.8254849e-01 -6.3043475e-01
      vertex -6.3043475e-01 6.7388529e-01 -6.3043475e-01
      vertex -3.7826085e-01 8.8260889e-01 -5.8674127e-01
    endloop
  endfacet
  facet normal -5.1311553e-01 7.1829093e-01 -4.6986237e-01
    outer loop
      vertex -6.3043475e-01 6.7388529e-01 -6.3043475e-01
      vertex -4.7791427e-01 8.8260889e-01 -4.7791427e-01
      vertex -3.7826085e-01 8.8260889e-01 -5.8674127e-01
    endloop
  endfacet
  facet normal -5.1537901e-01 7.1821505e-01 -4.6749511e-01
    outer loop
      vertex -6.3043475e-01 6.7388529e-01 -6.3043475e-01
      vertex -6.3043475e-01 7.5490320e-01 -5.0596654e-01
      vertex -4.7791427e-01 8.8260889e-01 -4.7791427e-01
    endloop
  endfacet
  facet normal -5.1537901e-01 7.1821505e-01 -4.6749508e-01
    outer loop
      vertex -6.3043475e-01 7.5490320e-01 -5.0596654e-01
      vertex -5.6830889e-01 8.8260889e-01 -3.7826085e-01
      vertex -4.7791427e-01 8.8260889e-01 -4.7791427e-01
    endloop
  endfacet
  facet normal -4.7114122e-01 7.2769010e-01 -4.9849084e-01
    outer loop
      vertex -5.6830889e-01 8.8260889e-01 -3.7826085e-01
      vertex -6.3043475e-01 7.5490320e-01 -5.0596654e-01
      vertex -6.3043475e-01 8.4238565e-01 -3.7826085e-01
    endloop
  endfacet
  facet normal -5.2113903e-01 8.0491304e-01 -2.8377640e-01
    outer loop
      vertex -5.9021163e-01 8.8260889e-01 -3.3803773e-01
      vertex -5.6830889e-01 8.8260889e-01 -3.7826085e-01
      vertex -6.3043475e-01 8.4238565e-01 -3.7826085e-01
    endloop
  endfacet
  facet normal -5.4698116e-01 7.9847443e-01 -2.5149563e-01
    outer loop
      vertex -5.9021163e-01 8.8260889e-01 -3.3803773e-01
      vertex -6.3043475e-01 8.4238565e-01 -3.7826085e-01
      vertex -6.3043475e-01 8.8260889e-01 -2.5055593e-01
    endloop
  endfacet
  facet normal -5.0457871e-01 8.2773584e-01 2.4546614e-01
    outer loop
      vertex -5.6830919e-01 8.8260889e-01 3.7826109e-01
      vertex -6.3043475e-01 8.8260889e-01 2.5055617e-01
      vertex -6.3043475e-01 8.5339981e-01 3.4905204e-01
    endloop
  endfacet
  facet normal -5.1819891e-01 8.0016291e-01 3.0200839e-01
    outer loop
      vertex -5.6830919e-01 8.8260889e-01 3.7826109e-01
      vertex -6.3043475e-01 8.5339981e-01 3.4905204e-01
      vertex -6.3043475e-01 8.4237534e-01 3.7826109e-01
    endloop
  endfacet
  facet normal -5.4168963e-01 6.4290977e-01 5.4151577e-01
    outer loop
      vertex -3.7826085e-01 8.6909354e-01 6.1691964e-01
      vertex -4.0316677e-01 8.5770297e-01 6.0552907e-01
      vertex -3.7826085e-01 8.5770971e-01 6.3043499e-01
    endloop
  endfacet
  facet normal -5.2395189e-01 7.5886828e-01 3.8677302e-01
    outer loop
      vertex -3.7826085e-01 8.8260889e-01 5.9040183e-01
      vertex -4.0316677e-01 8.5770297e-01 6.0552907e-01
      vertex -3.7826085e-01 8.6909354e-01 6.1691964e-01
    endloop
  endfacet
  facet normal -4.8871392e-01 7.5463450e-01 4.3781909e-01
    outer loop
      vertex -6.3043475e-01 8.4237534e-01 3.7826109e-01
      vertex -4.0316677e-01 8.5770297e-01 6.0552907e-01
      vertex -5.6830919e-01 8.8260889e-01 3.7826109e-01
    endloop
  endfacet
  facet normal -4.8871392e-01 7.5463444e-01 4.3781909e-01
    outer loop
      vertex -4.0316677e-01 8.5770297e-01 6.0552907e-01
      vertex -3.7826085e-01 8.8260889e-01 5.9040183e-01
      vertex -5.6830919e-01 8.8260889e-01 3.7826109e-01
    endloop
  endfacet
  facet normal -4.9168938e-01 7.5080895e-01 4.4105259e-01
    outer loop
      vertex -6.3043475e-01 8.4237534e-01 3.7826109e-01
      vertex -6.3043475e-01 7.6394606e-01 5.1177216e-01
      vertex -4.0316677e-01 8.5770297e-01 6.0552907e-01
    endloop
  endfacet
  facet normal -5.0043249e-01 6.8964285e-01 5.2341205e-01
    outer loop
      vertex -6.3043475e-01 7.6394606e-01 5.1177216e-01
      vertex -6.3043475e-01 6.7388558e-01 6.3043499e-01
      vertex -4.0316677e-01 8.5770297e-01 6.0552907e-01
    endloop
  endfacet
  facet normal -5.0043267e-01 6.8964309e-01 5.2341139e-01
    outer loop
      vertex -4.0316677e-01 8.5770297e-01 6.0552907e-01
      vertex -6.3043475e-01 6.7388558e-01 6.3043499e-01
      vertex -4.7206390e-01 7.8880584e-01 6.3043499e-01
    endloop
  endfacet
  facet normal -5.0947726e-01 6.9358265e-01 5.0928968e-01
    outer loop
      vertex -3.7826085e-01 8.5770971e-01 6.3043499e-01
      vertex -4.0316677e-01 8.5770297e-01 6.0552907e-01
      vertex -4.7206390e-01 7.8880584e-01 6.3043499e-01
    endloop
  endfacet
  facet normal -4.7538504e-01 5.4079002e-01 6.9394183e-01
    outer loop
      vertex -5.0595552e-01 6.3043499e-01 7.5491422e-01
      vertex -3.7826085e-01 6.3043499e-01 8.4239149e-01
      vertex -5.9460688e-01 6.6626287e-01 6.6626287e-01
    endloop
  endfacet
  facet normal -4.7538468e-01 5.4079062e-01 6.9394153e-01
    outer loop
      vertex -5.9460688e-01 6.6626287e-01 6.6626287e-01
      vertex -3.7826085e-01 6.3043499e-01 8.4239149e-01
      vertex -3.7826085e-01 7.4955833e-01 7.4955833e-01
    endloop
  endfacet
  facet normal -4.7776756e-01 6.5041423e-01 5.9050775e-01
    outer loop
      vertex -4.7206390e-01 7.8880584e-01 6.3043499e-01
      vertex -5.9460688e-01 6.6626287e-01 6.6626287e-01
      vertex -3.7826085e-01 8.5770971e-01 6.3043499e-01
    endloop
  endfacet
  facet normal -4.7776777e-01 6.5041441e-01 5.9050739e-01
    outer loop
      vertex -5.9460688e-01 6.6626287e-01 6.6626287e-01
      vertex -3.7826085e-01 7.4955833e-01 7.4955833e-01
      vertex -3.7826085e-01 8.5770971e-01 6.3043499e-01
    endloop
  endfacet
  facet normal -4.6770278e-01 6.4453816e-01 6.0483432e-01
    outer loop
      vertex -4.7206390e-01 7.8880584e-01 6.3043499e-01
      vertex -6.3043475e-01 6.7388558e-01 6.3043499e-01
      vertex -5.9460688e-01 6.6626287e-01 6.6626287e-01
    endloop
  endfacet
  facet normal -4.4422284e-01 6.7593086e-01 5.8803356e-01
    outer loop
      vertex -6.3043475e-01 6.7388558e-01 6.3043499e-01
      vertex -6.3043475e-01 6.5367109e-01 6.5367109e-01
      vertex -5.9460688e-01 6.6626287e-01 6.6626287e-01
    endloop
  endfacet
  facet normal -4.4422215e-01 5.8801407e-01 6.7594838e-01
    outer loop
      vertex -6.3043475e-01 6.5367109e-01 6.5367109e-01
      vertex -6.3043475e-01 6.3043499e-01 6.7388439e-01
      vertex -5.9460688e-01 6.6626287e-01 6.6626287e-01
    endloop
  endfacet
  facet normal -4.4192725e-01 5.8634603e-01 6.7889518e-01
    outer loop
      vertex -6.3043475e-01 6.3043499e-01 6.7388439e-01
      vertex -5.0595552e-01 6.3043499e-01 7.5491422e-01
      vertex -5.9460688e-01 6.6626287e-01 6.6626287e-01
    endloop
  endfacet
  facet normal -4.2757154e-01 8.1479287e-01 -3.9152938e-01
    outer loop
      vertex -4.7791427e-01 8.8260889e-01 -4.7791427e-01
      vertex -3.7826085e-01 9.8278922e-01 -3.7826085e-01
      vertex -3.7826085e-01 8.8260889e-01 -5.8674127e-01
    endloop
  endfacet
  facet normal -4.2947155e-01 8.1473303e-01 -3.8956934e-01
    outer loop
      vertex -4.7791427e-01 8.8260889e-01 -4.7791427e-01
      vertex -5.6830889e-01 8.8260889e-01 -3.7826085e-01
      vertex -3.7826085e-01 9.8278922e-01 -3.7826085e-01
    endloop
  endfacet
  facet normal -4.3319404e-01 8.6988497e-01 -2.3588765e-01
    outer loop
      vertex -5.9021163e-01 8.8260889e-01 -3.3803773e-01
      vertex -3.7826085e-01 1.0456332e+00 -1.2608695e-01
      vertex -5.6830889e-01 8.8260889e-01 -3.7826085e-01
    endloop
  endfacet
  facet normal -4.3319380e-01 8.6988503e-01 -2.3588793e-01
    outer loop
      vertex -3.7826085e-01 1.0456332e+00 -1.2608695e-01
      vertex -3.7826085e-01 1.0124638e+00 -2.4840587e-01
      vertex -5.6830889e-01 8.8260889e-01 -3.7826085e-01
    endloop
  endfacet
  facet normal -4.5706567e-01 8.6708075e-01 -1.9814618e-01
    outer loop
      vertex -5.6830889e-01 8.8260889e-01 -3.7826085e-01
      vertex -3.7826085e-01 1.0124638e+00 -2.4840587e-01
      vertex -3.7826085e-01 9.8278922e-01 -3.7826085e-01
    endloop
  endfacet
  facet normal -4.1916531e-01 8.7710387e-01 -2.3449799e-01
    outer loop
      vertex -6.3043475e-01 8.8260889e-01 -2.5055593e-01
      vertex -6.3043475e-01 9.1588628e-01 -1.2608695e-01
      vertex -5.6669754e-01 9.4634610e-01 -1.2608695e-01
    endloop
  endfacet
  facet normal -4.5579898e-01 8.6505914e-01 -2.0957111e-01
    outer loop
      vertex -6.3043475e-01 8.8260889e-01 -2.5055593e-01
      vertex -5.6669754e-01 9.4634610e-01 -1.2608695e-01
      vertex -5.9021163e-01 8.8260889e-01 -3.3803773e-01
    endloop
  endfacet
  facet normal -4.5579877e-01 8.6505920e-01 -2.0957114e-01
    outer loop
      vertex -5.6669754e-01 9.4634610e-01 -1.2608695e-01
      vertex -3.7826085e-01 1.0456332e+00 -1.2608695e-01
      vertex -5.9021163e-01 8.8260889e-01 -3.3803773e-01
    endloop
  endfacet
  facet normal -4.6616843e-01 8.8469601e-01 4.3770982e-05
    outer loop
      vertex -3.7826085e-01 1.0456332e+00 3.6937550e-02
      vertex -5.6669754e-01 9.4634610e-01 -6.2349677e-02
      vertex -3.7826085e-01 1.0456288e+00 1.2608719e-01
    endloop
  endfacet
  facet normal -4.6615040e-01 8.8470548e-01 0.0000000e+00
    outer loop
      vertex -5.6669754e-01 9.4634610e-01 -1.2608695e-01
      vertex -5.6669754e-01 9.4634610e-01 -6.2349677e-02
      vertex -3.7826085e-01 1.0456332e+00 -1.2608695e-01
    endloop
  endfacet
  facet normal -4.6615040e-01 8.8470542e-01 0.0000000e+00
    outer loop
      vertex -5.6669754e-01 9.4634610e-01 -6.2349677e-02
      vertex -3.7826085e-01 1.0456332e+00 3.6937550e-02
      vertex -3.7826085e-01 1.0456332e+00 -1.2608695e-01
    endloop
  endfacet
  facet normal -4.3118826e-01 9.0226197e-01 0.0000000e+00
    outer loop
      vertex -5.6669754e-01 9.4634610e-01 -1.2608695e-01
      vertex -6.3043475e-01 9.1588628e-01 -1.2608695e-01
      vertex -5.6669754e-01 9.4634610e-01 -6.2349677e-02
    endloop
  endfacet
  facet normal -4.3118829e-01 9.0226197e-01 0.0000000e+00
    outer loop
      vertex -6.3043475e-01 9.1588628e-01 -1.2608695e-01
      vertex -6.3043475e-01 9.1588628e-01 -9.2809528e-02
      vertex -5.6669754e-01 9.4634610e-01 -6.2349677e-02
    endloop
  endfacet
  facet normal -4.3118826e-01 9.0226197e-01 0.0000000e+00
    outer loop
      vertex -6.3043475e-01 9.1588628e-01 -9.2809528e-02
      vertex -6.3043475e-01 9.1588628e-01 1.2608719e-01
      vertex -5.6669754e-01 9.4634610e-01 -6.2349677e-02
    endloop
  endfacet
  facet normal -4.3118826e-01 9.0226203e-01 0.0000000e+00
    outer loop
      vertex -5.6669754e-01 9.4634610e-01 -6.2349677e-02
      vertex -6.3043475e-01 9.1588628e-01 1.2608719e-01
      vertex -5.6669754e-01 9.4634610e-01 1.2608719e-01
    endloop
  endfacet
  facet normal -4.6613419e-01 8.8471407e-01 0.0000000e+00
    outer loop
      vertex -3.7826085e-01 1.0456288e+00 1.2608719e-01
      vertex -5.6669754e-01 9.4634610e-01 -6.2349677e-02
      vertex -5.6669754e-01 9.4634610e-01 1.2608719e-01
    endloop
  endfacet
  facet normal -4.7244540e-01 8.4716409e-01 2.4312206e-01
    outer loop
      vertex -3.7826085e-01 1.0166826e+00 2.6016086e-01
      vertex -5.8666891e-01 9.2637473e-01 1.6985303e-01
      vertex -3.7826085e-01 9.8278981e-01 3.7826109e-01
    endloop
  endfacet
  facet normal -4.5785680e-01 8.6900371e-01 1.8761590e-01
    outer loop
      vertex -5.6669754e-01 9.4634610e-01 1.2608719e-01
      vertex -5.8666891e-01 9.2637473e-01 1.6985303e-01
      vertex -3.7826085e-01 1.0456288e+00 1.2608719e-01
    endloop
  endfacet
  facet normal -4.5785683e-01 8.6900377e-01 1.8761563e-01
    outer loop
      vertex -5.8666891e-01 9.2637473e-01 1.6985303e-01
      vertex -3.7826085e-01 1.0166826e+00 2.6016086e-01
      vertex -3.7826085e-01 1.0456288e+00 1.2608719e-01
    endloop
  endfacet
  facet normal -4.2155841e-01 8.8211155e-01 2.1016106e-01
    outer loop
      vertex -5.6669754e-01 9.4634610e-01 1.2608719e-01
      vertex -6.3043475e-01 9.1588628e-01 1.2608719e-01
      vertex -5.8666891e-01 9.2637473e-01 1.6985303e-01
    endloop
  endfacet
  facet normal -4.1321164e-01 8.8832772e-01 2.0032457e-01
    outer loop
      vertex -6.3043475e-01 9.1588628e-01 1.2608719e-01
      vertex -6.3043475e-01 9.0976286e-01 1.5324116e-01
      vertex -5.8666891e-01 9.2637473e-01 1.6985303e-01
    endloop
  endfacet
  facet normal -4.2358696e-01 8.7252522e-01 2.4346216e-01
    outer loop
      vertex -6.3043475e-01 9.0976286e-01 1.5324116e-01
      vertex -6.3043475e-01 8.8260889e-01 2.5055617e-01
      vertex -5.8666891e-01 9.2637473e-01 1.6985303e-01
    endloop
  endfacet
  facet normal -4.5475844e-01 8.6270052e-01 2.2122972e-01
    outer loop
      vertex -6.3043475e-01 8.8260889e-01 2.5055617e-01
      vertex -5.6830919e-01 8.8260889e-01 3.7826109e-01
      vertex -5.8666891e-01 9.2637473e-01 1.6985303e-01
    endloop
  endfacet
  facet normal -4.5475864e-01 8.6270046e-01 2.2122970e-01
    outer loop
      vertex -5.8666891e-01 9.2637473e-01 1.6985303e-01
      vertex -5.6830919e-01 8.8260889e-01 3.7826109e-01
      vertex -3.7826085e-01 9.8278981e-01 3.7826109e-01
    endloop
  endfacet
  facet normal -4.5837384e-01 7.8820634e-01 4.1063863e-01
    outer loop
      vertex -5.6830919e-01 8.8260889e-01 3.7826109e-01
      vertex -3.7826085e-01 8.8260889e-01 5.9040183e-01
      vertex -3.7826085e-01 9.5527315e-01 4.5092535e-01
    endloop
  endfacet
  facet normal -4.4216323e-01 8.3880621e-01 3.1764096e-01
    outer loop
      vertex -5.6830919e-01 8.8260889e-01 3.7826109e-01
      vertex -3.7826085e-01 9.5527315e-01 4.5092535e-01
      vertex -3.7826085e-01 9.8278981e-01 3.7826109e-01
    endloop
  endfacet
  facet normal -1.5666352e-01 -8.4093744e-01 -5.1795822e-01
    outer loop
      vertex -1.5570538e-01 -9.1222709e-01 -6.6005319e-01
      vertex -1.2608695e-01 -9.1564173e-01 -6.6346782e-01
      vertex -1.2608695e-01 -9.3598777e-01 -6.3043475e-01
    endloop
  endfacet
  facet normal -1.6089302e-01 -7.0980275e-01 -6.8577957e-01
    outer loop
      vertex -1.5570538e-01 -9.1222709e-01 -6.6005319e-01
      vertex -1.2608695e-01 -8.8260865e-01 -6.9765806e-01
      vertex -1.2608695e-01 -9.1564173e-01 -6.6346782e-01
    endloop
  endfacet
  facet normal -1.9666442e-01 -6.8899971e-01 -6.9756895e-01
    outer loop
      vertex -1.5570538e-01 -9.1222709e-01 -6.6005319e-01
      vertex -1.7852616e-01 -8.8260865e-01 -6.8287396e-01
      vertex -1.2608695e-01 -8.8260865e-01 -6.9765806e-01
    endloop
  endfacet
  facet normal -2.6780647e-01 -7.0899773e-01 -6.5238178e-01
    outer loop
      vertex -1.5570538e-01 -9.1222709e-01 -6.6005319e-01
      vertex -3.0626911e-01 -8.8260865e-01 -6.3043475e-01
      vertex -1.7852616e-01 -8.8260865e-01 -6.8287396e-01
    endloop
  endfacet
  facet normal -2.6228032e-01 -8.1221366e-01 -5.2107394e-01
    outer loop
      vertex -1.5570538e-01 -9.1222709e-01 -6.6005319e-01
      vertex -1.7006880e-01 -9.2659050e-01 -6.3043475e-01
      vertex -3.0626911e-01 -8.8260865e-01 -6.3043475e-01
    endloop
  endfacet
  facet normal -1.8109202e-01 -8.4756154e-01 -4.9884370e-01
    outer loop
      vertex -1.5570538e-01 -9.1222709e-01 -6.6005319e-01
      vertex -1.2608695e-01 -9.3598777e-01 -6.3043475e-01
      vertex -1.7006880e-01 -9.2659050e-01 -6.3043475e-01
    endloop
  endfacet
  facet normal -1.8176362e-01 -9.1901225e-01 -3.4982634e-01
    outer loop
      vertex -2.3007941e-01 -9.8660111e-01 -4.8225331e-01
      vertex -1.2608695e-01 -1.0014982e+00 -4.9715048e-01
      vertex -1.2608695e-01 -1.0467541e+00 -3.7826085e-01
    endloop
  endfacet
  facet normal -1.8832131e-01 -8.8139653e-01 -4.3321499e-01
    outer loop
      vertex -1.7006880e-01 -9.2659050e-01 -6.3043475e-01
      vertex -1.2608695e-01 -9.3598777e-01 -6.3043475e-01
      vertex -2.3007941e-01 -9.8660111e-01 -4.8225331e-01
    endloop
  endfacet
  facet normal -1.8832076e-01 -8.8139683e-01 -4.3321469e-01
    outer loop
      vertex -1.2608695e-01 -9.3598777e-01 -6.3043475e-01
      vertex -1.2608695e-01 -1.0014982e+00 -4.9715048e-01
      vertex -2.3007941e-01 -9.8660111e-01 -4.8225331e-01
    endloop
  endfacet
  facet normal -2.7376816e-01 -8.4778857e-01 -4.5420873e-01
    outer loop
      vertex -1.7006880e-01 -9.2659050e-01 -6.3043475e-01
      vertex -2.3007941e-01 -9.8660111e-01 -4.8225331e-01
      vertex -3.0626911e-01 -8.8260865e-01 -6.3043475e-01
    endloop
  endfacet
  facet normal -2.7376834e-01 -8.4778851e-01 -4.5420861e-01
    outer loop
      vertex -3.0626911e-01 -8.8260865e-01 -6.3043475e-01
      vertex -2.3007941e-01 -9.8660111e-01 -4.8225331e-01
      vertex -3.5118711e-01 -8.8260865e-01 -6.0336101e-01
    endloop
  endfacet
  facet normal -2.7705577e-01 -8.4825999e-01 -4.5132595e-01
    outer loop
      vertex -3.7826085e-01 -9.5501065e-01 -4.5066285e-01
      vertex -3.7826085e-01 -8.8260865e-01 -5.8674127e-01
      vertex -2.3007941e-01 -9.8660111e-01 -4.8225331e-01
    endloop
  endfacet
  facet normal -2.7705544e-01 -8.4825993e-01 -4.5132634e-01
    outer loop
      vertex -3.7826085e-01 -8.8260865e-01 -5.8674127e-01
      vertex -3.5118711e-01 -8.8260865e-01 -6.0336101e-01
      vertex -2.3007941e-01 -9.8660111e-01 -4.8225331e-01
    endloop
  endfacet
  facet normal -2.6552084e-01 -9.0012866e-01 -3.4535050e-01
    outer loop
      vertex -3.7826085e-01 -9.5501065e-01 -4.5066285e-01
      vertex -2.3007941e-01 -9.8660111e-01 -4.8225331e-01
      vertex -3.7826085e-01 -9.8278898e-01 -3.7826085e-01
    endloop
  endfacet
  facet normal -2.6552063e-01 -9.0012896e-01 -3.4535021e-01
    outer loop
      vertex -3.7826085e-01 -9.8278898e-01 -3.7826085e-01
      vertex -2.3007941e-01 -9.8660111e-01 -4.8225331e-01
      vertex -2.6088959e-01 -1.0174112e+00 -3.7826085e-01
    endloop
  endfacet
  facet normal -2.0059413e-01 -9.2153901e-01 -3.3245739e-01
    outer loop
      vertex -2.3007941e-01 -9.8660111e-01 -4.8225331e-01
      vertex -1.2608695e-01 -1.0467541e+00 -3.7826085e-01
      vertex -2.6088959e-01 -1.0174112e+00 -3.7826085e-01
    endloop
  endfacet
  facet normal -1.9778773e-01 -9.5830417e-01 -2.0623575e-01
    outer loop
      vertex -2.8293613e-01 -1.0394578e+00 -2.8293613e-01
      vertex -1.2608695e-01 -1.0660974e+00 -3.0957565e-01
      vertex -1.2608695e-01 -1.1055858e+00 -1.2608695e-01
    endloop
  endfacet
  facet normal -2.0506985e-01 -9.4210076e-01 -2.6531589e-01
    outer loop
      vertex -2.6088959e-01 -1.0174112e+00 -3.7826085e-01
      vertex -1.2608695e-01 -1.0467541e+00 -3.7826085e-01
      vertex -2.8293613e-01 -1.0394578e+00 -2.8293613e-01
    endloop
  endfacet
  facet normal -2.0507002e-01 -9.4210064e-01 -2.6531616e-01
    outer loop
      vertex -1.2608695e-01 -1.0467541e+00 -3.7826085e-01
      vertex -1.2608695e-01 -1.0660974e+00 -3.0957565e-01
      vertex -2.8293613e-01 -1.0394578e+00 -2.8293613e-01
    endloop
  endfacet
  facet normal -2.7193055e-01 -9.2185885e-01 -2.7609780e-01
    outer loop
      vertex -2.8293613e-01 -1.0394578e+00 -2.8293613e-01
      vertex -3.7826085e-01 -9.8278898e-01 -3.7826085e-01
      vertex -2.6088959e-01 -1.0174112e+00 -3.7826085e-01
    endloop
  endfacet
  facet normal -2.8339481e-01 -9.2178136e-01 -2.6458749e-01
    outer loop
      vertex -2.8293613e-01 -1.0394578e+00 -2.8293613e-01
      vertex -3.7826085e-01 -1.0166870e+00 -2.6016533e-01
      vertex -3.7826085e-01 -9.8278898e-01 -3.7826085e-01
    endloop
  endfacet
  facet normal -2.7311203e-01 -9.4031876e-01 -2.0300360e-01
    outer loop
      vertex -3.7826085e-01 -1.0166870e+00 -2.6016533e-01
      vertex -2.8293613e-01 -1.0394578e+00 -2.8293613e-01
      vertex -3.7826085e-01 -1.0456330e+00 -1.2608695e-01
    endloop
  endfacet
  facet normal -2.7311248e-01 -9.4031852e-01 -2.0300388e-01
    outer loop
      vertex -3.7826085e-01 -1.0456330e+00 -1.2608695e-01
      vertex -2.8293613e-01 -1.0394578e+00 -2.8293613e-01
      vertex -3.0917656e-01 -1.0656983e+00 -1.2608695e-01
    endloop
  endfacet
  facet normal -2.0876846e-01 -9.5827740e-01 -1.9524376e-01
    outer loop
      vertex -2.8293613e-01 -1.0394578e+00 -2.8293613e-01
      vertex -1.2608695e-01 -1.1055858e+00 -1.2608695e-01
      vertex -3.0917656e-01 -1.0656983e+00 -1.2608695e-01
    endloop
  endfacet
  facet normal -2.1287926e-01 -9.7707856e-01 0.0000000e+00
    outer loop
      vertex -3.0917257e-01 -1.0656942e+00 -5.6998596e-02
      vertex -1.2608695e-01 -1.1055837e+00 -9.6888080e-02
      vertex -1.2608695e-01 -1.1055837e+00 1.2608719e-01
    endloop
  endfacet
  facet normal -2.1286511e-01 -9.7708166e-01 6.9625406e-05
    outer loop
      vertex -3.0917656e-01 -1.0656983e+00 -1.2608695e-01
      vertex -1.2608695e-01 -1.1055858e+00 -1.2608695e-01
      vertex -3.0917257e-01 -1.0656942e+00 -5.6998596e-02
    endloop
  endfacet
  facet normal -2.1286432e-01 -9.7708172e-01 7.1803806e-05
    outer loop
      vertex -1.2608695e-01 -1.1055858e+00 -1.2608695e-01
      vertex -1.2608695e-01 -1.1055837e+00 -9.6888080e-02
      vertex -3.0917257e-01 -1.0656942e+00 -5.6998596e-02
    endloop
  endfacet
  facet normal -2.7892017e-01 -9.6031433e-01 7.2459909e-05
    outer loop
      vertex -3.0917257e-01 -1.0656942e+00 -5.6998596e-02
      vertex -3.7826085e-01 -1.0456330e+00 -1.2608695e-01
      vertex -3.0917656e-01 -1.0656983e+00 -1.2608695e-01
    endloop
  endfacet
  facet normal -2.7889717e-01 -9.6032095e-01 4.7517140e-05
    outer loop
      vertex -3.0917257e-01 -1.0656942e+00 -5.6998596e-02
      vertex -3.7826085e-01 -1.0456285e+00 -3.6932811e-02
      vertex -3.7826085e-01 -1.0456330e+00 -1.2608695e-01
    endloop
  endfacet
  facet normal -2.7890989e-01 -9.6031725e-01 0.0000000e+00
    outer loop
      vertex -3.7826085e-01 -1.0456285e+00 -3.6932811e-02
      vertex -3.0917257e-01 -1.0656942e+00 -5.6998596e-02
      vertex -3.7826085e-01 -1.0456285e+00 1.2608719e-01
    endloop
  endfacet
  facet normal -2.7891144e-01 -9.6031684e-01 -6.2751485e-07
    outer loop
      vertex -3.7826085e-01 -1.0456285e+00 1.2608719e-01
      vertex -3.0917257e-01 -1.0656942e+00 -5.6998596e-02
      vertex -3.0917257e-01 -1.0656943e+00 1.2608719e-01
    endloop
  endfacet
  facet normal -2.1287864e-01 -9.7707868e-01 -6.3618728e-07
    outer loop
      vertex -3.0917257e-01 -1.0656942e+00 -5.6998596e-02
      vertex -1.2608695e-01 -1.1055837e+00 1.2608719e-01
      vertex -3.0917257e-01 -1.0656943e+00 1.2608719e-01
    endloop
  endfacet
  facet normal -2.1864283e-01 -9.5160204e-01 2.1598305e-01
    outer loop
      vertex -2.8977573e-01 -1.0462974e+00 2.1457233e-01
      vertex -1.2608695e-01 -1.0949495e+00 1.6592027e-01
      vertex -1.2608695e-01 -1.0467550e+00 3.7826109e-01
    endloop
  endfacet
  facet normal -2.0598598e-01 -9.4544238e-01 2.5240543e-01
    outer loop
      vertex -3.0917257e-01 -1.0656943e+00 1.2608719e-01
      vertex -1.2608695e-01 -1.1055837e+00 1.2608719e-01
      vertex -2.8977573e-01 -1.0462974e+00 2.1457233e-01
    endloop
  endfacet
  facet normal -2.0598710e-01 -9.4544262e-01 2.5240353e-01
    outer loop
      vertex -1.2608695e-01 -1.1055837e+00 1.2608719e-01
      vertex -1.2608695e-01 -1.0949495e+00 1.6592027e-01
      vertex -2.8977573e-01 -1.0462974e+00 2.1457233e-01
    endloop
  endfacet
  facet normal -2.6915699e-01 -9.2673141e-01 2.6215154e-01
    outer loop
      vertex -2.8977573e-01 -1.0462974e+00 2.1457233e-01
      vertex -3.7826085e-01 -1.0456285e+00 1.2608719e-01
      vertex -3.0917257e-01 -1.0656943e+00 1.2608719e-01
    endloop
  endfacet
  facet normal -2.5974792e-01 -9.3202603e-01 2.5270244e-01
    outer loop
      vertex -2.8977573e-01 -1.0462974e+00 2.1457233e-01
      vertex -3.7826085e-01 -1.0124640e+00 2.4840567e-01
      vertex -3.7826085e-01 -1.0456285e+00 1.2608719e-01
    endloop
  endfacet
  facet normal -2.7637151e-01 -9.3689919e-01 2.1409954e-01
    outer loop
      vertex -3.7826085e-01 -1.0124640e+00 2.4840567e-01
      vertex -2.8977573e-01 -1.0462974e+00 2.1457233e-01
      vertex -3.7826085e-01 -9.8278958e-01 3.7826109e-01
    endloop
  endfacet
  facet normal -2.7637091e-01 -9.3689936e-01 2.1409994e-01
    outer loop
      vertex -3.7826085e-01 -9.8278958e-01 3.7826109e-01
      vertex -2.8977573e-01 -1.0462974e+00 2.1457233e-01
      vertex -2.6089036e-01 -1.0174121e+00 3.7826109e-01
    endloop
  endfacet
  facet normal -2.0815271e-01 -9.5626903e-01 2.0547988e-01
    outer loop
      vertex -2.8977573e-01 -1.0462974e+00 2.1457233e-01
      vertex -1.2608695e-01 -1.0467550e+00 3.7826109e-01
      vertex -2.6089036e-01 -1.0174121e+00 3.7826109e-01
    endloop
  endfacet
  facet normal -2.1023735e-01 -9.0783191e-01 3.6282447e-01
    outer loop
      vertex -1.9548893e-01 -9.5201063e-01 5.6103301e-01
      vertex -1.2608695e-01 -9.7878253e-01 5.3426111e-01
      vertex -1.2608695e-01 -9.4034564e-01 6.3043499e-01
    endloop
  endfacet
  facet normal -1.9569340e-01 -8.9903003e-01 3.9172584e-01
    outer loop
      vertex -2.6089036e-01 -1.0174121e+00 3.7826109e-01
      vertex -1.2608695e-01 -1.0467550e+00 3.7826109e-01
      vertex -1.9548893e-01 -9.5201063e-01 5.6103301e-01
    endloop
  endfacet
  facet normal -1.9569321e-01 -8.9903003e-01 3.9172593e-01
    outer loop
      vertex -1.2608695e-01 -1.0467550e+00 3.7826109e-01
      vertex -1.2608695e-01 -9.7878253e-01 5.3426111e-01
      vertex -1.9548893e-01 -9.5201063e-01 5.6103301e-01
    endloop
  endfacet
  facet normal -2.5854546e-01 -8.7647098e-01 4.0614393e-01
    outer loop
      vertex -1.9548893e-01 -9.5201063e-01 5.6103301e-01
      vertex -3.7826085e-01 -9.8278958e-01 3.7826109e-01
      vertex -2.6089036e-01 -1.0174121e+00 3.7826109e-01
    endloop
  endfacet
  facet normal -2.6492581e-01 -8.7193340e-01 4.1176012e-01
    outer loop
      vertex -3.7826085e-01 -9.8278958e-01 3.7826109e-01
      vertex -1.9548893e-01 -9.5201063e-01 5.6103301e-01
      vertex -3.7826085e-01 -8.8260865e-01 5.9040183e-01
    endloop
  endfacet
  facet normal -2.6492584e-01 -8.7193346e-01 4.1175991e-01
    outer loop
      vertex -3.7826085e-01 -8.8260865e-01 5.9040183e-01
      vertex -1.9548893e-01 -9.5201063e-01 5.6103301e-01
      vertex -3.1603947e-01 -8.8260865e-01 6.3043499e-01
    endloop
  endfacet
  facet normal -2.9548144e-01 -8.8151568e-01 3.6826736e-01
    outer loop
      vertex -1.9548893e-01 -9.5201063e-01 5.6103301e-01
      vertex -1.7377391e-01 -9.3029565e-01 6.3043499e-01
      vertex -3.1603947e-01 -8.8260865e-01 6.3043499e-01
    endloop
  endfacet
  facet normal -1.9336224e-01 -9.1749841e-01 3.4757408e-01
    outer loop
      vertex -1.9548893e-01 -9.5201063e-01 5.6103301e-01
      vertex -1.2608695e-01 -9.4034564e-01 6.3043499e-01
      vertex -1.7377391e-01 -9.3029565e-01 6.3043499e-01
    endloop
  endfacet
  facet normal -1.6472363e-01 -7.8160906e-01 6.0162556e-01
    outer loop
      vertex -1.7377391e-01 -9.3029565e-01 6.3043499e-01
      vertex -1.2608695e-01 -9.4034564e-01 6.3043499e-01
      vertex -1.2608695e-01 -8.8260865e-01 7.0544469e-01
    endloop
  endfacet
  facet normal -2.4758916e-01 -7.3863769e-01 6.2698805e-01
    outer loop
      vertex -1.7377391e-01 -9.3029565e-01 6.3043499e-01
      vertex -1.2608695e-01 -8.8260865e-01 7.0544469e-01
      vertex -3.1603947e-01 -8.8260865e-01 6.3043499e-01
    endloop
  endfacet
  facet normal -1.6660735e-01 -6.1339790e-01 -7.7200067e-01
    outer loop
      vertex -1.4411265e-01 -6.4846045e-01 -9.0063435e-01
      vertex -1.2608695e-01 -6.5062821e-01 -9.0280211e-01
      vertex -1.2608695e-01 -6.7604297e-01 -8.8260865e-01
    endloop
  endfacet
  facet normal -1.6406864e-01 -5.3647327e-01 -8.2781512e-01
    outer loop
      vertex -1.4411265e-01 -6.4846045e-01 -9.0063435e-01
      vertex -1.2608695e-01 -6.3043475e-01 -9.1588867e-01
      vertex -1.2608695e-01 -6.5062821e-01 -9.0280211e-01
    endloop
  endfacet
  facet normal -1.8817486e-01 -5.1797467e-01 -8.3444148e-01
    outer loop
      vertex -1.4411265e-01 -6.4846045e-01 -9.0063435e-01
      vertex -1.5324301e-01 -6.3043475e-01 -9.0976471e-01
      vertex -1.2608695e-01 -6.3043475e-01 -9.1588867e-01
    endloop
  endfacet
  facet normal -2.2800800e-01 -5.2939755e-01 -8.1716007e-01
    outer loop
      vertex -1.4411265e-01 -6.4846045e-01 -9.0063435e-01
      vertex -2.5056785e-01 -6.3043475e-01 -8.8260865e-01
      vertex -1.5324301e-01 -6.3043475e-01 -9.0976471e-01
    endloop
  endfacet
  facet normal -2.3122343e-01 -5.9858322e-01 -7.6696402e-01
    outer loop
      vertex -1.4411265e-01 -6.4846045e-01 -9.0063435e-01
      vertex -1.6077325e-01 -6.6512102e-01 -8.8260865e-01
      vertex -2.5056785e-01 -6.3043475e-01 -8.8260865e-01
    endloop
  endfacet
  facet normal -1.9618280e-01 -6.2304366e-01 -7.5718492e-01
    outer loop
      vertex -1.4411265e-01 -6.4846045e-01 -9.0063435e-01
      vertex -1.2608695e-01 -6.7604297e-01 -8.8260865e-01
      vertex -1.6077325e-01 -6.6512102e-01 -8.8260865e-01
    endloop
  endfacet
  facet normal -1.9525920e-01 -6.9440651e-01 -6.9258457e-01
    outer loop
      vertex -1.7852616e-01 -8.8260865e-01 -6.8287396e-01
      vertex -2.6618427e-01 -7.7053207e-01 -7.7053207e-01
      vertex -1.2608695e-01 -8.8260865e-01 -6.9765806e-01
    endloop
  endfacet
  facet normal -1.9525923e-01 -6.9440651e-01 -6.9258457e-01
    outer loop
      vertex -1.2608695e-01 -8.8260865e-01 -6.9765806e-01
      vertex -2.6618427e-01 -7.7053207e-01 -7.7053207e-01
      vertex -1.2608695e-01 -7.9025483e-01 -7.9025483e-01
    endloop
  endfacet
  facet normal -1.9421674e-01 -6.1679977e-01 -7.6278299e-01
    outer loop
      vertex -1.6077325e-01 -6.6512102e-01 -8.8260865e-01
      vertex -1.2608695e-01 -6.7604297e-01 -8.8260865e-01
      vertex -2.6618427e-01 -7.7053207e-01 -7.7053207e-01
    endloop
  endfacet
  facet normal -1.9421631e-01 -6.1680025e-01 -7.6278275e-01
    outer loop
      vertex -1.2608695e-01 -6.7604297e-01 -8.8260865e-01
      vertex -1.2608695e-01 -7.9025483e-01 -7.9025483e-01
      vertex -2.6618427e-01 -7.7053207e-01 -7.7053207e-01
    endloop
  endfacet
  facet normal -2.2884697e-01 -5.9243107e-01 -7.7243412e-01
    outer loop
      vertex -1.6077325e-01 -6.6512102e-01 -8.8260865e-01
      vertex -2.6618427e-01 -7.7053207e-01 -7.7053207e-01
      vertex -2.5056785e-01 -6.3043475e-01 -8.8260865e-01
    endloop
  endfacet
  facet normal -2.2884688e-01 -5.9243113e-01 -7.7243412e-01
    outer loop
      vertex -2.5056785e-01 -6.3043475e-01 -8.8260865e-01
      vertex -2.6618427e-01 -7.7053207e-01 -7.7053207e-01
      vertex -3.4907609e-01 -6.3043475e-01 -8.5342389e-01
    endloop
  endfacet
  facet normal -2.8120005e-01 -6.0643476e-01 -7.4374956e-01
    outer loop
      vertex -3.7826085e-01 -7.4719012e-01 -7.4719012e-01
      vertex -3.7826085e-01 -6.3043475e-01 -8.4238952e-01
      vertex -2.6618427e-01 -7.7053207e-01 -7.7053207e-01
    endloop
  endfacet
  facet normal -2.8120142e-01 -6.0643536e-01 -7.4374849e-01
    outer loop
      vertex -3.7826085e-01 -6.3043475e-01 -8.4238952e-01
      vertex -3.4907609e-01 -6.3043475e-01 -8.5342389e-01
      vertex -2.6618427e-01 -7.7053207e-01 -7.7053207e-01
    endloop
  endfacet
  facet normal -2.8234100e-01 -7.0403230e-01 -6.5163034e-01
    outer loop
      vertex -3.7826085e-01 -7.4719012e-01 -7.4719012e-01
      vertex -2.6618427e-01 -7.7053207e-01 -7.7053207e-01
      vertex -3.7826085e-01 -8.5525525e-01 -6.3043475e-01
    endloop
  endfacet
  facet normal -2.8234276e-01 -7.0403099e-01 -6.5163094e-01
    outer loop
      vertex -3.7826085e-01 -8.5525525e-01 -6.3043475e-01
      vertex -2.6618427e-01 -7.7053207e-01 -7.7053207e-01
      vertex -3.5873717e-01 -8.6308497e-01 -6.3043475e-01
    endloop
  endfacet
  facet normal -2.6578149e-01 -7.1426201e-01 -6.4744890e-01
    outer loop
      vertex -1.7852616e-01 -8.8260865e-01 -6.8287396e-01
      vertex -3.0626911e-01 -8.8260865e-01 -6.3043475e-01
      vertex -2.6618427e-01 -7.7053207e-01 -7.7053207e-01
    endloop
  endfacet
  facet normal -2.6578119e-01 -7.1426207e-01 -6.4744884e-01
    outer loop
      vertex -3.0626911e-01 -8.8260865e-01 -6.3043475e-01
      vertex -3.5873717e-01 -8.6308497e-01 -6.3043475e-01
      vertex -2.6618427e-01 -7.7053207e-01 -7.7053207e-01
    endloop
  endfacet
  facet normal -2.5443763e-01 -8.7009293e-01 -4.2213708e-01
    outer loop
      vertex -3.6641771e-01 -8.7076551e-01 -6.1859161e-01
      vertex -3.0626911e-01 -8.8260865e-01 -6.3043475e-01
      vertex -3.5118711e-01 -8.8260865e-01 -6.0336101e-01
    endloop
  endfacet
  facet normal -2.6782840e-01 -7.1976376e-01 -6.4047486e-01
    outer loop
      vertex -3.6641771e-01 -8.7076551e-01 -6.1859161e-01
      vertex -3.5873717e-01 -8.6308497e-01 -6.3043475e-01
      vertex -3.0626911e-01 -8.8260865e-01 -6.3043475e-01
    endloop
  endfacet
  facet normal -2.8454605e-01 -7.0952499e-01 -6.4467657e-01
    outer loop
      vertex -3.6641771e-01 -8.7076551e-01 -6.1859161e-01
      vertex -3.7826085e-01 -8.5525525e-01 -6.3043475e-01
      vertex -3.5873717e-01 -8.6308497e-01 -6.3043475e-01
    endloop
  endfacet
  facet normal -3.4330124e-01 -7.2138542e-01 -6.0145438e-01
    outer loop
      vertex -3.6641771e-01 -8.7076551e-01 -6.1859161e-01
      vertex -3.7826085e-01 -8.6769199e-01 -6.1551809e-01
      vertex -3.7826085e-01 -8.5525525e-01 -6.3043475e-01
    endloop
  endfacet
  facet normal -3.3021185e-01 -8.3801299e-01 -4.3438959e-01
    outer loop
      vertex -3.6641771e-01 -8.7076551e-01 -6.1859161e-01
      vertex -3.7826085e-01 -8.8260865e-01 -5.8674127e-01
      vertex -3.7826085e-01 -8.6769199e-01 -6.1551809e-01
    endloop
  endfacet
  facet normal -2.5747311e-01 -8.7051070e-01 -4.1942650e-01
    outer loop
      vertex -3.6641771e-01 -8.7076551e-01 -6.1859161e-01
      vertex -3.5118711e-01 -8.8260865e-01 -6.0336101e-01
      vertex -3.7826085e-01 -8.8260865e-01 -5.8674127e-01
    endloop
  endfacet
  facet normal -3.3400890e-01 -8.0038792e-01 4.9781245e-01
    outer loop
      vertex -3.6069292e-01 -8.6504072e-01 6.3043499e-01
      vertex -3.7826085e-01 -8.5770947e-01 6.3043499e-01
      vertex -3.7826085e-01 -8.8260865e-01 5.9040183e-01
    endloop
  endfacet
  facet normal -3.1820327e-01 -8.0879599e-01 4.9456617e-01
    outer loop
      vertex -3.6069292e-01 -8.6504072e-01 6.3043499e-01
      vertex -3.7826085e-01 -8.8260865e-01 5.9040183e-01
      vertex -3.1603947e-01 -8.8260865e-01 6.3043499e-01
    endloop
  endfacet
  facet normal -2.8589681e-01 -6.2776667e-01 7.2399729e-01
    outer loop
      vertex -3.1603947e-01 -8.8260865e-01 6.3043499e-01
      vertex -1.2608695e-01 -8.8260865e-01 7.0544469e-01
      vertex -2.8447032e-01 -7.8881812e-01 7.2422552e-01
    endloop
  endfacet
  facet normal -2.8589684e-01 -6.2776673e-01 7.2399718e-01
    outer loop
      vertex -1.2608695e-01 -8.8260865e-01 7.0544469e-01
      vertex -1.2608695e-01 -6.7828691e-01 8.8260889e-01
      vertex -2.8447032e-01 -7.8881812e-01 7.2422552e-01
    endloop
  endfacet
  facet normal -2.5201285e-01 -6.4055568e-01 7.2538120e-01
    outer loop
      vertex -2.8447032e-01 -7.8881812e-01 7.2422552e-01
      vertex -3.6069292e-01 -8.6504072e-01 6.3043499e-01
      vertex -3.1603947e-01 -8.8260865e-01 6.3043499e-01
    endloop
  endfacet
  facet normal -2.6388359e-01 -6.3234639e-01 7.2835672e-01
    outer loop
      vertex -2.8447032e-01 -7.8881812e-01 7.2422552e-01
      vertex -3.7826085e-01 -8.5770947e-01 6.3043499e-01
      vertex -3.6069292e-01 -8.6504072e-01 6.3043499e-01
    endloop
  endfacet
  facet normal -2.2447550e-01 -6.6462612e-01 7.1265900e-01
    outer loop
      vertex -3.7826085e-01 -8.5770947e-01 6.3043499e-01
      vertex -2.8447032e-01 -7.8881812e-01 7.2422552e-01
      vertex -3.7826085e-01 -6.3043475e-01 8.4239149e-01
    endloop
  endfacet
  facet normal -2.2447535e-01 -6.6462606e-01 7.1265906e-01
    outer loop
      vertex -3.7826085e-01 -6.3043475e-01 8.4239149e-01
      vertex -2.8447032e-01 -7.8881812e-01 7.2422552e-01
      vertex -2.5057960e-01 -6.3043475e-01 8.8260889e-01
    endloop
  endfacet
  facet normal -2.6400921e-01 -6.5318739e-01 7.0967984e-01
    outer loop
      vertex -2.8447032e-01 -7.8881812e-01 7.2422552e-01
      vertex -1.6192135e-01 -6.6626918e-01 8.8260889e-01
      vertex -2.5057960e-01 -6.3043475e-01 8.8260889e-01
    endloop
  endfacet
  facet normal -2.2713734e-01 -6.7727667e-01 6.9978923e-01
    outer loop
      vertex -2.8447032e-01 -7.8881812e-01 7.2422552e-01
      vertex -1.2608695e-01 -6.7828691e-01 8.8260889e-01
      vertex -1.6192135e-01 -6.6626918e-01 8.8260889e-01
    endloop
  endfacet
  facet normal -1.8807992e-01 -5.6081581e-01 8.0629492e-01
    outer loop
      vertex -1.6192135e-01 -6.6626918e-01 8.8260889e-01
      vertex -1.2608695e-01 -6.7828691e-01 8.8260889e-01
      vertex -1.2608695e-01 -6.3043475e-01 9.1589230e-01
    endloop
  endfacet
  facet normal -2.1764006e-01 -5.3846490e-01 8.1405669e-01
    outer loop
      vertex -1.6192135e-01 -6.6626918e-01 8.8260889e-01
      vertex -1.2608695e-01 -6.3043475e-01 9.1589230e-01
      vertex -2.5057960e-01 -6.3043475e-01 8.8260889e-01
    endloop
  endfacet
  facet normal -1.9134761e-01 -4.9337164e-01 -8.4851080e-01
    outer loop
      vertex -1.5324301e-01 -6.3043475e-01 -9.0976471e-01
      vertex -2.2565056e-01 -4.7782445e-01 -9.8217225e-01
      vertex -1.2608695e-01 -6.3043475e-01 -9.1588867e-01
    endloop
  endfacet
  facet normal -1.9134833e-01 -4.9337196e-01 -8.4851044e-01
    outer loop
      vertex -1.2608695e-01 -6.3043475e-01 -9.1588867e-01
      vertex -2.2565056e-01 -4.7782445e-01 -9.8217225e-01
      vertex -1.2608695e-01 -4.9202192e-01 -9.9636972e-01
    endloop
  endfacet
  facet normal -1.8430741e-01 -3.9057252e-01 -9.0193337e-01
    outer loop
      vertex -2.2565056e-01 -4.7782445e-01 -9.8217225e-01
      vertex -1.2608695e-01 -3.7826085e-01 -1.0456327e+00
      vertex -1.2608695e-01 -4.9202192e-01 -9.9636972e-01
    endloop
  endfacet
  facet normal -1.9980891e-01 -3.7672031e-01 -9.0452105e-01
    outer loop
      vertex -2.2565056e-01 -4.7782445e-01 -9.8217225e-01
      vertex -2.5961471e-01 -3.7826085e-01 -1.0161364e+00
      vertex -1.2608695e-01 -3.7826085e-01 -1.0456327e+00
    endloop
  endfacet
  facet normal -2.5315732e-01 -3.8858485e-01 -8.8595331e-01
    outer loop
      vertex -3.7826085e-01 -4.4751197e-01 -9.5185977e-01
      vertex -3.7826085e-01 -3.7826085e-01 -9.8223376e-01
      vertex -2.2565056e-01 -4.7782445e-01 -9.8217225e-01
    endloop
  endfacet
  facet normal -2.5315744e-01 -3.8858506e-01 -8.8595307e-01
    outer loop
      vertex -3.7826085e-01 -3.7826085e-01 -9.8223376e-01
      vertex -2.5961471e-01 -3.7826085e-01 -1.0161364e+00
      vertex -2.2565056e-01 -4.7782445e-01 -9.8217225e-01
    endloop
  endfacet
  facet normal -2.6166421e-01 -4.8007163e-01 -8.3729506e-01
    outer loop
      vertex -3.7826085e-01 -4.4751197e-01 -9.5185977e-01
      vertex -2.2565056e-01 -4.7782445e-01 -9.8217225e-01
      vertex -3.7826085e-01 -5.6829315e-01 -8.8260865e-01
    endloop
  endfacet
  facet normal -2.6166430e-01 -4.8007146e-01 -8.3729506e-01
    outer loop
      vertex -3.7826085e-01 -5.6829315e-01 -8.8260865e-01
      vertex -2.2565056e-01 -4.7782445e-01 -9.8217225e-01
      vertex -3.3804113e-01 -5.9021503e-01 -8.8260865e-01
    endloop
  endfacet
  facet normal -2.3202838e-01 -5.0463474e-01 -8.3156878e-01
    outer loop
      vertex -1.5324301e-01 -6.3043475e-01 -9.0976471e-01
      vertex -2.5056785e-01 -6.3043475e-01 -8.8260865e-01
      vertex -2.2565056e-01 -4.7782445e-01 -9.8217225e-01
    endloop
  endfacet
  facet normal -2.3202825e-01 -5.0463480e-01 -8.3156878e-01
    outer loop
      vertex -2.5056785e-01 -6.3043475e-01 -8.8260865e-01
      vertex -3.3804113e-01 -5.9021503e-01 -8.8260865e-01
      vertex -2.2565056e-01 -4.7782445e-01 -9.8217225e-01
    endloop
  endfacet
  facet normal -2.2479409e-01 -6.1135840e-01 -7.5875455e-01
    outer loop
      vertex -3.6026317e-01 -6.1243707e-01 -8.6461097e-01
      vertex -2.5056785e-01 -6.3043475e-01 -8.8260865e-01
      vertex -3.4907609e-01 -6.3043475e-01 -8.5342389e-01
    endloop
  endfacet
  facet normal -2.1771471e-01 -4.7350442e-01 -8.5346001e-01
    outer loop
      vertex -3.6026317e-01 -6.1243707e-01 -8.6461097e-01
      vertex -3.3804113e-01 -5.9021503e-01 -8.8260865e-01
      vertex -2.5056785e-01 -6.3043475e-01 -8.8260865e-01
    endloop
  endfacet
  facet normal -2.4531996e-01 -4.5008472e-01 -8.5862792e-01
    outer loop
      vertex -3.6026317e-01 -6.1243707e-01 -8.6461097e-01
      vertex -3.7826085e-01 -5.6829315e-01 -8.8260865e-01
      vertex -3.3804113e-01 -5.9021503e-01 -8.8260865e-01
    endloop
  endfacet
  facet normal -3.2402852e-01 -4.6744394e-01 -8.2249719e-01
    outer loop
      vertex -3.6026317e-01 -6.1243707e-01 -8.6461097e-01
      vertex -3.7826085e-01 -6.0791612e-01 -8.6009002e-01
      vertex -3.7826085e-01 -5.6829315e-01 -8.8260865e-01
    endloop
  endfacet
  facet normal -3.3263740e-01 -5.8278775e-01 -7.4142480e-01
    outer loop
      vertex -3.6026317e-01 -6.1243707e-01 -8.6461097e-01
      vertex -3.7826085e-01 -6.3043475e-01 -8.4238952e-01
      vertex -3.7826085e-01 -6.0791612e-01 -8.6009002e-01
    endloop
  endfacet
  facet normal -2.7598983e-01 -6.2528527e-01 -7.2996432e-01
    outer loop
      vertex -3.6026317e-01 -6.1243707e-01 -8.6461097e-01
      vertex -3.4907609e-01 -6.3043475e-01 -8.5342389e-01
      vertex -3.7826085e-01 -6.3043475e-01 -8.4238952e-01
    endloop
  endfacet
  facet normal -2.8397134e-01 -5.2096593e-01 8.0495632e-01
    outer loop
      vertex -3.3804250e-01 -5.9021640e-01 8.8260889e-01
      vertex -3.7826085e-01 -5.6829393e-01 8.8260889e-01
      vertex -3.7826085e-01 -6.3043475e-01 8.4239149e-01
    endloop
  endfacet
  facet normal -2.5150940e-01 -5.4695779e-01 7.9848617e-01
    outer loop
      vertex -3.3804250e-01 -5.9021640e-01 8.8260889e-01
      vertex -3.7826085e-01 -6.3043475e-01 8.4239149e-01
      vertex -2.5057960e-01 -6.3043475e-01 8.8260889e-01
    endloop
  endfacet
  facet normal -2.3449759e-01 -4.1915190e-01 8.7711036e-01
    outer loop
      vertex -2.5057960e-01 -6.3043475e-01 8.8260889e-01
      vertex -1.2608695e-01 -6.3043475e-01 9.1589230e-01
      vertex -1.2608695e-01 -5.6668830e-01 9.4635534e-01
    endloop
  endfacet
  facet normal -2.0958005e-01 -4.5577398e-01 8.6507010e-01
    outer loop
      vertex -2.5057960e-01 -6.3043475e-01 8.8260889e-01
      vertex -1.2608695e-01 -5.6668830e-01 9.4635534e-01
      vertex -3.3804250e-01 -5.9021640e-01 8.8260889e-01
    endloop
  endfacet
  facet normal -2.0958005e-01 -4.5577407e-01 8.6507004e-01
    outer loop
      vertex -1.2608695e-01 -5.6668830e-01 9.4635534e-01
      vertex -1.2608695e-01 -3.7826085e-01 1.0456309e+00
      vertex -3.3804250e-01 -5.9021640e-01 8.8260889e-01
    endloop
  endfacet
  facet normal -2.3604403e-01 -4.3303984e-01 8.6991942e-01
    outer loop
      vertex -3.3804250e-01 -5.9021640e-01 8.8260889e-01
      vertex -1.2608695e-01 -3.7826085e-01 1.0456309e+00
      vertex -3.7826085e-01 -5.6829393e-01 8.8260889e-01
    endloop
  endfacet
  facet normal -2.3604409e-01 -4.3303975e-01 8.6991936e-01
    outer loop
      vertex -1.2608695e-01 -3.7826085e-01 1.0456309e+00
      vertex -2.4843740e-01 -3.7826085e-01 1.0124323e+00
      vertex -3.7826085e-01 -5.6829393e-01 8.8260889e-01
    endloop
  endfacet
  facet normal -2.0180346e-01 -4.5474848e-01 8.6745560e-01
    outer loop
      vertex -3.7826085e-01 -5.6829393e-01 8.8260889e-01
      vertex -2.4843740e-01 -3.7826085e-01 1.0124323e+00
      vertex -3.7826085e-01 -3.7826085e-01 9.8223042e-01
    endloop
  endfacet
  facet normal -2.0751601e-01 -2.7284569e-01 -9.3941063e-01
    outer loop
      vertex -2.5961471e-01 -3.7826085e-01 -1.0161364e+00
      vertex -2.8241557e-01 -2.8241557e-01 -1.0389373e+00
      vertex -1.2608695e-01 -3.7826085e-01 -1.0456327e+00
    endloop
  endfacet
  facet normal -2.0751604e-01 -2.7284575e-01 -9.3941063e-01
    outer loop
      vertex -1.2608695e-01 -3.7826085e-01 -1.0456327e+00
      vertex -2.8241557e-01 -2.8241557e-01 -1.0389373e+00
      vertex -1.2608695e-01 -3.0917621e-01 -1.0656979e+00
    endloop
  endfacet
  facet normal -1.9959824e-01 -2.0858216e-01 -9.5742047e-01
    outer loop
      vertex -2.8241557e-01 -2.8241557e-01 -1.0389373e+00
      vertex -1.2608695e-01 -1.2608695e-01 -1.1055855e+00
      vertex -1.2608695e-01 -3.0917621e-01 -1.0656979e+00
    endloop
  endfacet
  facet normal -2.0857619e-01 -1.9960426e-01 -9.5742059e-01
    outer loop
      vertex -2.8241557e-01 -2.8241557e-01 -1.0389373e+00
      vertex -3.0917710e-01 -1.2608695e-01 -1.0656989e+00
      vertex -1.2608695e-01 -1.2608695e-01 -1.1055855e+00
    endloop
  endfacet
  facet normal -2.7283728e-01 -2.0752165e-01 -9.3941182e-01
    outer loop
      vertex -3.7826085e-01 -2.5961557e-01 -1.0161372e+00
      vertex -3.7826085e-01 -1.2608695e-01 -1.0456345e+00
      vertex -2.8241557e-01 -2.8241557e-01 -1.0389373e+00
    endloop
  endfacet
  facet normal -2.7283818e-01 -2.0752218e-01 -9.3941146e-01
    outer loop
      vertex -3.7826085e-01 -1.2608695e-01 -1.0456345e+00
      vertex -3.0917710e-01 -1.2608695e-01 -1.0656989e+00
      vertex -2.8241557e-01 -2.8241557e-01 -1.0389373e+00
    endloop
  endfacet
  facet normal -2.8214121e-01 -2.6359469e-01 -9.2245013e-01
    outer loop
      vertex -2.8241557e-01 -2.8241557e-01 -1.0389373e+00
      vertex -3.7826085e-01 -3.7826085e-01 -9.8223376e-01
      vertex -3.7826085e-01 -2.5961557e-01 -1.0161372e+00
    endloop
  endfacet
  facet normal -2.6358625e-01 -2.8214955e-01 -9.2244995e-01
    outer loop
      vertex -2.8241557e-01 -2.8241557e-01 -1.0389373e+00
      vertex -2.5961471e-01 -3.7826085e-01 -1.0161364e+00
      vertex -3.7826085e-01 -3.7826085e-01 -9.8223376e-01
    endloop
  endfacet
  facet normal -6.1964244e-01 4.7531241e-01 6.2459695e-01
    outer loop
      vertex -1.9879478e-01 -1.2608695e-01 1.2608719e-01
      vertex -3.7826085e-01 -1.2608695e-01 -5.1955312e-02
      vertex -3.7826085e-01 -2.2719049e-01 2.4983548e-02
    endloop
  endfacet
  facet normal -6.0203356e-01 7.1673590e-01 3.5191664e-01
    outer loop
      vertex -1.9879478e-01 -1.2608695e-01 1.2608719e-01
      vertex -3.7826085e-01 -2.2719049e-01 2.4983548e-02
      vertex -3.7826085e-01 -2.7683228e-01 1.2608719e-01
    endloop
  endfacet
  facet normal -6.3875365e-01 7.6045221e-01 -1.1707371e-01
    outer loop
      vertex -2.2659314e-01 -1.2608695e-01 2.7775490e-01
      vertex -1.9879478e-01 -1.2608695e-01 1.2608719e-01
      vertex -3.7826085e-01 -2.7683228e-01 1.2608719e-01
    endloop
  endfacet
  facet normal -5.5859172e-01 7.9613227e-01 -2.3269869e-01
    outer loop
      vertex -3.7826085e-01 -2.7683228e-01 1.2608719e-01
      vertex -3.7826085e-01 -2.3494217e-01 2.6940587e-01
      vertex -2.2659314e-01 -1.2608695e-01 2.7775490e-01
    endloop
  endfacet
  facet normal -5.5859178e-01 7.9613221e-01 -2.3269880e-01
    outer loop
      vertex -3.7826085e-01 -2.3494217e-01 2.6940587e-01
      vertex -2.6846212e-01 -1.2608695e-01 3.7826109e-01
      vertex -2.2659314e-01 -1.2608695e-01 2.7775490e-01
    endloop
  endfacet
  facet normal -6.3220102e-01 7.6437569e-01 -1.2669496e-01
    outer loop
      vertex -2.6846212e-01 -1.2608695e-01 3.7826109e-01
      vertex -3.7826085e-01 -2.3494217e-01 2.6940587e-01
      vertex -3.7826085e-01 -2.1689945e-01 3.7826109e-01
    endloop
  endfacet
  facet normal -5.3573763e-01 6.4774460e-01 -5.4167527e-01
    outer loop
      vertex -3.2366404e-01 -1.2608695e-01 4.3285790e-01
      vertex -2.6846212e-01 -1.2608695e-01 3.7826109e-01
      vertex -3.7826085e-01 -2.1689945e-01 3.7826109e-01
    endloop
  endfacet
  facet normal -3.1656632e-01 6.2126780e-01 -7.1680689e-01
    outer loop
      vertex -3.2366404e-01 -1.2608695e-01 4.3285790e-01
      vertex -3.7826085e-01 -2.1689945e-01 3.7826109e-01
      vertex -3.7826085e-01 -1.2608695e-01 4.5696971e-01
    endloop
  endfacet
  facet normal -2.5560436e-01 -2.1746045e-01 9.4200706e-01
    outer loop
      vertex -2.4843740e-01 -3.7826085e-01 1.0124323e+00
      vertex -1.2608695e-01 -3.7826085e-01 1.0456309e+00
      vertex -1.8823488e-01 -1.8823488e-01 1.0726348e+00
    endloop
  endfacet
  facet normal -2.5560495e-01 -2.1746062e-01 9.4200689e-01
    outer loop
      vertex -1.8823488e-01 -1.8823488e-01 1.0726348e+00
      vertex -1.2608695e-01 -3.7826085e-01 1.0456309e+00
      vertex -1.2608695e-01 -1.6631041e-01 1.0945593e+00
    endloop
  endfacet
  facet normal -2.3983489e-01 -2.5647786e-01 9.3632174e-01
    outer loop
      vertex -1.2608695e-01 -1.2608695e-01 1.1055773e+00
      vertex -1.8823488e-01 -1.8823488e-01 1.0726348e+00
      vertex -1.2608695e-01 -1.6631041e-01 1.0945593e+00
    endloop
  endfacet
  facet normal -2.5672641e-01 -2.3958422e-01 9.3631774e-01
    outer loop
      vertex -1.6632521e-01 -1.2608695e-01 1.0945445e+00
      vertex -1.8823488e-01 -1.8823488e-01 1.0726348e+00
      vertex -1.2608695e-01 -1.2608695e-01 1.1055773e+00
    endloop
  endfacet
  facet normal -2.1752553e-01 -2.5542152e-01 9.4204170e-01
    outer loop
      vertex -3.7826085e-01 -2.4843629e-01 1.0124334e+00
      vertex -1.8823488e-01 -1.8823488e-01 1.0726348e+00
      vertex -3.7826085e-01 -1.2608695e-01 1.0456067e+00
    endloop
  endfacet
  facet normal -2.1752565e-01 -2.5542194e-01 9.4204152e-01
    outer loop
      vertex -1.8823488e-01 -1.8823488e-01 1.0726348e+00
      vertex -1.6632521e-01 -1.2608695e-01 1.0945445e+00
      vertex -3.7826085e-01 -1.2608695e-01 1.0456067e+00
    endloop
  endfacet
  facet normal -2.3040891e-01 -2.2049664e-01 9.4778317e-01
    outer loop
      vertex -3.7826085e-01 -2.4843629e-01 1.0124334e+00
      vertex -3.7826085e-01 -3.7826085e-01 9.8223042e-01
      vertex -1.8823488e-01 -1.8823488e-01 1.0726348e+00
    endloop
  endfacet
  facet normal -2.2049071e-01 -2.3041482e-01 9.4778311e-01
    outer loop
      vertex -3.7826085e-01 -3.7826085e-01 9.8223042e-01
      vertex -2.4843740e-01 -3.7826085e-01 1.0124323e+00
      vertex -1.8823488e-01 -1.8823488e-01 1.0726348e+00
    endloop
  endfacet
  facet normal -2.1285962e-01 -3.4944533e-04 -9.7708267e-01
    outer loop
      vertex -3.0917710e-01 -1.2608695e-01 -1.0656989e+00
      vertex -3.0919746e-01 -5.7023495e-02 -1.0657191e+00
      vertex -1.2608695e-01 -1.2608695e-01 -1.1055855e+00
    endloop
  endfacet
  facet normal -2.1286026e-01 -3.5118827e-04 -9.7708261e-01
    outer loop
      vertex -1.2608695e-01 -1.2608695e-01 -1.1055855e+00
      vertex -3.0919746e-01 -5.7023495e-02 -1.0657191e+00
      vertex -1.2608695e-01 -9.6900314e-02 -1.1055959e+00
    endloop
  endfacet
  facet normal -2.1292980e-01 -6.8583840e-04 -9.7706723e-01
    outer loop
      vertex -3.0919746e-01 -5.7023495e-02 -1.0657191e+00
      vertex -1.2608695e-01 1.2608719e-01 -1.1057525e+00
      vertex -1.2608695e-01 -9.6900314e-02 -1.1055959e+00
    endloop
  endfacet
  facet normal -1.9689788e-01 -1.7417803e-02 -9.8026931e-01
    outer loop
      vertex -3.0919746e-01 -5.7023495e-02 -1.0657191e+00
      vertex -3.1190675e-01 1.2608719e-01 -1.0684285e+00
      vertex -1.2608695e-01 1.2608719e-01 -1.1057525e+00
    endloop
  endfacet
  facet normal -2.5404751e-01 -1.8067248e-02 -9.6702302e-01
    outer loop
      vertex -3.7826085e-01 -3.9212495e-02 -1.0479082e+00
      vertex -3.7826085e-01 1.2608719e-01 -1.0509965e+00
      vertex -3.0919746e-01 -5.7023495e-02 -1.0657191e+00
    endloop
  endfacet
  facet normal -2.5404787e-01 -1.8067397e-02 -9.6702284e-01
    outer loop
      vertex -3.7826085e-01 1.2608719e-01 -1.0509965e+00
      vertex -3.1190675e-01 1.2608719e-01 -1.0684285e+00
      vertex -3.0919746e-01 -5.7023495e-02 -1.0657191e+00
    endloop
  endfacet
  facet normal -2.5575322e-01 -2.5292922e-02 -9.6641117e-01
    outer loop
      vertex -3.0919746e-01 -5.7023495e-02 -1.0657191e+00
      vertex -3.7826085e-01 -1.2608695e-01 -1.0456345e+00
      vertex -3.7826085e-01 -3.9212503e-02 -1.0479082e+00
    endloop
  endfacet
  facet normal -2.7890995e-01 -3.6399270e-04 -9.6031719e-01
    outer loop
      vertex -3.0919746e-01 -5.7023495e-02 -1.0657191e+00
      vertex -3.0917710e-01 -1.2608695e-01 -1.0656989e+00
      vertex -3.7826085e-01 -1.2608695e-01 -1.0456345e+00
    endloop
  endfacet
  facet normal -7.0428562e-01 0.0000000e+00 7.0991683e-01
    outer loop
      vertex -1.9879478e-01 1.2608719e-01 1.2608719e-01
      vertex -3.7826085e-01 1.2608719e-01 -5.1955312e-02
      vertex -3.7826085e-01 -5.1955305e-02 -5.1955305e-02
    endloop
  endfacet
  facet normal -7.0428550e-01 -7.1349994e-08 7.0991683e-01
    outer loop
      vertex -3.7826085e-01 -5.1955305e-02 -5.1955305e-02
      vertex -3.7826085e-01 -1.2608695e-01 -5.1955312e-02
      vertex -1.9879478e-01 1.2608719e-01 1.2608719e-01
    endloop
  endfacet
  facet normal -7.0428562e-01 0.0000000e+00 7.0991677e-01
    outer loop
      vertex -3.7826085e-01 -1.2608695e-01 -5.1955312e-02
      vertex -1.9879478e-01 5.3379290e-02 1.2608719e-01
      vertex -1.9879478e-01 1.2608719e-01 1.2608719e-01
    endloop
  endfacet
  facet normal -7.0428550e-01 0.0000000e+00 7.0991677e-01
    outer loop
      vertex -1.9879478e-01 5.3379290e-02 1.2608719e-01
      vertex -3.7826085e-01 -1.2608695e-01 -5.1955312e-02
      vertex -1.9879478e-01 -1.2608695e-01 1.2608719e-01
    endloop
  endfacet
  facet normal -9.8361504e-01 -0.0000000e+00 -1.8028148e-01
    outer loop
      vertex -2.2659314e-01 2.5580913e-02 2.7775490e-01
      vertex -1.9879478e-01 -1.2608695e-01 1.2608719e-01
      vertex -2.2659314e-01 -1.2608695e-01 2.7775490e-01
    endloop
  endfacet
  facet normal -9.8361504e-01 0.0000000e+00 -1.8028148e-01
    outer loop
      vertex -2.2659314e-01 2.5580913e-02 2.7775490e-01
      vertex -1.9879478e-01 5.3379290e-02 1.2608719e-01
      vertex -1.9879478e-01 -1.2608695e-01 1.2608719e-01
    endloop
  endfacet
  facet normal -9.8361504e-01 0.0000000e+00 -1.8028149e-01
    outer loop
      vertex -1.9879478e-01 5.3379290e-02 1.2608719e-01
      vertex -2.2659314e-01 2.5580913e-02 2.7775490e-01
      vertex -1.9879478e-01 1.2608719e-01 1.2608719e-01
    endloop
  endfacet
  facet normal -9.8361510e-01 0.0000000e+00 -1.8028148e-01
    outer loop
      vertex -1.9879478e-01 1.2608719e-01 1.2608719e-01
      vertex -2.2659314e-01 2.5580913e-02 2.7775490e-01
      vertex -2.2659314e-01 1.2608719e-01 2.7775490e-01
    endloop
  endfacet
  facet normal -9.2310488e-01 0.0000000e+00 -3.8454813e-01
    outer loop
      vertex -2.2659314e-01 2.5580913e-02 2.7775490e-01
      vertex -2.6846212e-01 1.2608719e-01 3.7826109e-01
      vertex -2.2659314e-01 1.2608719e-01 2.7775490e-01
    endloop
  endfacet
  facet normal -9.2310494e-01 0.0000000e+00 -3.8454813e-01
    outer loop
      vertex -2.2659314e-01 2.5580913e-02 2.7775490e-01
      vertex -2.6846212e-01 -1.6288102e-02 3.7826109e-01
      vertex -2.6846212e-01 1.2608719e-01 3.7826109e-01
    endloop
  endfacet
  facet normal -9.2310494e-01 0.0000000e+00 -3.8454816e-01
    outer loop
      vertex -2.2659314e-01 -1.2608695e-01 2.7775490e-01
      vertex -2.6846212e-01 -1.2608695e-01 3.7826109e-01
      vertex -2.2659314e-01 2.5580913e-02 2.7775490e-01
    endloop
  endfacet
  facet normal -9.2310494e-01 0.0000000e+00 -3.8454810e-01
    outer loop
      vertex -2.6846212e-01 -1.2608695e-01 3.7826109e-01
      vertex -2.6846212e-01 -1.6288102e-02 3.7826109e-01
      vertex -2.2659314e-01 2.5580913e-02 2.7775490e-01
    endloop
  endfacet
  facet normal -7.0319915e-01 -0.0000000e+00 -7.1099287e-01
    outer loop
      vertex -3.2366404e-01 -7.1490079e-02 4.3285790e-01
      vertex -2.6846212e-01 -1.2608695e-01 3.7826109e-01
      vertex -3.2366404e-01 -1.2608695e-01 4.3285790e-01
    endloop
  endfacet
  facet normal -7.0319921e-01 0.0000000e+00 -7.1099287e-01
    outer loop
      vertex -3.2366404e-01 -7.1490079e-02 4.3285790e-01
      vertex -2.6846212e-01 -1.6288102e-02 3.7826109e-01
      vertex -2.6846212e-01 -1.2608695e-01 3.7826109e-01
    endloop
  endfacet
  facet normal -7.0319915e-01 0.0000000e+00 -7.1099287e-01
    outer loop
      vertex -2.6846212e-01 -1.6288102e-02 3.7826109e-01
      vertex -3.2366404e-01 -7.1490079e-02 4.3285790e-01
      vertex -2.6846212e-01 1.2608719e-01 3.7826109e-01
    endloop
  endfacet
  facet normal -7.0319921e-01 0.0000000e+00 -7.1099293e-01
    outer loop
      vertex -2.6846212e-01 1.2608719e-01 3.7826109e-01
      vertex -3.2366404e-01 -7.1490079e-02 4.3285790e-01
      vertex -3.2366404e-01 1.2608719e-01 4.3285790e-01
    endloop
  endfacet
  facet normal -4.0398008e-01 0.0000000e+00 -9.1476780e-01
    outer loop
      vertex -3.7826085e-01 -4.7378987e-02 4.5696896e-01
      vertex -3.7826085e-01 1.2608719e-01 4.5696896e-01
      vertex -3.2366404e-01 -7.1490079e-02 4.3285790e-01
    endloop
  endfacet
  facet normal -4.0398008e-01 0.0000000e+00 -9.1476774e-01
    outer loop
      vertex -3.7826085e-01 1.2608719e-01 4.5696896e-01
      vertex -3.2366404e-01 1.2608719e-01 4.3285790e-01
      vertex -3.2366404e-01 -7.1490079e-02 4.3285790e-01
    endloop
  endfacet
  facet normal -4.0398327e-01 -8.6736609e-06 -9.1476637e-01
    outer loop
      vertex -3.2366404e-01 -7.1490079e-02 4.3285790e-01
      vertex -3.7826085e-01 -1.2608695e-01 4.5696971e-01
      vertex -3.7826085e-01 -4.7378987e-02 4.5696896e-01
    endloop
  endfacet
  facet normal -4.0399051e-01 -0.0000000e+00 -9.1476315e-01
    outer loop
      vertex -3.2366404e-01 -7.1490079e-02 4.3285790e-01
      vertex -3.2366404e-01 -1.2608695e-01 4.3285790e-01
      vertex -3.7826085e-01 -1.2608695e-01 4.5696971e-01
    endloop
  endfacet
  facet normal -2.6442769e-01 -6.7686604e-04 9.6440536e-01
    outer loop
      vertex -1.6632521e-01 -1.2608695e-01 1.0945445e+00
      vertex -1.2608695e-01 -1.2608695e-01 1.1055773e+00
      vertex -1.6611999e-01 8.6054102e-02 1.0947497e+00
    endloop
  endfacet
  facet normal -2.6442856e-01 -6.7704398e-04 9.6440506e-01
    outer loop
      vertex -1.6611999e-01 8.6054102e-02 1.0947497e+00
      vertex -1.2608695e-01 -1.2608695e-01 1.1055773e+00
      vertex -1.2608695e-01 9.7038388e-02 1.1057340e+00
    endloop
  endfacet
  facet normal -2.6451248e-01 -3.4826813e-04 9.6438217e-01
    outer loop
      vertex -1.2608695e-01 1.2608719e-01 1.1057445e+00
      vertex -1.6611999e-01 8.6054102e-02 1.0947497e+00
      vertex -1.2608695e-01 9.7038388e-02 1.1057340e+00
    endloop
  endfacet
  facet normal -2.4239838e-01 -2.3972441e-02 9.6988064e-01
    outer loop
      vertex -1.6480090e-01 1.2608719e-01 1.0960689e+00
      vertex -1.6611999e-01 8.6054102e-02 1.0947497e+00
      vertex -1.2608695e-01 1.2608719e-01 1.1057445e+00
    endloop
  endfacet
  facet normal -2.0664267e-01 -2.5418693e-02 9.7808617e-01
    outer loop
      vertex -3.7826085e-01 4.0038615e-02 1.0487343e+00
      vertex -1.6611999e-01 8.6054102e-02 1.0947497e+00
      vertex -3.7826085e-01 1.2608719e-01 1.0509706e+00
    endloop
  endfacet
  facet normal -2.0664307e-01 -2.5420967e-02 9.7808605e-01
    outer loop
      vertex -1.6611999e-01 8.6054102e-02 1.0947497e+00
      vertex -1.6480090e-01 1.2608719e-01 1.0960689e+00
      vertex -3.7826085e-01 1.2608719e-01 1.0509706e+00
    endloop
  endfacet
  facet normal -2.0812845e-01 -1.8411037e-02 9.7792828e-01
    outer loop
      vertex -3.7826085e-01 4.0038615e-02 1.0487343e+00
      vertex -3.7826085e-01 -1.2608695e-01 1.0456067e+00
      vertex -1.6611999e-01 8.6054102e-02 1.0947497e+00
    endloop
  endfacet
  facet normal -2.2498854e-01 -7.2465983e-04 9.7436112e-01
    outer loop
      vertex -3.7826085e-01 -1.2608695e-01 1.0456067e+00
      vertex -1.6632521e-01 -1.2608695e-01 1.0945445e+00
      vertex -1.6611999e-01 8.6054102e-02 1.0947497e+00
    endloop
  endfacet
  facet normal -1.9015880e-01 2.5993061e-01 -9.4671839e-01
    outer loop
      vertex -3.1190675e-01 1.2608719e-01 -1.0684285e+00
      vertex -2.9223916e-01 2.1210888e-01 -1.0487609e+00
      vertex -1.2608695e-01 1.2608719e-01 -1.1057525e+00
    endloop
  endfacet
  facet normal -1.9015934e-01 2.5992963e-01 -9.4671851e-01
    outer loop
      vertex -1.2608695e-01 1.2608719e-01 -1.1057525e+00
      vertex -2.9223916e-01 2.1210888e-01 -1.0487609e+00
      vertex -1.2608695e-01 1.6610432e-01 -1.0947654e+00
    endloop
  endfacet
  facet normal -2.0296046e-01 2.2091839e-01 -9.5394039e-01
    outer loop
      vertex -2.9223916e-01 2.1210888e-01 -1.0487609e+00
      vertex -1.2608695e-01 3.7826109e-01 -1.0456331e+00
      vertex -1.2608695e-01 1.6610432e-01 -1.0947654e+00
    endloop
  endfacet
  facet normal -2.0528419e-01 2.2322263e-01 -9.5290613e-01
    outer loop
      vertex -2.9223916e-01 2.1210888e-01 -1.0487609e+00
      vertex -2.6021606e-01 3.7826109e-01 -1.0167377e+00
      vertex -1.2608695e-01 3.7826109e-01 -1.0456331e+00
    endloop
  endfacet
  facet normal -2.6867193e-01 2.3196496e-01 -9.3488371e-01
    outer loop
      vertex -3.7826085e-01 2.4498828e-01 -1.0158814e+00
      vertex -3.7826085e-01 3.7826109e-01 -9.8281354e-01
      vertex -2.9223916e-01 2.1210888e-01 -1.0487609e+00
    endloop
  endfacet
  facet normal -2.6867050e-01 2.3196581e-01 -9.3488395e-01
    outer loop
      vertex -3.7826085e-01 3.7826109e-01 -9.8281354e-01
      vertex -2.6021606e-01 3.7826109e-01 -1.0167377e+00
      vertex -2.9223916e-01 2.1210888e-01 -1.0487609e+00
    endloop
  endfacet
  facet normal -2.5010234e-01 2.7423531e-01 -9.2857087e-01
    outer loop
      vertex -2.9223916e-01 2.1210888e-01 -1.0487609e+00
      vertex -3.7826085e-01 1.2608719e-01 -1.0509965e+00
      vertex -3.7826085e-01 2.4498828e-01 -1.0158814e+00
    endloop
  endfacet
  facet normal -2.4472803e-01 2.6893839e-01 -9.3154722e-01
    outer loop
      vertex -2.9223916e-01 2.1210888e-01 -1.0487609e+00
      vertex -3.1190675e-01 1.2608719e-01 -1.0684285e+00
      vertex -3.7826085e-01 1.2608719e-01 -1.0509965e+00
    endloop
  endfacet
  facet normal -3.4795353e-01 -7.1549737e-01 6.0579860e-01
    outer loop
      vertex -2.7683830e-01 2.2750972e-01 1.2608719e-01
      vertex -3.7826085e-01 2.7683252e-01 1.2608719e-01
      vertex -3.7826085e-01 1.2608719e-01 -5.1955312e-02
    endloop
  endfacet
  facet normal -6.1920178e-01 -4.7646895e-01 6.2415266e-01
    outer loop
      vertex -2.7683830e-01 2.2750972e-01 1.2608719e-01
      vertex -3.7826085e-01 1.2608719e-01 -5.1955312e-02
      vertex -1.9879478e-01 1.2608719e-01 1.2608719e-01
    endloop
  endfacet
  facet normal -8.0324280e-01 -5.7717115e-01 -1.4722203e-01
    outer loop
      vertex -2.8389621e-01 2.2045183e-01 2.2045183e-01
      vertex -1.9879478e-01 1.2608719e-01 1.2608719e-01
      vertex -2.2659314e-01 1.2608719e-01 2.7775490e-01
    endloop
  endfacet
  facet normal -7.8820121e-01 -6.0651213e-01 -1.0431603e-01
    outer loop
      vertex -2.8389621e-01 2.2045183e-01 2.2045183e-01
      vertex -2.7683830e-01 2.2750972e-01 1.2608719e-01
      vertex -1.9879478e-01 1.2608719e-01 1.2608719e-01
    endloop
  endfacet
  facet normal -4.3516815e-01 -8.9483696e-01 -9.9476203e-02
    outer loop
      vertex -2.8389621e-01 2.2045183e-01 2.2045183e-01
      vertex -3.7826085e-01 2.7683252e-01 1.2608719e-01
      vertex -2.7683830e-01 2.2750972e-01 1.2608719e-01
    endloop
  endfacet
  facet normal -4.1219550e-01 -9.0222031e-01 -1.2686022e-01
    outer loop
      vertex -2.8389621e-01 2.2045183e-01 2.2045183e-01
      vertex -3.7826085e-01 2.5824934e-01 2.5824934e-01
      vertex -3.7826085e-01 2.7683252e-01 1.2608719e-01
    endloop
  endfacet
  facet normal -4.5374545e-01 -8.4252441e-01 -2.9028898e-01
    outer loop
      vertex -3.7826085e-01 2.5824934e-01 2.5824934e-01
      vertex -2.8389621e-01 2.2045183e-01 2.2045183e-01
      vertex -3.7826085e-01 2.1689969e-01 3.7826109e-01
    endloop
  endfacet
  facet normal -4.5374516e-01 -8.4252453e-01 -2.9028884e-01
    outer loop
      vertex -3.7826085e-01 2.1689969e-01 3.7826109e-01
      vertex -2.8389621e-01 2.2045183e-01 2.2045183e-01
      vertex -3.1923628e-01 1.8511176e-01 3.7826109e-01
    endloop
  endfacet
  facet normal -7.2290874e-01 -6.2186134e-01 -3.0115017e-01
    outer loop
      vertex -2.2659314e-01 1.2608719e-01 2.7775490e-01
      vertex -2.6846212e-01 1.2608719e-01 3.7826109e-01
      vertex -2.8389621e-01 2.2045183e-01 2.2045183e-01
    endloop
  endfacet
  facet normal -7.2290891e-01 -6.2186116e-01 -3.0115008e-01
    outer loop
      vertex -2.6846212e-01 1.2608719e-01 3.7826109e-01
      vertex -3.1923628e-01 1.8511176e-01 3.7826109e-01
      vertex -2.8389621e-01 2.2045183e-01 2.2045183e-01
    endloop
  endfacet
  facet normal -6.3924104e-01 -4.1669387e-01 -6.4632589e-01
    outer loop
      vertex -3.3702871e-01 1.6731933e-01 4.1949323e-01
      vertex -2.6846212e-01 1.2608719e-01 3.7826109e-01
      vertex -3.2366404e-01 1.2608719e-01 4.3285790e-01
    endloop
  endfacet
  facet normal -6.4761370e-01 -5.5709076e-01 -5.1985228e-01
    outer loop
      vertex -3.3702871e-01 1.6731933e-01 4.1949323e-01
      vertex -3.1923628e-01 1.8511176e-01 3.7826109e-01
      vertex -2.6846212e-01 1.2608719e-01 3.7826109e-01
    endloop
  endfacet
  facet normal -4.0935782e-01 -7.6010507e-01 -5.0464499e-01
    outer loop
      vertex -3.3702871e-01 1.6731933e-01 4.1949323e-01
      vertex -3.7826085e-01 2.1689969e-01 3.7826109e-01
      vertex -3.1923628e-01 1.8511176e-01 3.7826109e-01
    endloop
  endfacet
  facet normal -3.1036818e-01 -7.4702209e-01 -5.8790267e-01
    outer loop
      vertex -3.3702871e-01 1.6731933e-01 4.1949323e-01
      vertex -3.7826085e-01 1.7690574e-01 4.2907965e-01
      vertex -3.7826085e-01 2.1689969e-01 3.7826109e-01
    endloop
  endfacet
  facet normal -3.0103645e-01 -4.5879453e-01 -8.3599323e-01
    outer loop
      vertex -3.3702871e-01 1.6731933e-01 4.1949323e-01
      vertex -3.7826085e-01 1.2608719e-01 4.5696896e-01
      vertex -3.7826085e-01 1.7690574e-01 4.2907965e-01
    endloop
  endfacet
  facet normal -3.7146705e-01 -3.9304709e-01 -8.4114575e-01
    outer loop
      vertex -3.3702871e-01 1.6731933e-01 4.1949323e-01
      vertex -3.2366404e-01 1.2608719e-01 4.3285790e-01
      vertex -3.7826085e-01 1.2608719e-01 4.5696896e-01
    endloop
  endfacet
  facet normal -2.3718819e-01 2.0754983e-01 9.4903362e-01
    outer loop
      vertex -1.6480090e-01 1.2608719e-01 1.0960689e+00
      vertex -1.2608695e-01 1.2608719e-01 1.1057445e+00
      vertex -2.1298859e-01 2.9135945e-01 1.0478811e+00
    endloop
  endfacet
  facet normal -2.3718870e-01 2.0754953e-01 9.4903368e-01
    outer loop
      vertex -2.1298859e-01 2.9135945e-01 1.0478811e+00
      vertex -1.2608695e-01 1.2608719e-01 1.1057445e+00
      vertex -1.2608695e-01 3.0918092e-01 1.0657027e+00
    endloop
  endfacet
  facet normal -2.4632123e-01 2.7041653e-01 9.3069911e-01
    outer loop
      vertex -1.2608695e-01 3.7826109e-01 1.0456313e+00
      vertex -2.1298859e-01 2.9135945e-01 1.0478811e+00
      vertex -1.2608695e-01 3.0918092e-01 1.0657027e+00
    endloop
  endfacet
  facet normal -2.5170907e-01 2.7572659e-01 9.2769462e-01
    outer loop
      vertex -2.4843478e-01 3.7826109e-01 1.0124350e+00
      vertex -2.1298859e-01 2.9135945e-01 1.0478811e+00
      vertex -1.2608695e-01 3.7826109e-01 1.0456313e+00
    endloop
  endfacet
  facet normal -2.1267791e-01 2.9341465e-01 9.3202788e-01
    outer loop
      vertex -3.7826085e-01 2.6267609e-01 1.0191978e+00
      vertex -2.1298859e-01 2.9135945e-01 1.0478811e+00
      vertex -3.7826085e-01 3.7826109e-01 9.8281014e-01
    endloop
  endfacet
  facet normal -2.1267807e-01 2.9341435e-01 9.3202794e-01
    outer loop
      vertex -2.1298859e-01 2.9135945e-01 1.0478811e+00
      vertex -2.4843478e-01 3.7826109e-01 1.0124350e+00
      vertex -3.7826085e-01 3.7826109e-01 9.8281014e-01
    endloop
  endfacet
  facet normal -2.0397918e-01 2.2180323e-01 9.5351762e-01
    outer loop
      vertex -3.7826085e-01 2.6267609e-01 1.0191978e+00
      vertex -3.7826085e-01 1.2608719e-01 1.0509706e+00
      vertex -2.1298859e-01 2.9135945e-01 1.0478811e+00
    endloop
  endfacet
  facet normal -2.0166823e-01 2.1951139e-01 9.5453900e-01
    outer loop
      vertex -3.7826085e-01 1.2608719e-01 1.0509706e+00
      vertex -1.6480090e-01 1.2608719e-01 1.0960689e+00
      vertex -2.1298859e-01 2.9135945e-01 1.0478811e+00
    endloop
  endfacet
  facet normal -1.8722242e-01 4.5790088e-01 -8.6906540e-01
    outer loop
      vertex -2.6021606e-01 3.7826109e-01 -1.0167377e+00
      vertex -1.6988511e-01 5.8663684e-01 -9.2640680e-01
      vertex -1.2608695e-01 3.7826109e-01 -1.0456331e+00
    endloop
  endfacet
  facet normal -1.8722245e-01 4.5790076e-01 -8.6906534e-01
    outer loop
      vertex -1.2608695e-01 3.7826109e-01 -1.0456331e+00
      vertex -1.6988511e-01 5.8663684e-01 -9.2640680e-01
      vertex -1.2608695e-01 5.6669348e-01 -9.4635016e-01
    endloop
  endfacet
  facet normal -2.0973398e-01 4.2159367e-01 -8.8219637e-01
    outer loop
      vertex -1.6988511e-01 5.8663684e-01 -9.2640680e-01
      vertex -1.2608695e-01 6.3043499e-01 -9.1588867e-01
      vertex -1.2608695e-01 5.6669348e-01 -9.4635016e-01
    endloop
  endfacet
  facet normal -2.0028773e-01 4.1358063e-01 -8.8816434e-01
    outer loop
      vertex -1.6988511e-01 5.8663684e-01 -9.2640680e-01
      vertex -1.5324304e-01 6.3043499e-01 -9.0976477e-01
      vertex -1.2608695e-01 6.3043499e-01 -9.1588867e-01
    endloop
  endfacet
  facet normal -2.4341030e-01 4.2396021e-01 -8.7235844e-01
    outer loop
      vertex -1.6988511e-01 5.8663684e-01 -9.2640680e-01
      vertex -2.5056785e-01 6.3043499e-01 -8.8260865e-01
      vertex -1.5324304e-01 6.3043499e-01 -9.0976477e-01
    endloop
  endfacet
  facet normal -2.2134990e-01 4.5485795e-01 -8.6261725e-01
    outer loop
      vertex -3.7826085e-01 3.7826109e-01 -9.8281354e-01
      vertex -3.7826085e-01 5.6829506e-01 -8.8260865e-01
      vertex -1.6988511e-01 5.8663684e-01 -9.2640680e-01
    endloop
  endfacet
  facet normal -2.2134987e-01 4.5485777e-01 -8.6261731e-01
    outer loop
      vertex -3.7826085e-01 5.6829506e-01 -8.8260865e-01
      vertex -2.5056785e-01 6.3043499e-01 -8.8260865e-01
      vertex -1.6988511e-01 5.8663684e-01 -9.2640680e-01
    endloop
  endfacet
  facet normal -2.4340196e-01 4.7267103e-01 -8.4695786e-01
    outer loop
      vertex -1.6988511e-01 5.8663684e-01 -9.2640680e-01
      vertex -2.6021606e-01 3.7826109e-01 -1.0167377e+00
      vertex -3.7826085e-01 3.7826109e-01 -9.8281354e-01
    endloop
  endfacet
  facet normal -2.4532525e-01 5.0412542e-01 -8.2805383e-01
    outer loop
      vertex -3.4907606e-01 6.3043499e-01 -8.5342389e-01
      vertex -2.5056785e-01 6.3043499e-01 -8.8260865e-01
      vertex -3.7826085e-01 5.6829506e-01 -8.8260865e-01
    endloop
  endfacet
  facet normal -3.0252945e-01 5.1789331e-01 -8.0016410e-01
    outer loop
      vertex -3.4907606e-01 6.3043499e-01 -8.5342389e-01
      vertex -3.7826085e-01 5.6829506e-01 -8.8260865e-01
      vertex -3.7826085e-01 6.3043499e-01 -8.4238958e-01
    endloop
  endfacet
  facet normal -2.5005594e-01 5.5429214e-01 7.9387170e-01
    outer loop
      vertex -2.5057960e-01 6.3043499e-01 8.8260889e-01
      vertex -3.7826085e-01 6.3043499e-01 8.4239149e-01
      vertex -3.7826085e-01 6.0675281e-01 8.5892671e-01
    endloop
  endfacet
  facet normal -2.4726793e-01 5.0807709e-01 8.2505536e-01
    outer loop
      vertex -2.5057960e-01 6.3043499e-01 8.8260889e-01
      vertex -3.7826085e-01 6.0675281e-01 8.5892671e-01
      vertex -3.7826085e-01 5.6829584e-01 8.8260889e-01
    endloop
  endfacet
  facet normal -2.4160768e-01 3.8561302e-01 8.9046526e-01
    outer loop
      vertex -2.4843478e-01 3.7826109e-01 1.0124350e+00
      vertex -1.2608695e-01 3.7826109e-01 1.0456313e+00
      vertex -2.9682922e-01 4.5969272e-01 9.6404052e-01
    endloop
  endfacet
  facet normal -2.4160789e-01 3.8561273e-01 8.9046526e-01
    outer loop
      vertex -2.9682922e-01 4.5969272e-01 9.6404052e-01
      vertex -1.2608695e-01 3.7826109e-01 1.0456313e+00
      vertex -1.2608695e-01 4.9202043e-01 9.9636823e-01
    endloop
  endfacet
  facet normal -2.5058886e-01 4.8659423e-01 8.3691770e-01
    outer loop
      vertex -1.2608695e-01 6.3043499e-01 9.1589230e-01
      vertex -2.9682922e-01 4.5969272e-01 9.6404052e-01
      vertex -1.2608695e-01 4.9202043e-01 9.9636823e-01
    endloop
  endfacet
  facet normal -2.2814345e-01 4.6878079e-01 8.5334355e-01
    outer loop
      vertex -3.7826085e-01 5.6829584e-01 8.8260889e-01
      vertex -2.9682922e-01 4.5969272e-01 9.6404052e-01
      vertex -2.5057960e-01 6.3043499e-01 8.8260889e-01
    endloop
  endfacet
  facet normal -2.2814348e-01 4.6878082e-01 8.5334349e-01
    outer loop
      vertex -2.9682922e-01 4.5969272e-01 9.6404052e-01
      vertex -1.2608695e-01 6.3043499e-01 9.1589230e-01
      vertex -2.5057960e-01 6.3043499e-01 8.8260889e-01
    endloop
  endfacet
  facet normal -2.0004928e-01 4.8733321e-01 8.4999216e-01
    outer loop
      vertex -3.7826085e-01 5.6829584e-01 8.8260889e-01
      vertex -3.7826085e-01 4.4751143e-01 9.5185924e-01
      vertex -2.9682922e-01 4.5969272e-01 9.6404052e-01
    endloop
  endfacet
  facet normal -1.9385917e-01 4.0030098e-01 8.9564371e-01
    outer loop
      vertex -3.7826085e-01 4.4751143e-01 9.5185924e-01
      vertex -3.7826085e-01 3.7826109e-01 9.8281014e-01
      vertex -2.9682922e-01 4.5969272e-01 9.6404052e-01
    endloop
  endfacet
  facet normal -2.0308825e-01 4.0822971e-01 8.9000207e-01
    outer loop
      vertex -3.7826085e-01 3.7826109e-01 9.8281014e-01
      vertex -2.4843478e-01 3.7826109e-01 1.0124350e+00
      vertex -2.9682922e-01 4.5969272e-01 9.6404052e-01
    endloop
  endfacet
  facet normal -1.7921673e-01 5.7990646e-01 -7.9472625e-01
    outer loop
      vertex -1.5324304e-01 6.3043499e-01 -9.0976477e-01
      vertex -1.2608695e-01 6.7604321e-01 -8.8260865e-01
      vertex -1.2608695e-01 6.3043499e-01 -9.1588867e-01
    endloop
  endfacet
  facet normal -2.1670771e-01 5.9147167e-01 -7.7665889e-01
    outer loop
      vertex -1.5324304e-01 6.3043499e-01 -9.0976477e-01
      vertex -2.5056785e-01 6.3043499e-01 -8.8260865e-01
      vertex -1.2608695e-01 6.7604321e-01 -8.8260865e-01
    endloop
  endfacet
  facet normal -2.1450071e-01 6.5558970e-01 -7.2401077e-01
    outer loop
      vertex -2.8144881e-01 7.2724706e-01 -7.8579658e-01
      vertex -2.5056785e-01 6.3043499e-01 -8.8260865e-01
      vertex -3.4907606e-01 6.3043499e-01 -8.5342389e-01
    endloop
  endfacet
  facet normal -2.3741196e-01 6.4798081e-01 -7.2371012e-01
    outer loop
      vertex -2.5056785e-01 6.3043499e-01 -8.8260865e-01
      vertex -2.8144881e-01 7.2724706e-01 -7.8579658e-01
      vertex -1.2608695e-01 6.7604321e-01 -8.8260865e-01
    endloop
  endfacet
  facet normal -2.3741195e-01 6.4798093e-01 -7.2371012e-01
    outer loop
      vertex -1.2608695e-01 6.7604321e-01 -8.8260865e-01
      vertex -2.8144881e-01 7.2724706e-01 -7.8579658e-01
      vertex -1.2608695e-01 8.8260889e-01 -6.9765806e-01
    endloop
  endfacet
  facet normal -2.1009660e-01 6.3286436e-01 -7.4521285e-01
    outer loop
      vertex -2.8144881e-01 7.2724706e-01 -7.8579658e-01
      vertex -1.7852616e-01 8.8260889e-01 -6.8287396e-01
      vertex -1.2608695e-01 8.8260889e-01 -6.9765806e-01
    endloop
  endfacet
  facet normal -2.8729519e-01 6.5395892e-01 -6.9985658e-01
    outer loop
      vertex -2.8144881e-01 7.2724706e-01 -7.8579658e-01
      vertex -3.0626911e-01 8.8260889e-01 -6.3043475e-01
      vertex -1.7852616e-01 8.8260889e-01 -6.8287396e-01
    endloop
  endfacet
  facet normal -2.5221330e-01 6.6380411e-01 -7.0409703e-01
    outer loop
      vertex -3.7826085e-01 6.3043499e-01 -8.4238958e-01
      vertex -3.7826085e-01 8.5525548e-01 -6.3043475e-01
      vertex -2.8144881e-01 7.2724706e-01 -7.8579658e-01
    endloop
  endfacet
  facet normal -2.5221363e-01 6.6380394e-01 -7.0409703e-01
    outer loop
      vertex -3.7826085e-01 8.5525548e-01 -6.3043475e-01
      vertex -3.0626911e-01 8.8260889e-01 -6.3043475e-01
      vertex -2.8144881e-01 7.2724706e-01 -7.8579658e-01
    endloop
  endfacet
  facet normal -2.6280943e-01 6.6914552e-01 -6.9510812e-01
    outer loop
      vertex -2.8144881e-01 7.2724706e-01 -7.8579658e-01
      vertex -3.4907606e-01 6.3043499e-01 -8.5342389e-01
      vertex -3.7826085e-01 6.3043499e-01 -8.4238958e-01
    endloop
  endfacet
  facet normal -3.0600074e-01 8.0536872e-01 -5.0768572e-01
    outer loop
      vertex -3.5118714e-01 8.8260889e-01 -6.0336101e-01
      vertex -3.0626911e-01 8.8260889e-01 -6.3043475e-01
      vertex -3.7826085e-01 8.5525554e-01 -6.3043475e-01
    endloop
  endfacet
  facet normal -3.0971816e-01 8.0592829e-01 -5.0453371e-01
    outer loop
      vertex -3.5118714e-01 8.8260889e-01 -6.0336101e-01
      vertex -3.7826085e-01 8.5525554e-01 -6.3043475e-01
      vertex -3.7826085e-01 8.8260889e-01 -5.8674127e-01
    endloop
  endfacet
  facet normal -2.8043914e-01 8.5520172e-01 4.3587139e-01
    outer loop
      vertex -3.1603947e-01 8.8260889e-01 6.3043499e-01
      vertex -3.7826085e-01 8.8260889e-01 5.9040183e-01
      vertex -3.7826085e-01 8.6909354e-01 6.1691964e-01
    endloop
  endfacet
  facet normal -2.9266623e-01 7.3135310e-01 6.1601067e-01
    outer loop
      vertex -3.1603947e-01 8.8260889e-01 6.3043499e-01
      vertex -3.7826085e-01 8.6909354e-01 6.1691964e-01
      vertex -3.7826085e-01 8.5770971e-01 6.3043499e-01
    endloop
  endfacet
  facet normal -2.7679685e-01 5.8282578e-01 7.6400095e-01
    outer loop
      vertex -1.2608695e-01 7.9419070e-01 7.9419070e-01
      vertex -2.3737732e-01 7.7131855e-01 7.7131855e-01
      vertex -1.2608695e-01 6.7828715e-01 8.8260889e-01
    endloop
  endfacet
  facet normal -2.7909622e-01 6.8026388e-01 6.7775100e-01
    outer loop
      vertex -1.2608695e-01 8.8260889e-01 7.0544469e-01
      vertex -2.3737732e-01 7.7131855e-01 7.7131855e-01
      vertex -1.2608695e-01 7.9419070e-01 7.9419070e-01
    endloop
  endfacet
  facet normal -2.7059111e-01 6.7618889e-01 6.8523657e-01
    outer loop
      vertex -3.7826085e-01 8.5770971e-01 6.3043499e-01
      vertex -2.3737732e-01 7.7131855e-01 7.7131855e-01
      vertex -3.1603947e-01 8.8260889e-01 6.3043499e-01
    endloop
  endfacet
  facet normal -2.7059072e-01 6.7618906e-01 6.8523651e-01
    outer loop
      vertex -2.3737732e-01 7.7131855e-01 7.7131855e-01
      vertex -1.2608695e-01 8.8260889e-01 7.0544469e-01
      vertex -3.1603947e-01 8.8260889e-01 6.3043499e-01
    endloop
  endfacet
  facet normal -2.1316431e-01 7.2336429e-01 6.5673822e-01
    outer loop
      vertex -3.7826085e-01 8.5770971e-01 6.3043499e-01
      vertex -3.7826085e-01 7.4955833e-01 7.4955833e-01
      vertex -2.3737732e-01 7.7131855e-01 7.7131855e-01
    endloop
  endfacet
  facet normal -2.1185151e-01 6.0073757e-01 7.7086532e-01
    outer loop
      vertex -3.7826085e-01 7.4955833e-01 7.4955833e-01
      vertex -3.7826085e-01 6.3043499e-01 8.4239149e-01
      vertex -2.3737732e-01 7.7131855e-01 7.7131855e-01
    endloop
  endfacet
  facet normal -2.3670654e-01 6.1581838e-01 7.5149035e-01
    outer loop
      vertex -3.7826085e-01 6.3043499e-01 8.4239149e-01
      vertex -2.5057960e-01 6.3043499e-01 8.8260889e-01
      vertex -2.3737732e-01 7.7131855e-01 7.7131855e-01
    endloop
  endfacet
  facet normal -2.3670664e-01 6.1581832e-01 7.5149029e-01
    outer loop
      vertex -2.3737732e-01 7.7131855e-01 7.7131855e-01
      vertex -2.5057960e-01 6.3043499e-01 8.8260889e-01
      vertex -1.2608695e-01 6.7828715e-01 8.8260889e-01
    endloop
  endfacet
  facet normal -2.2064365e-01 5.1981789e-01 8.2529134e-01
    outer loop
      vertex -2.5057960e-01 6.3043499e-01 8.8260889e-01
      vertex -1.2608695e-01 6.3043499e-01 9.1589230e-01
      vertex -1.2608695e-01 6.5085602e-01 9.0302992e-01
    endloop
  endfacet
  facet normal -2.2371194e-01 5.8201110e-01 7.8180307e-01
    outer loop
      vertex -2.5057960e-01 6.3043499e-01 8.8260889e-01
      vertex -1.2608695e-01 6.5085602e-01 9.0302992e-01
      vertex -1.2608695e-01 6.7828715e-01 8.8260889e-01
    endloop
  endfacet
  facet normal -1.7268416e-01 7.7136928e-01 -6.1251092e-01
    outer loop
      vertex -1.7852616e-01 8.8260889e-01 -6.8287396e-01
      vertex -1.2608695e-01 9.3598801e-01 -6.3043475e-01
      vertex -1.2608695e-01 8.8260889e-01 -6.9765806e-01
    endloop
  endfacet
  facet normal -2.3358168e-01 7.8845906e-01 -5.6900954e-01
    outer loop
      vertex -1.7852616e-01 8.8260889e-01 -6.8287396e-01
      vertex -3.0626911e-01 8.8260889e-01 -6.3043475e-01
      vertex -1.2608695e-01 9.3598801e-01 -6.3043475e-01
    endloop
  endfacet
  facet normal -2.4218045e-01 8.8312185e-01 -4.0180147e-01
    outer loop
      vertex -3.5118714e-01 8.8260889e-01 -6.0336101e-01
      vertex -1.2608695e-01 1.0467544e+00 -3.7826085e-01
      vertex -3.0626911e-01 8.8260889e-01 -6.3043475e-01
    endloop
  endfacet
  facet normal -2.4218053e-01 8.8312185e-01 -4.0180147e-01
    outer loop
      vertex -1.2608695e-01 1.0467544e+00 -3.7826085e-01
      vertex -1.2608695e-01 9.7326910e-01 -5.3977454e-01
      vertex -3.0626911e-01 8.8260889e-01 -6.3043475e-01
    endloop
  endfacet
  facet normal -2.6425019e-01 8.9198130e-01 -3.6679861e-01
    outer loop
      vertex -3.0626911e-01 8.8260889e-01 -6.3043475e-01
      vertex -1.2608695e-01 9.7326910e-01 -5.3977454e-01
      vertex -1.2608695e-01 9.3598801e-01 -6.3043475e-01
    endloop
  endfacet
  facet normal -2.0425434e-01 8.8233578e-01 -4.2398554e-01
    outer loop
      vertex -3.7826085e-01 8.8260889e-01 -5.8674127e-01
      vertex -3.7826085e-01 9.8278922e-01 -3.7826085e-01
      vertex -2.4790388e-01 1.0129659e+00 -3.7826085e-01
    endloop
  endfacet
  facet normal -2.4505897e-01 8.8350600e-01 -3.9920333e-01
    outer loop
      vertex -3.7826085e-01 8.8260889e-01 -5.8674127e-01
      vertex -2.4790388e-01 1.0129659e+00 -3.7826085e-01
      vertex -3.5118714e-01 8.8260889e-01 -6.0336101e-01
    endloop
  endfacet
  facet normal -2.4505863e-01 8.8350600e-01 -3.9920342e-01
    outer loop
      vertex -2.4790388e-01 1.0129659e+00 -3.7826085e-01
      vertex -1.2608695e-01 1.0467544e+00 -3.7826085e-01
      vertex -3.5118714e-01 8.8260889e-01 -6.0336101e-01
    endloop
  endfacet
  facet normal -2.4626866e-01 9.3639189e-01 -2.5004405e-01
    outer loop
      vertex -1.2608695e-01 1.0949494e+00 -1.6592036e-01
      vertex -1.8821120e-01 1.0726585e+00 -1.8821120e-01
      vertex -1.2608695e-01 1.1055861e+00 -1.2608695e-01
    endloop
  endfacet
  facet normal -2.6110750e-01 9.4136667e-01 -2.1366228e-01
    outer loop
      vertex -2.4790388e-01 1.0129659e+00 -3.7826085e-01
      vertex -1.8821120e-01 1.0726585e+00 -1.8821120e-01
      vertex -1.2608695e-01 1.0467544e+00 -3.7826085e-01
    endloop
  endfacet
  facet normal -2.6110780e-01 9.4136661e-01 -2.1366236e-01
    outer loop
      vertex -1.8821120e-01 1.0726585e+00 -1.8821120e-01
      vertex -1.2608695e-01 1.0949494e+00 -1.6592036e-01
      vertex -1.2608695e-01 1.0467544e+00 -3.7826085e-01
    endloop
  endfacet
  facet normal -2.1954004e-01 9.4836670e-01 -2.2891681e-01
    outer loop
      vertex -2.4790388e-01 1.0129659e+00 -3.7826085e-01
      vertex -3.7826085e-01 9.8278922e-01 -3.7826085e-01
      vertex -1.8821120e-01 1.0726585e+00 -1.8821120e-01
    endloop
  endfacet
  facet normal -2.3172718e-01 9.4833404e-01 -2.1671425e-01
    outer loop
      vertex -3.7826085e-01 9.8278922e-01 -3.7826085e-01
      vertex -3.7826085e-01 1.0124638e+00 -2.4840587e-01
      vertex -1.8821120e-01 1.0726585e+00 -1.8821120e-01
    endloop
  endfacet
  facet normal -2.1746494e-01 9.4204628e-01 -2.5545597e-01
    outer loop
      vertex -3.7826085e-01 1.0124638e+00 -2.4840587e-01
      vertex -3.7826085e-01 1.0456332e+00 -1.2608695e-01
      vertex -1.8821120e-01 1.0726585e+00 -1.8821120e-01
    endloop
  endfacet
  facet normal -2.1746498e-01 9.4204623e-01 -2.5545609e-01
    outer loop
      vertex -1.8821120e-01 1.0726585e+00 -1.8821120e-01
      vertex -3.7826085e-01 1.0456332e+00 -1.2608695e-01
      vertex -1.6630891e-01 1.0945609e+00 -1.2608695e-01
    endloop
  endfacet
  facet normal -2.5665548e-01 9.3632728e-01 -2.3962297e-01
    outer loop
      vertex -1.2608695e-01 1.1055861e+00 -1.2608695e-01
      vertex -1.8821120e-01 1.0726585e+00 -1.8821120e-01
      vertex -1.6630891e-01 1.0945609e+00 -1.2608695e-01
    endloop
  endfacet
  facet normal -2.6437536e-01 9.6441990e-01 7.0878305e-05
    outer loop
      vertex -1.2608695e-01 1.1055861e+00 9.6890375e-02
      vertex -1.6630891e-01 1.0945609e+00 8.5865192e-02
      vertex -1.2608695e-01 1.1055839e+00 1.2608719e-01
    endloop
  endfacet
  facet normal -2.6435730e-01 9.6442485e-01 0.0000000e+00
    outer loop
      vertex -1.6630891e-01 1.0945609e+00 -1.2608695e-01
      vertex -1.6630891e-01 1.0945609e+00 8.5865192e-02
      vertex -1.2608695e-01 1.1055861e+00 -1.2608695e-01
    endloop
  endfacet
  facet normal -2.6435730e-01 9.6442485e-01 0.0000000e+00
    outer loop
      vertex -1.6630891e-01 1.0945609e+00 8.5865192e-02
      vertex -1.2608695e-01 1.1055861e+00 9.6890375e-02
      vertex -1.2608695e-01 1.1055861e+00 -1.2608695e-01
    endloop
  endfacet
  facet normal -2.2492793e-01 9.7437543e-01 0.0000000e+00
    outer loop
      vertex -1.6630891e-01 1.0945609e+00 -1.2608695e-01
      vertex -3.7826085e-01 1.0456332e+00 -1.2608695e-01
      vertex -1.6630891e-01 1.0945609e+00 8.5865192e-02
    endloop
  endfacet
  facet normal -2.2492792e-01 9.7437537e-01 0.0000000e+00
    outer loop
      vertex -3.7826085e-01 1.0456332e+00 -1.2608695e-01
      vertex -3.7826085e-01 1.0456332e+00 3.6937550e-02
      vertex -1.6630891e-01 1.0945609e+00 8.5865192e-02
    endloop
  endfacet
  facet normal -2.2493848e-01 9.7437292e-01 4.8207814e-05
    outer loop
      vertex -3.7826085e-01 1.0456332e+00 3.6937550e-02
      vertex -3.7826085e-01 1.0456288e+00 1.2608719e-01
      vertex -1.6630891e-01 1.0945609e+00 8.5865192e-02
    endloop
  endfacet
  facet normal -2.2493841e-01 9.7437298e-01 4.8782233e-05
    outer loop
      vertex -1.6630891e-01 1.0945609e+00 8.5865192e-02
      vertex -3.7826085e-01 1.0456288e+00 1.2608719e-01
      vertex -1.6631155e-01 1.0945582e+00 1.2608719e-01
    endloop
  endfacet
  facet normal -2.6435179e-01 9.6442634e-01 4.5540019e-05
    outer loop
      vertex -1.2608695e-01 1.1055839e+00 1.2608719e-01
      vertex -1.6630891e-01 1.0945609e+00 8.5865192e-02
      vertex -1.6631155e-01 1.0945582e+00 1.2608719e-01
    endloop
  endfacet
  facet normal -2.6806220e-01 9.2734963e-01 2.6108491e-01
    outer loop
      vertex -1.2608695e-01 1.0660938e+00 3.0957213e-01
      vertex -2.1478188e-01 1.0460879e+00 2.8956616e-01
      vertex -1.2608695e-01 1.0467552e+00 3.7826109e-01
    endloop
  endfacet
  facet normal -2.5883472e-01 9.4429868e-01 2.0323536e-01
    outer loop
      vertex -1.6631155e-01 1.0945582e+00 1.2608719e-01
      vertex -2.1478188e-01 1.0460879e+00 2.8956616e-01
      vertex -1.2608695e-01 1.1055839e+00 1.2608719e-01
    endloop
  endfacet
  facet normal -2.5883642e-01 9.4429839e-01 2.0323434e-01
    outer loop
      vertex -2.1478188e-01 1.0460879e+00 2.8956616e-01
      vertex -1.2608695e-01 1.0660938e+00 3.0957213e-01
      vertex -1.2608695e-01 1.1055839e+00 1.2608719e-01
    endloop
  endfacet
  facet normal -2.1958289e-01 9.5117426e-01 2.1691182e-01
    outer loop
      vertex -1.6631155e-01 1.0945582e+00 1.2608719e-01
      vertex -3.7826085e-01 1.0456288e+00 1.2608719e-01
      vertex -2.1478188e-01 1.0460879e+00 2.8956616e-01
    endloop
  endfacet
  facet normal -2.0905623e-01 9.5587975e-01 2.0637198e-01
    outer loop
      vertex -3.7826085e-01 1.0456288e+00 1.2608719e-01
      vertex -3.7826085e-01 1.0166826e+00 2.6016086e-01
      vertex -2.1478188e-01 1.0460879e+00 2.8956616e-01
    endloop
  endfacet
  facet normal -2.1719843e-01 9.3825477e-01 2.6926357e-01
    outer loop
      vertex -3.7826085e-01 1.0166826e+00 2.6016086e-01
      vertex -3.7826085e-01 9.8278981e-01 3.7826109e-01
      vertex -2.1478188e-01 1.0460879e+00 2.8956616e-01
    endloop
  endfacet
  facet normal -2.1719886e-01 9.3825477e-01 2.6926288e-01
    outer loop
      vertex -2.1478188e-01 1.0460879e+00 2.8956616e-01
      vertex -3.7826085e-01 9.8278981e-01 3.7826109e-01
      vertex -2.4790314e-01 1.0129666e+00 3.7826109e-01
    endloop
  endfacet
  facet normal -2.5867957e-01 9.3260431e-01 2.5166270e-01
    outer loop
      vertex -1.2608695e-01 1.0467552e+00 3.7826109e-01
      vertex -2.1478188e-01 1.0460879e+00 2.8956616e-01
      vertex -2.4790314e-01 1.0129666e+00 3.7826109e-01
    endloop
  endfacet
  facet normal -2.5862238e-01 8.7639236e-01 4.0626454e-01
    outer loop
      vertex -1.2608695e-01 1.0019312e+00 4.9758339e-01
      vertex -2.9249054e-01 9.6837920e-01 4.6403140e-01
      vertex -1.2608695e-01 9.4034588e-01 6.3043499e-01
    endloop
  endfacet
  facet normal -2.5132266e-01 9.0608078e-01 3.4037414e-01
    outer loop
      vertex -2.4790314e-01 1.0129666e+00 3.7826109e-01
      vertex -2.9249054e-01 9.6837920e-01 4.6403140e-01
      vertex -1.2608695e-01 1.0467552e+00 3.7826109e-01
    endloop
  endfacet
  facet normal -2.5132293e-01 9.0608090e-01 3.4037369e-01
    outer loop
      vertex -2.9249054e-01 9.6837920e-01 4.6403140e-01
      vertex -1.2608695e-01 1.0019312e+00 4.9758339e-01
      vertex -1.2608695e-01 1.0467552e+00 3.7826109e-01
    endloop
  endfacet
  facet normal -2.1017043e-01 9.0789342e-01 3.6270925e-01
    outer loop
      vertex -2.4790314e-01 1.0129666e+00 3.7826109e-01
      vertex -3.7826085e-01 9.8278981e-01 3.7826109e-01
      vertex -2.9249054e-01 9.6837920e-01 4.6403140e-01
    endloop
  endfacet
  facet normal -1.9329949e-01 9.1755426e-01 3.4746149e-01
    outer loop
      vertex -3.7826085e-01 9.8278981e-01 3.7826109e-01
      vertex -3.7826085e-01 9.5527315e-01 4.5092535e-01
      vertex -2.9249054e-01 9.6837920e-01 4.6403140e-01
    endloop
  endfacet
  facet normal -2.0187327e-01 8.6860228e-01 4.5252320e-01
    outer loop
      vertex -3.7826085e-01 9.5527315e-01 4.5092535e-01
      vertex -3.7826085e-01 8.8260889e-01 5.9040183e-01
      vertex -2.9249054e-01 9.6837920e-01 4.6403140e-01
    endloop
  endfacet
  facet normal -2.6500386e-01 8.7185252e-01 4.1188118e-01
    outer loop
      vertex -3.7826085e-01 8.8260889e-01 5.9040183e-01
      vertex -3.1603947e-01 8.8260889e-01 6.3043499e-01
      vertex -2.9249054e-01 9.6837920e-01 4.6403140e-01
    endloop
  endfacet
  facet normal -2.6500383e-01 8.7185258e-01 4.1188118e-01
    outer loop
      vertex -2.9249054e-01 9.6837920e-01 4.6403140e-01
      vertex -3.1603947e-01 8.8260889e-01 6.3043499e-01
      vertex -1.2608695e-01 9.4034588e-01 6.3043499e-01
    endloop
  endfacet
  facet normal -2.6223096e-01 7.0017892e-01 6.6406649e-01
    outer loop
      vertex -3.1603947e-01 8.8260889e-01 6.3043499e-01
      vertex -1.2608695e-01 8.8260889e-01 7.0544469e-01
      vertex -1.2608695e-01 9.1912097e-01 6.6694707e-01
    endloop
  endfacet
  facet normal -2.5415206e-01 8.3615065e-01 4.8606458e-01
    outer loop
      vertex -3.1603947e-01 8.8260889e-01 6.3043499e-01
      vertex -1.2608695e-01 9.1912097e-01 6.6694707e-01
      vertex -1.2608695e-01 9.4034588e-01 6.3043499e-01
    endloop
  endfacet
  facet normal -1.2411235e-05 -8.5145557e-01 -5.2442670e-01
    outer loop
      vertex 9.3048990e-02 -9.1564679e-01 -6.6347289e-01
      vertex 1.2608719e-01 -9.1564709e-01 -6.6347319e-01
      vertex 1.2608719e-01 -9.3599606e-01 -6.3043475e-01
    endloop
  endfacet
  facet normal -1.2755118e-05 -7.1916234e-01 -6.9484204e-01
    outer loop
      vertex 9.3048990e-02 -9.1564679e-01 -6.6347289e-01
      vertex 1.2608719e-01 -8.8260865e-01 -6.9766802e-01
      vertex 1.2608719e-01 -9.1564709e-01 -6.6347319e-01
    endloop
  endfacet
  facet normal -1.2308928e-05 -7.1916258e-01 -6.9484180e-01
    outer loop
      vertex 9.3048990e-02 -9.1564679e-01 -6.6347289e-01
      vertex 5.8855042e-02 -8.8260865e-01 -6.9766682e-01
      vertex 1.2608719e-01 -8.8260865e-01 -6.9766802e-01
    endloop
  endfacet
  facet normal -3.2691594e-05 -7.1917218e-01 -6.9483185e-01
    outer loop
      vertex -1.2608695e-01 -9.1564173e-01 -6.6346782e-01
      vertex -1.2608695e-01 -8.8260865e-01 -6.9765806e-01
      vertex 9.3048990e-02 -9.1564679e-01 -6.6347289e-01
    endloop
  endfacet
  facet normal -3.2918586e-05 -7.1917284e-01 -6.9483107e-01
    outer loop
      vertex -1.2608695e-01 -8.8260865e-01 -6.9765806e-01
      vertex 5.8855042e-02 -8.8260865e-01 -6.9766682e-01
      vertex 9.3048990e-02 -9.1564679e-01 -6.6347289e-01
    endloop
  endfacet
  facet normal -3.1810290e-05 -8.5145122e-01 -5.2443397e-01
    outer loop
      vertex -1.2608695e-01 -9.1564173e-01 -6.6346782e-01
      vertex 9.3048990e-02 -9.1564679e-01 -6.6347289e-01
      vertex -1.2608695e-01 -9.3598777e-01 -6.3043475e-01
    endloop
  endfacet
  facet normal -3.1912485e-05 -8.5145086e-01 -5.2443439e-01
    outer loop
      vertex -1.2608695e-01 -9.3598777e-01 -6.3043475e-01
      vertex 9.3048990e-02 -9.1564679e-01 -6.6347289e-01
      vertex 7.2700560e-02 -9.3599522e-01 -6.3043475e-01
    endloop
  endfacet
  facet normal -1.3290931e-05 -8.5145599e-01 -5.2442610e-01
    outer loop
      vertex 9.3048990e-02 -9.1564679e-01 -6.6347289e-01
      vertex 1.2608719e-01 -9.3599606e-01 -6.3043475e-01
      vertex 7.2700560e-02 -9.3599522e-01 -6.3043475e-01
    endloop
  endfacet
  facet normal -1.4053139e-05 -9.3458480e-01 -3.5574055e-01
    outer loop
      vertex 7.1954280e-03 -1.0015002e+00 -4.9715251e-01
      vertex 1.2608719e-01 -1.0015016e+00 -4.9715376e-01
      vertex 1.2608719e-01 -1.0467570e+00 -3.7826085e-01
    endloop
  endfacet
  facet normal -1.4027893e-05 -8.9746350e-01 -4.4108868e-01
    outer loop
      vertex 7.2700560e-02 -9.3599522e-01 -6.3043475e-01
      vertex 1.2608719e-01 -9.3599606e-01 -6.3043475e-01
      vertex 7.1954280e-03 -1.0015002e+00 -4.9715251e-01
    endloop
  endfacet
  facet normal -1.4558142e-05 -8.9746332e-01 -4.4108906e-01
    outer loop
      vertex 1.2608719e-01 -9.3599606e-01 -6.3043475e-01
      vertex 1.2608719e-01 -1.0015016e+00 -4.9715376e-01
      vertex 7.1954280e-03 -1.0015002e+00 -4.9715251e-01
    endloop
  endfacet
  facet normal -3.3628763e-05 -8.9745975e-01 -4.4109645e-01
    outer loop
      vertex 7.1954280e-03 -1.0015002e+00 -4.9715251e-01
      vertex -1.2608695e-01 -9.3598777e-01 -6.3043475e-01
      vertex 7.2700560e-02 -9.3599522e-01 -6.3043475e-01
    endloop
  endfacet
  facet normal -2.0352822e-05 -8.9745450e-01 -4.4110715e-01
    outer loop
      vertex 7.1954280e-03 -1.0015002e+00 -4.9715251e-01
      vertex -1.2608695e-01 -1.0014982e+00 -4.9715048e-01
      vertex -1.2608695e-01 -9.3598777e-01 -6.3043475e-01
    endloop
  endfacet
  facet normal -1.9619501e-05 -9.3458027e-01 -3.5575238e-01
    outer loop
      vertex -1.2608695e-01 -1.0014982e+00 -4.9715048e-01
      vertex 7.1954280e-03 -1.0015002e+00 -4.9715251e-01
      vertex -1.2608695e-01 -1.0467541e+00 -3.7826085e-01
    endloop
  endfacet
  facet normal -2.0250342e-05 -9.3458003e-01 -3.5575300e-01
    outer loop
      vertex -1.2608695e-01 -1.0467541e+00 -3.7826085e-01
      vertex 7.1954280e-03 -1.0015002e+00 -4.9715251e-01
      vertex -3.8060293e-02 -1.0467560e+00 -3.7826085e-01
    endloop
  endfacet
  facet normal -5.4411630e-06 -9.3458188e-01 -3.5574809e-01
    outer loop
      vertex 7.1954280e-03 -1.0015002e+00 -4.9715251e-01
      vertex 1.2608719e-01 -1.0467570e+00 -3.7826085e-01
      vertex -3.8060293e-02 -1.0467560e+00 -3.7826085e-01
    endloop
  endfacet
  facet normal -5.4369416e-06 -9.7761810e-01 -2.1038733e-01
    outer loop
      vertex -5.7401806e-02 -1.0660975e+00 -3.0957577e-01
      vertex 1.2608719e-01 -1.0660983e+00 -3.0957663e-01
      vertex 1.2608719e-01 -1.1055861e+00 -1.2608695e-01
    endloop
  endfacet
  facet normal -5.5923620e-06 -9.6256357e-01 -2.7105594e-01
    outer loop
      vertex -3.8060293e-02 -1.0467560e+00 -3.7826085e-01
      vertex 1.2608719e-01 -1.0467570e+00 -3.7826085e-01
      vertex -5.7401806e-02 -1.0660975e+00 -3.0957577e-01
    endloop
  endfacet
  facet normal -5.6549616e-06 -9.6256351e-01 -2.7105612e-01
    outer loop
      vertex 1.2608719e-01 -1.0467570e+00 -3.7826085e-01
      vertex 1.2608719e-01 -1.0660983e+00 -3.0957663e-01
      vertex -5.7401806e-02 -1.0660975e+00 -3.0957577e-01
    endloop
  endfacet
  facet normal -2.0850426e-05 -9.6256244e-01 -2.7105996e-01
    outer loop
      vertex -5.7401806e-02 -1.0660975e+00 -3.0957577e-01
      vertex -1.2608695e-01 -1.0467541e+00 -3.7826085e-01
      vertex -3.8060293e-02 -1.0467560e+00 -3.7826085e-01
    endloop
  endfacet
  facet normal -2.1410849e-06 -9.6255755e-01 -2.7107728e-01
    outer loop
      vertex -5.7401806e-02 -1.0660975e+00 -3.0957577e-01
      vertex -1.2608695e-01 -1.0660974e+00 -3.0957565e-01
      vertex -1.2608695e-01 -1.0467541e+00 -3.7826085e-01
    endloop
  endfacet
  facet normal -2.0618975e-06 -9.7761714e-01 -2.1039209e-01
    outer loop
      vertex -1.2608695e-01 -1.0660974e+00 -3.0957565e-01
      vertex -5.7401806e-02 -1.0660975e+00 -3.0957577e-01
      vertex -1.2608695e-01 -1.1055858e+00 -1.2608695e-01
    endloop
  endfacet
  facet normal 0.0000000e+00 -9.7761720e-01 -2.1039134e-01
    outer loop
      vertex -1.2608695e-01 -1.1055858e+00 -1.2608695e-01
      vertex -5.7401806e-02 -1.0660975e+00 -3.0957577e-01
      vertex -9.6890211e-02 -1.1055858e+00 -1.2608695e-01
    endloop
  endfacet
  facet normal -1.0347882e-06 -9.7761726e-01 -2.1039155e-01
    outer loop
      vertex -5.7401806e-02 -1.0660975e+00 -3.0957577e-01
      vertex 1.2608719e-01 -1.1055861e+00 -1.2608695e-01
      vertex -9.6890211e-02 -1.1055858e+00 -1.2608695e-01
    endloop
  endfacet
  facet normal -1.0692499e-06 -1.0000000e+00 0.0000000e+00
    outer loop
      vertex -9.6890211e-02 -1.1055858e+00 -9.6890211e-02
      vertex 1.2608719e-01 -1.1055861e+00 -9.6890405e-02
      vertex 1.2608719e-01 -1.1055861e+00 1.2608719e-01
    endloop
  endfacet
  facet normal -1.0692499e-06 -1.0000000e+00 0.0000000e+00
    outer loop
      vertex -9.6890211e-02 -1.1055858e+00 -1.2608695e-01
      vertex 1.2608719e-01 -1.1055861e+00 -1.2608695e-01
      vertex -9.6890211e-02 -1.1055858e+00 -9.6890211e-02
    endloop
  endfacet
  facet normal -1.0692499e-06 -1.0000000e+00 0.0000000e+00
    outer loop
      vertex 1.2608719e-01 -1.1055861e+00 -1.2608695e-01
      vertex 1.2608719e-01 -1.1055861e+00 -9.6890405e-02
      vertex -9.6890211e-02 -1.1055858e+00 -9.6890211e-02
    endloop
  endfacet
  facet normal 0.0000000e+00 -1.0000000e+00 -0.0000000e+00
    outer loop
      vertex -9.6890211e-02 -1.1055858e+00 -9.6890211e-02
      vertex -1.2608695e-01 -1.1055858e+00 -1.2608695e-01
      vertex -9.6890211e-02 -1.1055858e+00 -1.2608695e-01
    endloop
  endfacet
  facet normal -7.3488023e-05 -1.0000000e+00 7.3488023e-05
    outer loop
      vertex -9.6890211e-02 -1.1055858e+00 -9.6890211e-02
      vertex -1.2608695e-01 -1.1055837e+00 -9.6888080e-02
      vertex -1.2608695e-01 -1.1055858e+00 -1.2608695e-01
    endloop
  endfacet
  facet normal -7.3493393e-05 -1.0000000e+00 0.0000000e+00
    outer loop
      vertex -1.2608695e-01 -1.1055837e+00 -9.6888080e-02
      vertex -9.6890211e-02 -1.1055858e+00 -9.6890211e-02
      vertex -1.2608695e-01 -1.1055837e+00 1.2608719e-01
    endloop
  endfacet
  facet normal -7.3493386e-05 -1.0000000e+00 0.0000000e+00
    outer loop
      vertex -1.2608695e-01 -1.1055837e+00 1.2608719e-01
      vertex -9.6890211e-02 -1.1055858e+00 -9.6890211e-02
      vertex -9.6890211e-02 -1.1055858e+00 1.2608719e-01
    endloop
  endfacet
  facet normal -1.0692499e-06 -1.0000000e+00 0.0000000e+00
    outer loop
      vertex -9.6890211e-02 -1.1055858e+00 -9.6890211e-02
      vertex 1.2608719e-01 -1.1055861e+00 1.2608719e-01
      vertex -9.6890211e-02 -1.1055858e+00 1.2608719e-01
    endloop
  endfacet
  facet normal -8.3091493e-07 -9.7519892e-01 2.2133026e-01
    outer loop
      vertex -8.6254910e-02 -1.0949506e+00 1.6591920e-01
      vertex 1.2608719e-01 -1.0949508e+00 1.6591895e-01
      vertex 1.2608719e-01 -1.0467578e+00 3.7826109e-01
    endloop
  endfacet
  facet normal -1.0330601e-06 -9.6615398e-01 2.5796607e-01
    outer loop
      vertex -9.6890211e-02 -1.1055858e+00 1.2608719e-01
      vertex 1.2608719e-01 -1.1055861e+00 1.2608719e-01
      vertex -8.6254910e-02 -1.0949506e+00 1.6591920e-01
    endloop
  endfacet
  facet normal -7.7794101e-07 -9.6615368e-01 2.5796735e-01
    outer loop
      vertex 1.2608719e-01 -1.1055861e+00 1.2608719e-01
      vertex 1.2608719e-01 -1.0949508e+00 1.6591895e-01
      vertex -8.6254910e-02 -1.0949506e+00 1.6591920e-01
    endloop
  endfacet
  facet normal -7.1012008e-05 -9.6614933e-01 2.5798351e-01
    outer loop
      vertex -8.6254910e-02 -1.0949506e+00 1.6591920e-01
      vertex -1.2608695e-01 -1.1055837e+00 1.2608719e-01
      vertex -9.6890211e-02 -1.1055858e+00 1.2608719e-01
    endloop
  endfacet
  facet normal -1.9076235e-05 -9.6616226e-01 2.5793499e-01
    outer loop
      vertex -8.6254910e-02 -1.0949506e+00 1.6591920e-01
      vertex -1.2608695e-01 -1.0949495e+00 1.6592027e-01
      vertex -1.2608695e-01 -1.1055837e+00 1.2608719e-01
    endloop
  endfacet
  facet normal -2.0305330e-05 -9.7519708e-01 2.2133833e-01
    outer loop
      vertex -1.2608695e-01 -1.0949495e+00 1.6592027e-01
      vertex -8.6254910e-02 -1.0949506e+00 1.6591920e-01
      vertex -1.2608695e-01 -1.0467550e+00 3.7826109e-01
    endloop
  endfacet
  facet normal -1.9809962e-05 -9.7519708e-01 2.2133842e-01
    outer loop
      vertex -1.2608695e-01 -1.0467550e+00 3.7826109e-01
      vertex -8.6254910e-02 -1.0949506e+00 1.6591920e-01
      vertex -3.8061127e-02 -1.0467567e+00 3.7826109e-01
    endloop
  endfacet
  facet normal -6.3839102e-06 -9.7519767e-01 2.2133555e-01
    outer loop
      vertex -8.6254910e-02 -1.0949506e+00 1.6591920e-01
      vertex 1.2608719e-01 -1.0467578e+00 3.7826109e-01
      vertex -3.8061127e-02 -1.0467567e+00 3.7826109e-01
    endloop
  endfacet
  facet normal -5.8729634e-06 -9.2859209e-01 3.7110204e-01
    outer loop
      vertex 2.9901862e-02 -9.7879386e-01 5.3424978e-01
      vertex 1.2608719e-01 -9.7879487e-01 5.3424877e-01
      vertex 1.2608719e-01 -9.4035506e-01 6.3043499e-01
    endloop
  endfacet
  facet normal -5.9920285e-06 -9.1676426e-01 3.9942861e-01
    outer loop
      vertex -3.8061127e-02 -1.0467567e+00 3.7826109e-01
      vertex 1.2608719e-01 -1.0467578e+00 3.7826109e-01
      vertex 2.9901862e-02 -9.7879386e-01 5.3424978e-01
    endloop
  endfacet
  facet normal -5.4629832e-06 -9.1676414e-01 3.9942893e-01
    outer loop
      vertex 1.2608719e-01 -1.0467578e+00 3.7826109e-01
      vertex 1.2608719e-01 -9.7879487e-01 5.3424877e-01
      vertex 2.9901862e-02 -9.7879386e-01 5.3424978e-01
    endloop
  endfacet
  facet normal -1.8591945e-05 -9.1676229e-01 3.9943328e-01
    outer loop
      vertex 2.9901862e-02 -9.7879386e-01 5.3424978e-01
      vertex -1.2608695e-01 -1.0467550e+00 3.7826109e-01
      vertex -3.8061127e-02 -1.0467567e+00 3.7826109e-01
    endloop
  endfacet
  facet normal -3.7556740e-05 -9.1675532e-01 3.9944917e-01
    outer loop
      vertex 2.9901862e-02 -9.7879386e-01 5.3424978e-01
      vertex -1.2608695e-01 -9.7878253e-01 5.3426111e-01
      vertex -1.2608695e-01 -1.0467550e+00 3.7826109e-01
    endloop
  endfacet
  facet normal -4.0472412e-05 -9.2858535e-01 3.7111878e-01
    outer loop
      vertex -1.2608695e-01 -9.7878253e-01 5.3426111e-01
      vertex 2.9901862e-02 -9.7879386e-01 5.3424978e-01
      vertex -1.2608695e-01 -9.4034564e-01 6.3043499e-01
    endloop
  endfacet
  facet normal -4.0423140e-05 -9.2858535e-01 3.7111884e-01
    outer loop
      vertex -1.2608695e-01 -9.4034564e-01 6.3043499e-01
      vertex 2.9901862e-02 -9.7879386e-01 5.3424978e-01
      vertex 6.8341687e-02 -9.4035411e-01 6.3043499e-01
    endloop
  endfacet
  facet normal -1.5336749e-05 -9.2858881e-01 3.7111020e-01
    outer loop
      vertex 2.9901862e-02 -9.7879386e-01 5.3424978e-01
      vertex 1.2608719e-01 -9.4035506e-01 6.3043499e-01
      vertex 6.8341687e-02 -9.4035411e-01 6.3043499e-01
    endloop
  endfacet
  facet normal -1.3087126e-05 -7.9243267e-01 6.0995936e-01
    outer loop
      vertex 6.8341687e-02 -9.4035411e-01 6.3043499e-01
      vertex 1.2608719e-01 -9.4035506e-01 6.3043499e-01
      vertex 1.2608719e-01 -8.8260865e-01 7.0545661e-01
    endloop
  endfacet
  facet normal -3.4495799e-05 -7.9242468e-01 6.0996974e-01
    outer loop
      vertex 6.8341687e-02 -9.4035411e-01 6.3043499e-01
      vertex 1.2608719e-01 -8.8260865e-01 7.0545661e-01
      vertex -1.2608695e-01 -9.4034564e-01 6.3043499e-01
    endloop
  endfacet
  facet normal -3.4476721e-05 -7.9242480e-01 6.0996968e-01
    outer loop
      vertex 1.2608719e-01 -8.8260865e-01 7.0545661e-01
      vertex -5.1075250e-02 -8.8260865e-01 7.0544660e-01
      vertex -1.2608695e-01 -9.4034564e-01 6.3043499e-01
    endloop
  endfacet
  facet normal -1.5477426e-05 -7.9243392e-01 6.0995775e-01
    outer loop
      vertex -1.2608695e-01 -9.4034564e-01 6.3043499e-01
      vertex -5.1075250e-02 -8.8260865e-01 7.0544660e-01
      vertex -1.2608695e-01 -8.8260865e-01 7.0544469e-01
    endloop
  endfacet
  facet normal -4.1472031e-06 -6.2208128e-01 -7.8295267e-01
    outer loop
      vertex 1.0589369e-01 -6.5062821e-01 -9.0280211e-01
      vertex 1.2608719e-01 -6.5062827e-01 -9.0280217e-01
      vertex 1.2608719e-01 -6.7604387e-01 -8.8260865e-01
    endloop
  endfacet
  facet normal -4.0822511e-06 -5.4384005e-01 -8.3918887e-01
    outer loop
      vertex 1.0589369e-01 -6.5062821e-01 -9.0280211e-01
      vertex 1.2608719e-01 -6.3043475e-01 -9.1588867e-01
      vertex 1.2608719e-01 -6.5062827e-01 -9.0280217e-01
    endloop
  endfacet
  facet normal 0.0000000e+00 -5.4384291e-01 -8.3918697e-01
    outer loop
      vertex 1.0589369e-01 -6.5062821e-01 -9.0280211e-01
      vertex 9.2807122e-02 -6.3043475e-01 -9.1588867e-01
      vertex 1.2608719e-01 -6.3043475e-01 -9.1588867e-01
    endloop
  endfacet
  facet normal 0.0000000e+00 -5.4384297e-01 -8.3918703e-01
    outer loop
      vertex -1.2608695e-01 -6.5062821e-01 -9.0280211e-01
      vertex -1.2608695e-01 -6.3043475e-01 -9.1588867e-01
      vertex 1.0589369e-01 -6.5062821e-01 -9.0280211e-01
    endloop
  endfacet
  facet normal 0.0000000e+00 -5.4384291e-01 -8.3918697e-01
    outer loop
      vertex -1.2608695e-01 -6.3043475e-01 -9.1588867e-01
      vertex 9.2807122e-02 -6.3043475e-01 -9.1588867e-01
      vertex 1.0589369e-01 -6.5062821e-01 -9.0280211e-01
    endloop
  endfacet
  facet normal 0.0000000e+00 -6.2209266e-01 -7.8294367e-01
    outer loop
      vertex -1.2608695e-01 -6.5062821e-01 -9.0280211e-01
      vertex 1.0589369e-01 -6.5062821e-01 -9.0280211e-01
      vertex -1.2608695e-01 -6.7604297e-01 -8.8260865e-01
    endloop
  endfacet
  facet normal 0.0000000e+00 -6.2209266e-01 -7.8294361e-01
    outer loop
      vertex -1.2608695e-01 -6.7604297e-01 -8.8260865e-01
      vertex 1.0589369e-01 -6.5062821e-01 -9.0280211e-01
      vertex 8.0478922e-02 -6.7604297e-01 -8.8260865e-01
    endloop
  endfacet
  facet normal -1.2188140e-05 -6.2208515e-01 -7.8294951e-01
    outer loop
      vertex 1.0589369e-01 -6.5062821e-01 -9.0280211e-01
      vertex 1.2608719e-01 -6.7604387e-01 -8.8260865e-01
      vertex 8.0478922e-02 -6.7604297e-01 -8.8260865e-01
    endloop
  endfacet
  facet normal -1.2521588e-05 -7.0801473e-01 -7.0619774e-01
    outer loop
      vertex 5.8855042e-02 -8.8260865e-01 -6.9766682e-01
      vertex -3.3733949e-02 -7.9025573e-01 -7.9025573e-01
      vertex 1.2608719e-01 -8.8260865e-01 -6.9766802e-01
    endloop
  endfacet
  facet normal -1.2655128e-05 -7.0801479e-01 -7.0619756e-01
    outer loop
      vertex 1.2608719e-01 -8.8260865e-01 -6.9766802e-01
      vertex -3.3733949e-02 -7.9025573e-01 -7.9025573e-01
      vertex 1.2608719e-01 -7.9025716e-01 -7.9025716e-01
    endloop
  endfacet
  facet normal -1.2325709e-05 -6.2875879e-01 -7.7760041e-01
    outer loop
      vertex 8.0478922e-02 -6.7604297e-01 -8.8260865e-01
      vertex 1.2608719e-01 -6.7604387e-01 -8.8260865e-01
      vertex -3.3733949e-02 -7.9025573e-01 -7.9025573e-01
    endloop
  endfacet
  facet normal -1.2576656e-05 -6.2875855e-01 -7.7760065e-01
    outer loop
      vertex 1.2608719e-01 -6.7604387e-01 -8.8260865e-01
      vertex 1.2608719e-01 -7.9025716e-01 -7.9025716e-01
      vertex -3.3733949e-02 -7.9025573e-01 -7.9025573e-01
    endloop
  endfacet
  facet normal 0.0000000e+00 -6.2876618e-01 -7.7759439e-01
    outer loop
      vertex -3.3733949e-02 -7.9025573e-01 -7.9025573e-01
      vertex -1.2608695e-01 -6.7604297e-01 -8.8260865e-01
      vertex 8.0478922e-02 -6.7604297e-01 -8.8260865e-01
    endloop
  endfacet
  facet normal -1.3614994e-05 -6.2877291e-01 -7.7758902e-01
    outer loop
      vertex -3.3733949e-02 -7.9025573e-01 -7.9025573e-01
      vertex -1.2608695e-01 -7.9025483e-01 -7.9025483e-01
      vertex -1.2608695e-01 -6.7604297e-01 -8.8260865e-01
    endloop
  endfacet
  facet normal -1.3690994e-05 -7.0803499e-01 -7.0617735e-01
    outer loop
      vertex -3.3733949e-02 -7.9025573e-01 -7.9025573e-01
      vertex -1.2608695e-01 -8.8260865e-01 -6.9765806e-01
      vertex -1.2608695e-01 -7.9025483e-01 -7.9025483e-01
    endloop
  endfacet
  facet normal -3.3462125e-05 -7.0802522e-01 -7.0618719e-01
    outer loop
      vertex -3.3733949e-02 -7.9025573e-01 -7.9025573e-01
      vertex 5.8855042e-02 -8.8260865e-01 -6.9766682e-01
      vertex -1.2608695e-01 -8.8260865e-01 -6.9765806e-01
    endloop
  endfacet
  facet normal -4.2766642e-05 -6.5508962e-01 7.5555116e-01
    outer loop
      vertex 1.2608719e-01 -6.7828912e-01 8.8260889e-01
      vertex -5.1075250e-02 -8.8260865e-01 7.0544660e-01
      vertex 1.2608719e-01 -8.8260865e-01 7.0545661e-01
    endloop
  endfacet
  facet normal -2.6755285e-06 -6.5511078e-01 7.5553286e-01
    outer loop
      vertex 7.8234181e-02 -6.7828774e-01 8.8260889e-01
      vertex -1.2608695e-01 -6.7828691e-01 8.8260889e-01
      vertex -1.2608695e-01 -8.8260865e-01 7.0544469e-01
    endloop
  endfacet
  facet normal -1.9211406e-05 -6.5510130e-01 7.5554103e-01
    outer loop
      vertex -1.2608695e-01 -8.8260865e-01 7.0544469e-01
      vertex -5.1075250e-02 -8.8260865e-01 7.0544660e-01
      vertex 7.8234181e-02 -6.7828774e-01 8.8260889e-01
    endloop
  endfacet
  facet normal -1.8711196e-05 -6.5510142e-01 7.5554097e-01
    outer loop
      vertex -5.1075250e-02 -8.8260865e-01 7.0544660e-01
      vertex 1.2608719e-01 -6.7828912e-01 8.8260889e-01
      vertex 7.8234181e-02 -6.7828774e-01 8.8260889e-01
    endloop
  endfacet
  facet normal -1.6358059e-05 -5.7099599e-01 8.2095283e-01
    outer loop
      vertex 7.8234181e-02 -6.7828774e-01 8.8260889e-01
      vertex 1.2608719e-01 -6.7828912e-01 8.8260889e-01
      vertex 1.2608719e-01 -6.3043475e-01 9.1589296e-01
    endloop
  endfacet
  facet normal -2.3320351e-06 -5.7100546e-01 8.2094622e-01
    outer loop
      vertex 7.8234181e-02 -6.7828774e-01 8.8260889e-01
      vertex 1.2608719e-01 -6.3043475e-01 9.1589296e-01
      vertex -1.2608695e-01 -6.7828691e-01 8.8260889e-01
    endloop
  endfacet
  facet normal -2.4590106e-06 -5.7100499e-01 8.2094657e-01
    outer loop
      vertex 1.2608719e-01 -6.3043475e-01 9.1589296e-01
      vertex -9.2803493e-02 -6.3043475e-01 9.1589230e-01
      vertex -1.2608695e-01 -6.7828691e-01 8.8260889e-01
    endloop
  endfacet
  facet normal 0.0000000e+00 -5.7100612e-01 8.2094574e-01
    outer loop
      vertex -1.2608695e-01 -6.7828691e-01 8.8260889e-01
      vertex -9.2803493e-02 -6.3043475e-01 9.1589230e-01
      vertex -1.2608695e-01 -6.3043475e-01 9.1589230e-01
    endloop
  endfacet
  facet normal 0.0000000e+00 -5.0266004e-01 -8.6448419e-01
    outer loop
      vertex 9.2807122e-02 -6.3043475e-01 -9.1588867e-01
      vertex 1.2326017e-02 -4.9202192e-01 -9.9636972e-01
      vertex 1.2608719e-01 -6.3043475e-01 -9.1588867e-01
    endloop
  endfacet
  facet normal 0.0000000e+00 -5.0265998e-01 -8.6448419e-01
    outer loop
      vertex 1.2608719e-01 -6.3043475e-01 -9.1588867e-01
      vertex 1.2326017e-02 -4.9202192e-01 -9.9636972e-01
      vertex 1.2608719e-01 -4.9202192e-01 -9.9636972e-01
    endloop
  endfacet
  facet normal 0.0000000e+00 -3.9738017e-01 -9.1765404e-01
    outer loop
      vertex 1.2326017e-02 -4.9202192e-01 -9.9636972e-01
      vertex 1.2608719e-01 -3.7826085e-01 -1.0456327e+00
      vertex 1.2608719e-01 -4.9202192e-01 -9.9636972e-01
    endloop
  endfacet
  facet normal 0.0000000e+00 -3.9738020e-01 -9.1765410e-01
    outer loop
      vertex 1.2326017e-02 -4.9202192e-01 -9.9636972e-01
      vertex -3.6937043e-02 -3.7826085e-01 -1.0456327e+00
      vertex 1.2608719e-01 -3.7826085e-01 -1.0456327e+00
    endloop
  endfacet
  facet normal 0.0000000e+00 -3.9738017e-01 -9.1765404e-01
    outer loop
      vertex -1.2608695e-01 -4.9202192e-01 -9.9636972e-01
      vertex -1.2608695e-01 -3.7826085e-01 -1.0456327e+00
      vertex 1.2326017e-02 -4.9202192e-01 -9.9636972e-01
    endloop
  endfacet
  facet normal 0.0000000e+00 -3.9738017e-01 -9.1765416e-01
    outer loop
      vertex -1.2608695e-01 -3.7826085e-01 -1.0456327e+00
      vertex -3.6937043e-02 -3.7826085e-01 -1.0456327e+00
      vertex 1.2326017e-02 -4.9202192e-01 -9.9636972e-01
    endloop
  endfacet
  facet normal -0.0000000e+00 -5.0266004e-01 -8.6448419e-01
    outer loop
      vertex 1.2326017e-02 -4.9202192e-01 -9.9636972e-01
      vertex -1.2608695e-01 -6.3043475e-01 -9.1588867e-01
      vertex -1.2608695e-01 -4.9202192e-01 -9.9636972e-01
    endloop
  endfacet
  facet normal 0.0000000e+00 -5.0265998e-01 -8.6448413e-01
    outer loop
      vertex 1.2326017e-02 -4.9202192e-01 -9.9636972e-01
      vertex 9.2807122e-02 -6.3043475e-01 -9.1588867e-01
      vertex -1.2608695e-01 -6.3043475e-01 -9.1588867e-01
    endloop
  endfacet
  facet normal -2.7025987e-06 -4.3117341e-01 9.0226907e-01
    outer loop
      vertex -9.2803493e-02 -6.3043475e-01 9.1589230e-01
      vertex 1.2608719e-01 -6.3043475e-01 9.1589296e-01
      vertex -6.2340423e-02 -5.6668830e-01 9.4635534e-01
    endloop
  endfacet
  facet normal -2.5333438e-06 -4.3117303e-01 9.0226924e-01
    outer loop
      vertex -6.2340423e-02 -5.6668830e-01 9.4635534e-01
      vertex 1.2608719e-01 -6.3043475e-01 9.1589296e-01
      vertex 1.2608719e-01 -5.6668729e-01 9.4635636e-01
    endloop
  endfacet
  facet normal -2.2278632e-06 -4.6613169e-01 8.8471532e-01
    outer loop
      vertex 1.2608719e-01 -3.7826085e-01 1.0456330e+00
      vertex -6.2340423e-02 -5.6668830e-01 9.4635534e-01
      vertex 1.2608719e-01 -5.6668729e-01 9.4635636e-01
    endloop
  endfacet
  facet normal -2.0111083e-05 -4.6611771e-01 8.8472265e-01
    outer loop
      vertex 3.6935262e-02 -3.7826085e-01 1.0456309e+00
      vertex -6.2340423e-02 -5.6668830e-01 9.4635534e-01
      vertex 1.2608719e-01 -3.7826085e-01 1.0456330e+00
    endloop
  endfacet
  facet normal 0.0000000e+00 -4.6612602e-01 8.8471836e-01
    outer loop
      vertex -1.2608695e-01 -5.6668830e-01 9.4635534e-01
      vertex -6.2340423e-02 -5.6668830e-01 9.4635534e-01
      vertex -1.2608695e-01 -3.7826085e-01 1.0456309e+00
    endloop
  endfacet
  facet normal 0.0000000e+00 -4.6612599e-01 8.8471836e-01
    outer loop
      vertex -6.2340423e-02 -5.6668830e-01 9.4635534e-01
      vertex 3.6935262e-02 -3.7826085e-01 1.0456309e+00
      vertex -1.2608695e-01 -3.7826085e-01 1.0456309e+00
    endloop
  endfacet
  facet normal 0.0000000e+00 -4.3117449e-01 9.0226859e-01
    outer loop
      vertex -1.2608695e-01 -5.6668830e-01 9.4635534e-01
      vertex -1.2608695e-01 -6.3043475e-01 9.1589230e-01
      vertex -6.2340423e-02 -5.6668830e-01 9.4635534e-01
    endloop
  endfacet
  facet normal 0.0000000e+00 -4.3117449e-01 9.0226859e-01
    outer loop
      vertex -1.2608695e-01 -6.3043475e-01 9.1589230e-01
      vertex -9.2803493e-02 -6.3043475e-01 9.1589230e-01
      vertex -6.2340423e-02 -5.6668830e-01 9.4635534e-01
    endloop
  endfacet
  facet normal 0.0000000e+00 -2.7891731e-01 -9.6031511e-01
    outer loop
      vertex -3.6937043e-02 -3.7826085e-01 -1.0456327e+00
      vertex -5.7002231e-02 -3.0917621e-01 -1.0656979e+00
      vertex 1.2608719e-01 -3.7826085e-01 -1.0456327e+00
    endloop
  endfacet
  facet normal 0.0000000e+00 -2.7891734e-01 -9.6031517e-01
    outer loop
      vertex 1.2608719e-01 -3.7826085e-01 -1.0456327e+00
      vertex -5.7002231e-02 -3.0917621e-01 -1.0656979e+00
      vertex 1.2608719e-01 -3.0917621e-01 -1.0656979e+00
    endloop
  endfacet
  facet normal 0.0000000e+00 -2.1286488e-01 -9.7708154e-01
    outer loop
      vertex -5.7002231e-02 -3.0917621e-01 -1.0656979e+00
      vertex 1.2608719e-01 -1.2608695e-01 -1.1055853e+00
      vertex 1.2608719e-01 -3.0917621e-01 -1.0656979e+00
    endloop
  endfacet
  facet normal 5.2381250e-07 -2.1286540e-01 -9.7708154e-01
    outer loop
      vertex -5.7002231e-02 -3.0917621e-01 -1.0656979e+00
      vertex -9.6889824e-02 -1.2608695e-01 -1.1055855e+00
      vertex 1.2608719e-01 -1.2608695e-01 -1.1055853e+00
    endloop
  endfacet
  facet normal 0.0000000e+00 -2.1286550e-01 -9.7708154e-01
    outer loop
      vertex -1.2608695e-01 -3.0917621e-01 -1.0656979e+00
      vertex -1.2608695e-01 -1.2608695e-01 -1.1055855e+00
      vertex -5.7002231e-02 -3.0917621e-01 -1.0656979e+00
    endloop
  endfacet
  facet normal 0.0000000e+00 -2.1286549e-01 -9.7708154e-01
    outer loop
      vertex -1.2608695e-01 -1.2608695e-01 -1.1055855e+00
      vertex -9.6889824e-02 -1.2608695e-01 -1.1055855e+00
      vertex -5.7002231e-02 -3.0917621e-01 -1.0656979e+00
    endloop
  endfacet
  facet normal -0.0000000e+00 -2.7891731e-01 -9.6031511e-01
    outer loop
      vertex -5.7002231e-02 -3.0917621e-01 -1.0656979e+00
      vertex -1.2608695e-01 -3.7826085e-01 -1.0456327e+00
      vertex -1.2608695e-01 -3.0917621e-01 -1.0656979e+00
    endloop
  endfacet
  facet normal 0.0000000e+00 -2.7891731e-01 -9.6031511e-01
    outer loop
      vertex -5.7002231e-02 -3.0917621e-01 -1.0656979e+00
      vertex -3.6937043e-02 -3.7826085e-01 -1.0456327e+00
      vertex -1.2608695e-01 -3.7826085e-01 -1.0456327e+00
    endloop
  endfacet
  facet normal -2.2149025e-05 -2.2492778e-01 9.7437543e-01
    outer loop
      vertex 3.6935262e-02 -3.7826085e-01 1.0456309e+00
      vertex 1.2608719e-01 -3.7826085e-01 1.0456330e+00
      vertex 8.5863620e-02 -1.6631047e-01 1.0945593e+00
    endloop
  endfacet
  facet normal -1.9406758e-05 -2.2492729e-01 9.7437561e-01
    outer loop
      vertex 8.5863620e-02 -1.6631047e-01 1.0945593e+00
      vertex 1.2608719e-01 -3.7826085e-01 1.0456330e+00
      vertex 1.2608719e-01 -1.6630930e-01 1.0945604e+00
    endloop
  endfacet
  facet normal -1.7990913e-05 -2.6432565e-01 9.6443349e-01
    outer loop
      vertex 1.2608719e-01 -1.2608695e-01 1.1055843e+00
      vertex 8.5863620e-02 -1.6631047e-01 1.0945593e+00
      vertex 1.2608719e-01 -1.6630930e-01 1.0945604e+00
    endloop
  endfacet
  facet normal -2.2833349e-04 -2.6413000e-01 9.6448702e-01
    outer loop
      vertex 9.6881673e-02 -1.2608695e-01 1.1055773e+00
      vertex 8.5863620e-02 -1.6631047e-01 1.0945593e+00
      vertex 1.2608719e-01 -1.2608695e-01 1.1055843e+00
    endloop
  endfacet
  facet normal -7.4294981e-08 -2.6418856e-01 9.6447104e-01
    outer loop
      vertex -1.2608695e-01 -1.6631041e-01 1.0945593e+00
      vertex 8.5863620e-02 -1.6631047e-01 1.0945593e+00
      vertex -1.2608695e-01 -1.2608695e-01 1.1055773e+00
    endloop
  endfacet
  facet normal 0.0000000e+00 -2.6418823e-01 9.6447122e-01
    outer loop
      vertex 8.5863620e-02 -1.6631047e-01 1.0945593e+00
      vertex 9.6881673e-02 -1.2608695e-01 1.1055773e+00
      vertex -1.2608695e-01 -1.2608695e-01 1.1055773e+00
    endloop
  endfacet
  facet normal -6.3255442e-08 -2.2493258e-01 9.7437435e-01
    outer loop
      vertex -1.2608695e-01 -1.6631041e-01 1.0945593e+00
      vertex -1.2608695e-01 -3.7826085e-01 1.0456309e+00
      vertex 8.5863620e-02 -1.6631047e-01 1.0945593e+00
    endloop
  endfacet
  facet normal 0.0000000e+00 -2.2493261e-01 9.7437429e-01
    outer loop
      vertex -1.2608695e-01 -3.7826085e-01 1.0456309e+00
      vertex 3.6935262e-02 -3.7826085e-01 1.0456309e+00
      vertex 8.5863620e-02 -1.6631047e-01 1.0945593e+00
    endloop
  endfacet
  facet normal 5.3462594e-07 0.0000000e+00 -1.0000000e+00
    outer loop
      vertex -9.6889824e-02 -1.2608695e-01 -1.1055855e+00
      vertex -9.6889824e-02 -9.6889824e-02 -1.1055855e+00
      vertex 1.2608719e-01 -1.2608695e-01 -1.1055853e+00
    endloop
  endfacet
  facet normal 8.1856012e-13 -4.0829054e-06 -1.0000000e+00
    outer loop
      vertex 1.2608719e-01 -1.2608695e-01 -1.1055853e+00
      vertex -9.6889824e-02 -9.6889824e-02 -1.1055855e+00
      vertex 1.2608719e-01 -9.6889779e-02 -1.1055855e+00
    endloop
  endfacet
  facet normal 0.0000000e+00 0.0000000e+00 -1.0000000e+00
    outer loop
      vertex -9.6889824e-02 -9.6889824e-02 -1.1055855e+00
      vertex 1.2608719e-01 1.2608719e-01 -1.1055855e+00
      vertex 1.2608719e-01 -9.6889779e-02 -1.1055855e+00
    endloop
  endfacet
  facet normal 7.0200500e-04 -7.0200500e-04 -9.9999952e-01
    outer loop
      vertex -9.6889824e-02 -9.6889824e-02 -1.1055855e+00
      vertex -9.7046450e-02 1.2608719e-01 -1.1057421e+00
      vertex 1.2608719e-01 1.2608719e-01 -1.1055855e+00
    endloop
  endfacet
  facet normal 3.5954831e-04 -7.0193061e-04 -9.9999970e-01
    outer loop
      vertex -1.2608695e-01 -9.6900314e-02 -1.1055959e+00
      vertex -1.2608695e-01 1.2608719e-01 -1.1057525e+00
      vertex -9.6889824e-02 -9.6889824e-02 -1.1055855e+00
    endloop
  endfacet
  facet normal 3.5712903e-04 -7.0224743e-04 -9.9999970e-01
    outer loop
      vertex -1.2608695e-01 1.2608719e-01 -1.1057525e+00
      vertex -9.7046450e-02 1.2608719e-01 -1.1057421e+00
      vertex -9.6889824e-02 -9.6889824e-02 -1.1055855e+00
    endloop
  endfacet
  facet normal 3.5942535e-04 -3.5942535e-04 -9.9999994e-01
    outer loop
      vertex -9.6889824e-02 -9.6889824e-02 -1.1055855e+00
      vertex -1.2608695e-01 -1.2608695e-01 -1.1055855e+00
      vertex -1.2608695e-01 -9.6900314e-02 -1.1055959e+00
    endloop
  endfacet
  facet normal 0.0000000e+00 -0.0000000e+00 -1.0000000e+00
    outer loop
      vertex -9.6889824e-02 -9.6889824e-02 -1.1055855e+00
      vertex -9.6889824e-02 -1.2608695e-01 -1.1055855e+00
      vertex -1.2608695e-01 -1.2608695e-01 -1.1055855e+00
    endloop
  endfacet
  facet normal -2.3674083e-04 4.7464695e-11 9.9999994e-01
    outer loop
      vertex 9.6881673e-02 -1.2608695e-01 1.1055773e+00
      vertex 1.2608719e-01 -1.2608695e-01 1.1055843e+00
      vertex 9.6881717e-02 9.6881717e-02 1.1055773e+00
    endloop
  endfacet
  facet normal -2.4082283e-04 -5.3463083e-07 1.0000000e+00
    outer loop
      vertex 9.6881717e-02 9.6881717e-02 1.1055773e+00
      vertex 1.2608719e-01 -1.2608695e-01 1.1055843e+00
      vertex 1.2608719e-01 9.6888691e-02 1.1055844e+00
    endloop
  endfacet
  facet normal -2.4082394e-04 4.0827199e-06 9.9999994e-01
    outer loop
      vertex 1.2608719e-01 1.2608719e-01 1.1055843e+00
      vertex 9.6881717e-02 9.6881717e-02 1.1055773e+00
      vertex 1.2608719e-01 9.6888691e-02 1.1055844e+00
    endloop
  endfacet
  facet normal 1.2249638e-04 -3.5923757e-04 9.9999994e-01
    outer loop
      vertex 9.6892215e-02 1.2608719e-01 1.1055878e+00
      vertex 9.6881717e-02 9.6881717e-02 1.1055773e+00
      vertex 1.2608719e-01 1.2608719e-01 1.1055843e+00
    endloop
  endfacet
  facet normal 7.0227083e-04 -3.6113072e-04 9.9999970e-01
    outer loop
      vertex -1.2608695e-01 9.7038388e-02 1.1057340e+00
      vertex 9.6881717e-02 9.6881717e-02 1.1055773e+00
      vertex -1.2608695e-01 1.2608719e-01 1.1057445e+00
    endloop
  endfacet
  facet normal 7.0249150e-04 -3.5944596e-04 9.9999970e-01
    outer loop
      vertex 9.6881717e-02 9.6881717e-02 1.1055773e+00
      vertex 9.6892215e-02 1.2608719e-01 1.1055878e+00
      vertex -1.2608695e-01 1.2608719e-01 1.1057445e+00
    endloop
  endfacet
  facet normal 7.0203113e-04 -7.0203113e-04 9.9999952e-01
    outer loop
      vertex -1.2608695e-01 9.7038388e-02 1.1057340e+00
      vertex -1.2608695e-01 -1.2608695e-01 1.1055773e+00
      vertex 9.6881717e-02 9.6881717e-02 1.1055773e+00
    endloop
  endfacet
  facet normal 0.0000000e+00 0.0000000e+00 1.0000000e+00
    outer loop
      vertex -1.2608695e-01 -1.2608695e-01 1.1055773e+00
      vertex 9.6881673e-02 -1.2608695e-01 1.1055773e+00
      vertex 9.6881717e-02 9.6881717e-02 1.1055773e+00
    endloop
  endfacet
  facet normal 6.7703158e-04 2.6435548e-01 -9.6442509e-01
    outer loop
      vertex -9.7046450e-02 1.2608719e-01 -1.1057421e+00
      vertex -8.6069793e-02 1.6610432e-01 -1.0947654e+00
      vertex 1.2608719e-01 1.2608719e-01 -1.1055855e+00
    endloop
  endfacet
  facet normal 6.7699666e-04 2.6435530e-01 -9.6442515e-01
    outer loop
      vertex 1.2608719e-01 1.2608719e-01 -1.1055855e+00
      vertex -8.6069793e-02 1.6610432e-01 -1.0947654e+00
      vertex 1.2608719e-01 1.6630946e-01 -1.0945603e+00
    endloop
  endfacet
  facet normal 7.2474347e-04 2.2492766e-01 -9.7437519e-01
    outer loop
      vertex -8.6069793e-02 1.6610432e-01 -1.0947654e+00
      vertex 1.2608719e-01 3.7826109e-01 -1.0456327e+00
      vertex 1.2608719e-01 1.6630946e-01 -1.0945603e+00
    endloop
  endfacet
  facet normal 2.1510950e-06 2.2561361e-01 -9.7421688e-01
    outer loop
      vertex -8.6069793e-02 1.6610432e-01 -1.0947654e+00
      vertex -3.6937401e-02 3.7826109e-01 -1.0456331e+00
      vertex 1.2608719e-01 3.7826109e-01 -1.0456327e+00
    endloop
  endfacet
  facet normal 0.0000000e+00 2.2561409e-01 -9.7421676e-01
    outer loop
      vertex -1.2608695e-01 1.6610432e-01 -1.0947654e+00
      vertex -1.2608695e-01 3.7826109e-01 -1.0456331e+00
      vertex -8.6069793e-02 1.6610432e-01 -1.0947654e+00
    endloop
  endfacet
  facet normal 0.0000000e+00 2.2561409e-01 -9.7421676e-01
    outer loop
      vertex -1.2608695e-01 3.7826109e-01 -1.0456331e+00
      vertex -3.6937401e-02 3.7826109e-01 -1.0456331e+00
      vertex -8.6069793e-02 1.6610432e-01 -1.0947654e+00
    endloop
  endfacet
  facet normal 0.0000000e+00 2.6476067e-01 -9.6431416e-01
    outer loop
      vertex -8.6069793e-02 1.6610432e-01 -1.0947654e+00
      vertex -1.2608695e-01 1.2608719e-01 -1.1057525e+00
      vertex -1.2608695e-01 1.6610432e-01 -1.0947654e+00
    endloop
  endfacet
  facet normal 3.4441159e-04 2.6444039e-01 -9.6440196e-01
    outer loop
      vertex -8.6069793e-02 1.6610432e-01 -1.0947654e+00
      vertex -9.7046450e-02 1.2608719e-01 -1.1057421e+00
      vertex -1.2608695e-01 1.2608719e-01 -1.1057525e+00
    endloop
  endfacet
  facet normal 1.1968868e-04 2.1287543e-01 9.7707939e-01
    outer loop
      vertex 9.6892215e-02 1.2608719e-01 1.1055878e+00
      vertex 1.2608719e-01 1.2608719e-01 1.1055843e+00
      vertex 5.7006642e-02 3.0918062e-01 1.0657023e+00
    endloop
  endfacet
  facet normal 1.1723043e-04 2.1287453e-01 9.7707951e-01
    outer loop
      vertex 5.7006642e-02 3.0918062e-01 1.0657023e+00
      vertex 1.2608719e-01 1.2608719e-01 1.1055843e+00
      vertex 1.2608719e-01 3.0917376e-01 1.0656955e+00
    endloop
  endfacet
  facet normal 1.2213679e-04 2.7887371e-01 9.6032780e-01
    outer loop
      vertex 1.2608719e-01 3.7826109e-01 1.0456330e+00
      vertex 5.7006642e-02 3.0918062e-01 1.0657023e+00
      vertex 1.2608719e-01 3.0917376e-01 1.0656955e+00
    endloop
  endfacet
  facet normal -2.1828826e-05 2.7900648e-01 9.6028924e-01
    outer loop
      vertex 3.6935270e-02 3.7826109e-01 1.0456309e+00
      vertex 5.7006642e-02 3.0918062e-01 1.0657023e+00
      vertex 1.2608719e-01 3.7826109e-01 1.0456330e+00
    endloop
  endfacet
  facet normal 2.3298355e-06 2.7901343e-01 9.6028721e-01
    outer loop
      vertex -1.2608695e-01 3.0918092e-01 1.0657027e+00
      vertex 5.7006642e-02 3.0918062e-01 1.0657023e+00
      vertex -1.2608695e-01 3.7826109e-01 1.0456313e+00
    endloop
  endfacet
  facet normal 2.1144083e-06 2.7901286e-01 9.6028733e-01
    outer loop
      vertex 5.7006642e-02 3.0918062e-01 1.0657023e+00
      vertex 3.6935270e-02 3.7826109e-01 1.0456309e+00
      vertex -1.2608695e-01 3.7826109e-01 1.0456313e+00
    endloop
  endfacet
  facet normal 2.2559072e-06 2.1364623e-01 9.7691107e-01
    outer loop
      vertex -1.2608695e-01 3.0918092e-01 1.0657027e+00
      vertex -1.2608695e-01 1.2608719e-01 1.1057445e+00
      vertex 5.7006642e-02 3.0918062e-01 1.0657023e+00
    endloop
  endfacet
  facet normal 6.8637187e-04 2.1299322e-01 9.7705340e-01
    outer loop
      vertex -1.2608695e-01 1.2608719e-01 1.1057445e+00
      vertex 9.6892215e-02 1.2608719e-01 1.1055878e+00
      vertex 5.7006642e-02 3.0918062e-01 1.0657023e+00
    endloop
  endfacet
  facet normal 1.9407921e-06 4.6614251e-01 -8.8470966e-01
    outer loop
      vertex -3.6937401e-02 3.7826109e-01 -1.0456331e+00
      vertex 6.2345594e-02 5.6669343e-01 -9.4635022e-01
      vertex 1.2608719e-01 3.7826109e-01 -1.0456327e+00
    endloop
  endfacet
  facet normal 2.3323869e-06 4.6614257e-01 -8.8470954e-01
    outer loop
      vertex 1.2608719e-01 3.7826109e-01 -1.0456327e+00
      vertex 6.2345594e-02 5.6669343e-01 -9.4635022e-01
      vertex 1.2608719e-01 5.6669378e-01 -9.4634986e-01
    endloop
  endfacet
  facet normal 2.6430523e-06 4.3118209e-01 -9.0226495e-01
    outer loop
      vertex 6.2345594e-02 5.6669343e-01 -9.4635022e-01
      vertex 1.2608719e-01 6.3043499e-01 -9.1588867e-01
      vertex 1.2608719e-01 5.6669378e-01 -9.4634986e-01
    endloop
  endfacet
  facet normal 0.0000000e+00 4.3118429e-01 -9.0226388e-01
    outer loop
      vertex 6.2345594e-02 5.6669343e-01 -9.4635022e-01
      vertex 9.2807122e-02 6.3043499e-01 -9.1588867e-01
      vertex 1.2608719e-01 6.3043499e-01 -9.1588867e-01
    endloop
  endfacet
  facet normal -1.4901124e-07 4.3118384e-01 -9.0226400e-01
    outer loop
      vertex -1.2608695e-01 5.6669348e-01 -9.4635016e-01
      vertex -1.2608695e-01 6.3043499e-01 -9.1588867e-01
      vertex 6.2345594e-02 5.6669343e-01 -9.4635022e-01
    endloop
  endfacet
  facet normal 0.0000000e+00 4.3118423e-01 -9.0226394e-01
    outer loop
      vertex -1.2608695e-01 6.3043499e-01 -9.1588867e-01
      vertex 9.2807122e-02 6.3043499e-01 -9.1588867e-01
      vertex 6.2345594e-02 5.6669343e-01 -9.4635022e-01
    endloop
  endfacet
  facet normal -1.3239999e-07 4.6614340e-01 -8.8470924e-01
    outer loop
      vertex 6.2345594e-02 5.6669343e-01 -9.4635022e-01
      vertex -1.2608695e-01 3.7826109e-01 -1.0456331e+00
      vertex -1.2608695e-01 5.6669348e-01 -9.4635016e-01
    endloop
  endfacet
  facet normal 0.0000000e+00 4.6614331e-01 -8.8470924e-01
    outer loop
      vertex 6.2345594e-02 5.6669343e-01 -9.4635022e-01
      vertex -3.6937401e-02 3.7826109e-01 -1.0456331e+00
      vertex -1.2608695e-01 3.7826109e-01 -1.0456331e+00
    endloop
  endfacet
  facet normal -2.0859707e-05 3.9737561e-01 9.1765600e-01
    outer loop
      vertex 3.6935270e-02 3.7826109e-01 1.0456309e+00
      vertex 1.2608719e-01 3.7826109e-01 1.0456330e+00
      vertex -1.2327515e-02 4.9202043e-01 9.9636823e-01
    endloop
  endfacet
  facet normal -2.0471774e-05 3.9737603e-01 9.1765589e-01
    outer loop
      vertex -1.2327515e-02 4.9202043e-01 9.9636823e-01
      vertex 1.2608719e-01 3.7826109e-01 1.0456330e+00
      vertex 1.2608719e-01 4.9202260e-01 9.9637038e-01
    endloop
  endfacet
  facet normal -2.1306520e-05 5.0264424e-01 8.6449331e-01
    outer loop
      vertex 1.2608719e-01 6.3043499e-01 9.1589296e-01
      vertex -1.2327515e-02 4.9202043e-01 9.9636823e-01
      vertex 1.2608719e-01 4.9202260e-01 9.9637038e-01
    endloop
  endfacet
  facet normal -2.5894722e-06 5.0263029e-01 8.6450148e-01
    outer loop
      vertex -9.2803493e-02 6.3043499e-01 9.1589230e-01
      vertex -1.2327515e-02 4.9202043e-01 9.9636823e-01
      vertex 1.2608719e-01 6.3043499e-01 9.1589296e-01
    endloop
  endfacet
  facet normal -0.0000000e+00 5.0263143e-01 8.6450082e-01
    outer loop
      vertex -1.2608695e-01 4.9202043e-01 9.9636823e-01
      vertex -1.2327515e-02 4.9202043e-01 9.9636823e-01
      vertex -1.2608695e-01 6.3043499e-01 9.1589230e-01
    endloop
  endfacet
  facet normal 0.0000000e+00 5.0263149e-01 8.6450082e-01
    outer loop
      vertex -1.2327515e-02 4.9202043e-01 9.9636823e-01
      vertex -9.2803493e-02 6.3043499e-01 9.1589230e-01
      vertex -1.2608695e-01 6.3043499e-01 9.1589230e-01
    endloop
  endfacet
  facet normal -0.0000000e+00 3.9738569e-01 9.1765171e-01
    outer loop
      vertex -1.2608695e-01 4.9202043e-01 9.9636823e-01
      vertex -1.2608695e-01 3.7826109e-01 1.0456313e+00
      vertex -1.2327515e-02 4.9202043e-01 9.9636823e-01
    endloop
  endfacet
  facet normal 2.0130881e-06 3.9738393e-01 9.1765237e-01
    outer loop
      vertex -1.2608695e-01 3.7826109e-01 1.0456313e+00
      vertex 3.6935270e-02 3.7826109e-01 1.0456309e+00
      vertex -1.2327515e-02 4.9202043e-01 9.9636823e-01
    endloop
  endfacet
  facet normal 0.0000000e+00 5.8944237e-01 -8.0781043e-01
    outer loop
      vertex 9.2807122e-02 6.3043499e-01 -9.1588867e-01
      vertex 1.2608719e-01 6.7604411e-01 -8.8260865e-01
      vertex 1.2608719e-01 6.3043499e-01 -9.1588867e-01
    endloop
  endfacet
  facet normal -1.1573411e-05 5.8944982e-01 -8.0780488e-01
    outer loop
      vertex -1.2608695e-01 6.3043499e-01 -9.1588867e-01
      vertex -1.2608695e-01 6.7604321e-01 -8.8260865e-01
      vertex -8.0477789e-02 6.7604411e-01 -8.8260865e-01
    endloop
  endfacet
  facet normal 0.0000000e+00 5.8944237e-01 -8.0781049e-01
    outer loop
      vertex -1.2608695e-01 6.3043499e-01 -9.1588867e-01
      vertex -8.0477789e-02 6.7604411e-01 -8.8260865e-01
      vertex 9.2807122e-02 6.3043499e-01 -9.1588867e-01
    endloop
  endfacet
  facet normal 0.0000000e+00 5.8944231e-01 -8.0781049e-01
    outer loop
      vertex -8.0477789e-02 6.7604411e-01 -8.8260865e-01
      vertex 1.2608719e-01 6.7604411e-01 -8.8260865e-01
      vertex 9.2807122e-02 6.3043499e-01 -9.1588867e-01
    endloop
  endfacet
  facet normal 0.0000000e+00 6.6703427e-01 -7.4502707e-01
    outer loop
      vertex 1.2608719e-01 8.8260889e-01 -6.9766802e-01
      vertex 1.2608719e-01 6.7604411e-01 -8.8260865e-01
      vertex -8.0477789e-02 6.7604411e-01 -8.8260865e-01
    endloop
  endfacet
  facet normal -1.3075916e-05 6.6704154e-01 -7.4502057e-01
    outer loop
      vertex -8.0477789e-02 6.7604411e-01 -8.8260865e-01
      vertex -1.2608695e-01 6.7604321e-01 -8.8260865e-01
      vertex 1.2608719e-01 8.8260889e-01 -6.9766802e-01
    endloop
  endfacet
  facet normal -1.3389614e-05 6.6704160e-01 -7.4502051e-01
    outer loop
      vertex -1.2608695e-01 6.7604321e-01 -8.8260865e-01
      vertex 5.8855042e-02 8.8260889e-01 -6.9766682e-01
      vertex 1.2608719e-01 8.8260889e-01 -6.9766802e-01
    endloop
  endfacet
  facet normal -3.5295910e-05 6.6705251e-01 -7.4501067e-01
    outer loop
      vertex 5.8855042e-02 8.8260889e-01 -6.9766682e-01
      vertex -1.2608695e-01 6.7604321e-01 -8.8260865e-01
      vertex -1.2608695e-01 8.8260889e-01 -6.9765806e-01
    endloop
  endfacet
  facet normal -4.4408349e-05 6.0649359e-01 7.9508835e-01
    outer loop
      vertex 1.2608719e-01 7.9419559e-01 7.9419559e-01
      vertex 3.7670992e-02 7.9419279e-01 7.9419279e-01
      vertex 1.2608719e-01 6.7828935e-01 8.8260889e-01
    endloop
  endfacet
  facet normal -4.4819102e-05 7.0840526e-01 7.0580584e-01
    outer loop
      vertex 1.2608719e-01 8.8260889e-01 7.0545667e-01
      vertex 3.7670992e-02 7.9419279e-01 7.9419279e-01
      vertex 1.2608719e-01 7.9419559e-01 7.9419559e-01
    endloop
  endfacet
  facet normal -4.0131174e-05 7.0840293e-01 7.0580816e-01
    outer loop
      vertex -5.1075235e-02 8.8260889e-01 7.0544660e-01
      vertex 3.7670992e-02 7.9419279e-01 7.9419279e-01
      vertex 1.2608719e-01 8.8260889e-01 7.0545667e-01
    endloop
  endfacet
  facet normal -1.8016066e-05 7.0841396e-01 7.0579714e-01
    outer loop
      vertex -1.2608695e-01 7.9419070e-01 7.9419070e-01
      vertex 3.7670992e-02 7.9419279e-01 7.9419279e-01
      vertex -1.2608695e-01 8.8260889e-01 7.0544469e-01
    endloop
  endfacet
  facet normal -1.7938994e-05 7.0841402e-01 7.0579702e-01
    outer loop
      vertex 3.7670992e-02 7.9419279e-01 7.9419279e-01
      vertex -5.1075235e-02 8.8260889e-01 7.0544660e-01
      vertex -1.2608695e-01 8.8260889e-01 7.0544469e-01
    endloop
  endfacet
  facet normal -1.7855271e-05 6.0652363e-01 7.9506546e-01
    outer loop
      vertex -1.2608695e-01 7.9419070e-01 7.9419070e-01
      vertex -1.2608695e-01 6.7828715e-01 8.8260889e-01
      vertex 3.7670992e-02 7.9419279e-01 7.9419279e-01
    endloop
  endfacet
  facet normal -1.7355811e-05 6.0652322e-01 7.9506582e-01
    outer loop
      vertex 3.7670992e-02 7.9419279e-01 7.9419279e-01
      vertex -1.2608695e-01 6.7828715e-01 8.8260889e-01
      vertex -7.8233354e-02 6.7828852e-01 8.8260889e-01
    endloop
  endfacet
  facet normal -2.4770613e-06 6.0651374e-01 7.9507297e-01
    outer loop
      vertex 1.2608719e-01 6.7828935e-01 8.8260889e-01
      vertex 3.7670992e-02 7.9419279e-01 7.9419279e-01
      vertex -7.8233354e-02 6.7828852e-01 8.8260889e-01
    endloop
  endfacet
  facet normal -2.5344959e-06 5.3294873e-01 8.4614748e-01
    outer loop
      vertex -9.2803493e-02 6.3043499e-01 9.1589230e-01
      vertex 1.2608719e-01 6.3043499e-01 9.1589296e-01
      vertex -1.0566583e-01 6.5085608e-01 9.0302998e-01
    endloop
  endfacet
  facet normal -2.4828321e-06 5.3294909e-01 8.4614730e-01
    outer loop
      vertex -1.0566583e-01 6.5085608e-01 9.0302998e-01
      vertex 1.2608719e-01 6.3043499e-01 9.1589296e-01
      vertex 1.2608719e-01 6.5085649e-01 9.0303040e-01
    endloop
  endfacet
  facet normal -2.4387366e-06 5.9712994e-01 8.0214459e-01
    outer loop
      vertex -7.8233354e-02 6.7828852e-01 8.8260889e-01
      vertex -1.0566583e-01 6.5085608e-01 9.0302998e-01
      vertex 1.2608719e-01 6.7828935e-01 8.8260889e-01
    endloop
  endfacet
  facet normal -2.5191596e-06 5.9713036e-01 8.0214417e-01
    outer loop
      vertex -1.0566583e-01 6.5085608e-01 9.0302998e-01
      vertex 1.2608719e-01 6.5085649e-01 9.0303040e-01
      vertex 1.2608719e-01 6.7828935e-01 8.8260889e-01
    endloop
  endfacet
  facet normal -1.7106810e-05 5.9713930e-01 8.0213749e-01
    outer loop
      vertex -7.8233354e-02 6.7828852e-01 8.8260889e-01
      vertex -1.2608695e-01 6.7828715e-01 8.8260889e-01
      vertex -1.0566583e-01 6.5085608e-01 9.0302998e-01
    endloop
  endfacet
  facet normal -4.0841278e-06 5.9714556e-01 8.0213284e-01
    outer loop
      vertex -1.2608695e-01 6.7828715e-01 8.8260889e-01
      vertex -1.2608695e-01 6.5085602e-01 9.0302992e-01
      vertex -1.0566583e-01 6.5085608e-01 9.0302998e-01
    endloop
  endfacet
  facet normal -4.0252758e-06 5.3295267e-01 8.4614503e-01
    outer loop
      vertex -1.2608695e-01 6.5085602e-01 9.0302992e-01
      vertex -1.2608695e-01 6.3043499e-01 9.1589230e-01
      vertex -1.0566583e-01 6.5085608e-01 9.0302998e-01
    endloop
  endfacet
  facet normal -0.0000000e+00 5.3294981e-01 8.4614682e-01
    outer loop
      vertex -1.2608695e-01 6.3043499e-01 9.1589230e-01
      vertex -9.2803493e-02 6.3043499e-01 9.1589230e-01
      vertex -1.0566583e-01 6.5085608e-01 9.0302998e-01
    endloop
  endfacet
  facet normal -1.1026119e-05 7.8313190e-01 -6.2185562e-01
    outer loop
      vertex 5.8855042e-02 8.8260889e-01 -6.9766682e-01
      vertex 1.2608719e-01 9.3599629e-01 -6.3043475e-01
      vertex 1.2608719e-01 8.8260889e-01 -6.9766802e-01
    endloop
  endfacet
  facet normal -1.2195202e-05 7.8313404e-01 -6.2185282e-01
    outer loop
      vertex -1.2608695e-01 8.8260889e-01 -6.9765806e-01
      vertex -1.2608695e-01 9.3598801e-01 -6.3043475e-01
      vertex -7.2706945e-02 9.3598884e-01 -6.3043475e-01
    endloop
  endfacet
  facet normal -2.9460743e-05 7.8314078e-01 -6.2184447e-01
    outer loop
      vertex -1.2608695e-01 8.8260889e-01 -6.9765806e-01
      vertex -7.2706945e-02 9.3598884e-01 -6.3043475e-01
      vertex 5.8855042e-02 8.8260889e-01 -6.9766682e-01
    endloop
  endfacet
  facet normal -2.9351242e-05 7.8314096e-01 -6.2184435e-01
    outer loop
      vertex -7.2706945e-02 9.3598884e-01 -6.3043475e-01
      vertex 1.2608719e-01 9.3599629e-01 -6.3043475e-01
      vertex 5.8855042e-02 8.8260889e-01 -6.9766682e-01
    endloop
  endfacet
  facet normal -3.1673608e-05 9.1022485e-01 -4.1411427e-01
    outer loop
      vertex 1.2608719e-01 9.7328037e-01 -5.3976327e-01
      vertex -3.5425693e-02 9.7327006e-01 -5.3977358e-01
      vertex 1.2608719e-01 1.0467572e+00 -3.7826085e-01
    endloop
  endfacet
  facet normal -3.4662789e-05 9.2486203e-01 -3.8030270e-01
    outer loop
      vertex -7.2706945e-02 9.3598884e-01 -6.3043475e-01
      vertex -3.5425693e-02 9.7327006e-01 -5.3977358e-01
      vertex 1.2608719e-01 9.3599629e-01 -6.3043475e-01
    endloop
  endfacet
  facet normal -3.4766752e-05 9.2486203e-01 -3.8030291e-01
    outer loop
      vertex -3.5425693e-02 9.7327006e-01 -5.3977358e-01
      vertex 1.2608719e-01 9.7328037e-01 -5.3976327e-01
      vertex 1.2608719e-01 9.3599629e-01 -6.3043475e-01
    endloop
  endfacet
  facet normal -1.4457898e-05 9.2485917e-01 -3.8030985e-01
    outer loop
      vertex -7.2706945e-02 9.3598884e-01 -6.3043475e-01
      vertex -1.2608695e-01 9.3598801e-01 -6.3043475e-01
      vertex -3.5425693e-02 9.7327006e-01 -5.3977358e-01
    endloop
  endfacet
  facet normal -5.7374637e-06 9.2485613e-01 -3.8031733e-01
    outer loop
      vertex -1.2608695e-01 9.3598801e-01 -6.3043475e-01
      vertex -1.2608695e-01 9.7326910e-01 -5.3977454e-01
      vertex -3.5425693e-02 9.7327006e-01 -5.3977358e-01
    endloop
  endfacet
  facet normal -5.2183996e-06 9.1021788e-01 -4.1412959e-01
    outer loop
      vertex -1.2608695e-01 9.7326910e-01 -5.3977454e-01
      vertex -1.2608695e-01 1.0467544e+00 -3.7826085e-01
      vertex -3.5425693e-02 9.7327006e-01 -5.3977358e-01
    endloop
  endfacet
  facet normal -5.3078047e-06 9.1021788e-01 -4.1412964e-01
    outer loop
      vertex -3.5425693e-02 9.7327006e-01 -5.3977358e-01
      vertex -1.2608695e-01 1.0467544e+00 -3.7826085e-01
      vertex 3.8059652e-02 1.0467553e+00 -3.7826085e-01
    endloop
  endfacet
  facet normal -1.9722325e-05 9.1022038e-01 -4.1412419e-01
    outer loop
      vertex 1.2608719e-01 1.0467572e+00 -3.7826085e-01
      vertex -3.5425693e-02 9.7327006e-01 -5.3977358e-01
      vertex 3.8059652e-02 1.0467553e+00 -3.7826085e-01
    endloop
  endfacet
  facet normal -1.9074372e-05 9.6615201e-01 -2.5797346e-01
    outer loop
      vertex 1.2608719e-01 1.0949507e+00 -1.6591904e-01
      vertex 8.6253993e-02 1.0949496e+00 -1.6592011e-01
      vertex 1.2608719e-01 1.1055863e+00 -1.2608695e-01
    endloop
  endfacet
  facet normal -2.1130243e-05 9.7519833e-01 -2.2133280e-01
    outer loop
      vertex 3.8059652e-02 1.0467553e+00 -3.7826085e-01
      vertex 8.6253993e-02 1.0949496e+00 -1.6592011e-01
      vertex 1.2608719e-01 1.0467572e+00 -3.7826085e-01
    endloop
  endfacet
  facet normal -2.0304926e-05 9.7519833e-01 -2.2133264e-01
    outer loop
      vertex 8.6253993e-02 1.0949496e+00 -1.6592011e-01
      vertex 1.2608719e-01 1.0949507e+00 -1.6591904e-01
      vertex 1.2608719e-01 1.0467572e+00 -3.7826085e-01
    endloop
  endfacet
  facet normal -5.6657941e-06 9.7519749e-01 -2.2133613e-01
    outer loop
      vertex 3.8059652e-02 1.0467553e+00 -3.7826085e-01
      vertex -1.2608695e-01 1.0467544e+00 -3.7826085e-01
      vertex 8.6253993e-02 1.0949496e+00 -1.6592011e-01
    endloop
  endfacet
  facet normal -8.4600902e-07 9.7519654e-01 -2.2134075e-01
    outer loop
      vertex -1.2608695e-01 1.0467544e+00 -3.7826085e-01
      vertex -1.2608695e-01 1.0949494e+00 -1.6592036e-01
      vertex 8.6253993e-02 1.0949496e+00 -1.6592011e-01
    endloop
  endfacet
  facet normal -7.7702231e-07 9.6614760e-01 -2.5798970e-01
    outer loop
      vertex -1.2608695e-01 1.0949494e+00 -1.6592036e-01
      vertex -1.2608695e-01 1.1055861e+00 -1.2608695e-01
      vertex 8.6253993e-02 1.0949496e+00 -1.6592011e-01
    endloop
  endfacet
  facet normal -5.1603070e-07 9.6614796e-01 -2.5798842e-01
    outer loop
      vertex 8.6253993e-02 1.0949496e+00 -1.6592011e-01
      vertex -1.2608695e-01 1.1055861e+00 -1.2608695e-01
      vertex 9.6890569e-02 1.1055862e+00 -1.2608695e-01
    endloop
  endfacet
  facet normal -3.9447659e-06 9.6614820e-01 -2.5798753e-01
    outer loop
      vertex 1.2608719e-01 1.1055863e+00 -1.2608695e-01
      vertex 8.6253993e-02 1.0949496e+00 -1.6592011e-01
      vertex 9.6890569e-02 1.1055862e+00 -1.2608695e-01
    endloop
  endfacet
  facet normal -4.0829837e-06 1.0000000e+00 0.0000000e+00
    outer loop
      vertex 1.2608719e-01 1.1055863e+00 9.6890643e-02
      vertex 9.6890576e-02 1.1055862e+00 9.6890576e-02
      vertex 1.2608719e-01 1.1055863e+00 1.2608719e-01
    endloop
  endfacet
  facet normal -4.0829827e-06 1.0000000e+00 1.3642895e-13
    outer loop
      vertex 9.6890569e-02 1.1055862e+00 -1.2608695e-01
      vertex 9.6890576e-02 1.1055862e+00 9.6890576e-02
      vertex 1.2608719e-01 1.1055863e+00 -1.2608695e-01
    endloop
  endfacet
  facet normal -4.0829837e-06 1.0000000e+00 0.0000000e+00
    outer loop
      vertex 9.6890576e-02 1.1055862e+00 9.6890576e-02
      vertex 1.2608719e-01 1.1055863e+00 9.6890643e-02
      vertex 1.2608719e-01 1.1055863e+00 -1.2608695e-01
    endloop
  endfacet
  facet normal -5.3462475e-07 1.0000000e+00 1.7863974e-14
    outer loop
      vertex 9.6890569e-02 1.1055862e+00 -1.2608695e-01
      vertex -1.2608695e-01 1.1055861e+00 -1.2608695e-01
      vertex 9.6890576e-02 1.1055862e+00 9.6890576e-02
    endloop
  endfacet
  facet normal -5.3462469e-07 1.0000000e+00 0.0000000e+00
    outer loop
      vertex -1.2608695e-01 1.1055861e+00 -1.2608695e-01
      vertex -1.2608695e-01 1.1055861e+00 9.6890375e-02
      vertex 9.6890576e-02 1.1055862e+00 9.6890576e-02
    endloop
  endfacet
  facet normal -5.3469103e-07 1.0000000e+00 7.3493204e-05
    outer loop
      vertex -1.2608695e-01 1.1055861e+00 9.6890375e-02
      vertex -1.2608695e-01 1.1055839e+00 1.2608719e-01
      vertex 9.6890576e-02 1.1055862e+00 9.6890576e-02
    endloop
  endfacet
  facet normal -1.0692595e-06 1.0000000e+00 6.9410649e-05
    outer loop
      vertex 9.6890576e-02 1.1055862e+00 9.6890576e-02
      vertex -1.2608695e-01 1.1055839e+00 1.2608719e-01
      vertex 9.6888512e-02 1.1055841e+00 1.2608719e-01
    endloop
  endfacet
  facet normal -7.3488511e-05 1.0000000e+00 6.9405527e-05
    outer loop
      vertex 1.2608719e-01 1.1055863e+00 1.2608719e-01
      vertex 9.6890576e-02 1.1055862e+00 9.6890576e-02
      vertex 9.6888512e-02 1.1055841e+00 1.2608719e-01
    endloop
  endfacet
  facet normal -7.4698233e-05 9.6256548e-01 2.7104926e-01
    outer loop
      vertex 1.2608719e-01 1.0660988e+00 3.0957711e-01
      vertex 5.7399012e-02 1.0660946e+00 3.0957299e-01
      vertex 1.2608719e-01 1.0467581e+00 3.7826109e-01
    endloop
  endfacet
  facet normal -7.1843715e-05 9.7761840e-01 2.1038593e-01
    outer loop
      vertex 9.6888512e-02 1.1055841e+00 1.2608719e-01
      vertex 5.7399012e-02 1.0660946e+00 3.0957299e-01
      vertex 1.2608719e-01 1.1055863e+00 1.2608719e-01
    endloop
  endfacet
  facet normal -7.1980372e-05 9.7761846e-01 2.1038590e-01
    outer loop
      vertex 5.7399012e-02 1.0660946e+00 3.0957299e-01
      vertex 1.2608719e-01 1.0660988e+00 3.0957711e-01
      vertex 1.2608719e-01 1.1055863e+00 1.2608719e-01
    endloop
  endfacet
  facet normal -1.0453242e-06 9.7761530e-01 2.1040049e-01
    outer loop
      vertex 9.6888512e-02 1.1055841e+00 1.2608719e-01
      vertex -1.2608695e-01 1.1055839e+00 1.2608719e-01
      vertex 5.7399012e-02 1.0660946e+00 3.0957299e-01
    endloop
  endfacet
  facet normal -5.4357633e-06 9.7761440e-01 2.1040471e-01
    outer loop
      vertex -1.2608695e-01 1.1055839e+00 1.2608719e-01
      vertex -1.2608695e-01 1.0660938e+00 3.0957213e-01
      vertex 5.7399012e-02 1.0660946e+00 3.0957299e-01
    endloop
  endfacet
  facet normal -5.6541503e-06 9.6257842e-01 2.7100319e-01
    outer loop
      vertex -1.2608695e-01 1.0660938e+00 3.0957213e-01
      vertex -1.2608695e-01 1.0467552e+00 3.7826109e-01
      vertex 5.7399012e-02 1.0660946e+00 3.0957299e-01
    endloop
  endfacet
  facet normal -5.5855639e-06 9.6257842e-01 2.7100334e-01
    outer loop
      vertex 5.7399012e-02 1.0660946e+00 3.0957299e-01
      vertex -1.2608695e-01 1.0467552e+00 3.7826109e-01
      vertex 3.8060486e-02 1.0467561e+00 3.7826109e-01
    endloop
  endfacet
  facet normal -2.0857020e-05 9.6257949e-01 2.7099934e-01
    outer loop
      vertex 1.2608719e-01 1.0467581e+00 3.7826109e-01
      vertex 5.7399012e-02 1.0660946e+00 3.0957299e-01
      vertex 3.8060486e-02 1.0467561e+00 3.7826109e-01
    endloop
  endfacet
  facet normal -2.0160778e-05 9.0727055e-01 4.2054760e-01
    outer loop
      vertex 1.2608719e-01 1.0019345e+00 4.9758673e-01
      vertex -6.7631900e-03 1.0019325e+00 4.9758473e-01
      vertex 1.2608719e-01 9.4035530e-01 6.3043499e-01
    endloop
  endfacet
  facet normal -2.0283966e-05 9.3613219e-01 3.5164827e-01
    outer loop
      vertex 3.8060486e-02 1.0467561e+00 3.7826109e-01
      vertex -6.7631900e-03 1.0019325e+00 4.9758473e-01
      vertex 1.2608719e-01 1.0467581e+00 3.7826109e-01
    endloop
  endfacet
  facet normal -1.9565492e-05 9.3613195e-01 3.5164899e-01
    outer loop
      vertex -6.7631900e-03 1.0019325e+00 4.9758473e-01
      vertex 1.2608719e-01 1.0019345e+00 4.9758673e-01
      vertex 1.2608719e-01 1.0467581e+00 3.7826109e-01
    endloop
  endfacet
  facet normal -5.4387906e-06 9.3613034e-01 3.5165316e-01
    outer loop
      vertex 3.8060486e-02 1.0467561e+00 3.7826109e-01
      vertex -1.2608695e-01 1.0467552e+00 3.7826109e-01
      vertex -6.7631900e-03 1.0019325e+00 4.9758473e-01
    endloop
  endfacet
  facet normal -1.4236706e-05 9.3612748e-01 3.5166085e-01
    outer loop
      vertex -1.2608695e-01 1.0467552e+00 3.7826109e-01
      vertex -1.2608695e-01 1.0019312e+00 4.9758339e-01
      vertex -6.7631900e-03 1.0019325e+00 4.9758473e-01
    endloop
  endfacet
  facet normal -1.4697181e-05 9.0725869e-01 4.2057306e-01
    outer loop
      vertex -1.2608695e-01 1.0019312e+00 4.9758339e-01
      vertex -1.2608695e-01 9.4034588e-01 6.3043499e-01
      vertex -6.7631900e-03 1.0019325e+00 4.9758473e-01
    endloop
  endfacet
  facet normal -1.4981189e-05 9.0725881e-01 4.2057288e-01
    outer loop
      vertex -6.7631900e-03 1.0019325e+00 4.9758473e-01
      vertex -1.2608695e-01 9.4034588e-01 6.3043499e-01
      vertex -6.8348974e-02 9.4034684e-01 6.3043499e-01
    endloop
  endfacet
  facet normal -3.9493410e-05 9.0726310e-01 4.2056349e-01
    outer loop
      vertex 1.2608719e-01 9.4035530e-01 6.3043499e-01
      vertex -6.7631900e-03 1.0019325e+00 4.9758473e-01
      vertex -6.8348974e-02 9.4034684e-01 6.3043499e-01
    endloop
  endfacet
  facet normal -3.9127597e-05 7.2556102e-01 6.8815774e-01
    outer loop
      vertex -5.1075235e-02 8.8260889e-01 7.0544660e-01
      vertex 1.2608719e-01 8.8260889e-01 7.0545667e-01
      vertex -8.9574464e-02 9.1912133e-01 6.6694742e-01
    endloop
  endfacet
  facet normal -3.9072413e-05 7.2556120e-01 6.8815750e-01
    outer loop
      vertex -8.9574464e-02 9.1912133e-01 6.6694742e-01
      vertex 1.2608719e-01 8.8260889e-01 7.0545667e-01
      vertex 1.2608719e-01 9.1912729e-01 6.6695338e-01
    endloop
  endfacet
  facet normal -3.7633836e-05 8.6454391e-01 5.0255722e-01
    outer loop
      vertex -6.8348974e-02 9.4034684e-01 6.3043499e-01
      vertex -8.9574464e-02 9.1912133e-01 6.6694742e-01
      vertex 1.2608719e-01 9.4035530e-01 6.3043499e-01
    endloop
  endfacet
  facet normal -3.7783986e-05 8.6454427e-01 5.0255662e-01
    outer loop
      vertex -8.9574464e-02 9.1912133e-01 6.6694742e-01
      vertex 1.2608719e-01 9.1912729e-01 6.6695338e-01
      vertex 1.2608719e-01 9.4035530e-01 6.3043499e-01
    endloop
  endfacet
  facet normal -1.4279816e-05 8.6453801e-01 5.0256735e-01
    outer loop
      vertex -6.8348974e-02 9.4034684e-01 6.3043499e-01
      vertex -1.2608695e-01 9.4034588e-01 6.3043499e-01
      vertex -8.9574464e-02 9.1912133e-01 6.6694742e-01
    endloop
  endfacet
  facet normal -1.3400310e-05 8.6453843e-01 5.0256675e-01
    outer loop
      vertex -1.2608695e-01 9.4034588e-01 6.3043499e-01
      vertex -1.2608695e-01 9.1912097e-01 6.6694707e-01
      vertex -8.9574464e-02 9.1912133e-01 6.6694742e-01
    endloop
  endfacet
  facet normal -1.3846909e-05 7.2557014e-01 6.8814820e-01
    outer loop
      vertex -1.2608695e-01 9.1912097e-01 6.6694707e-01
      vertex -1.2608695e-01 8.8260889e-01 7.0544469e-01
      vertex -8.9574464e-02 9.1912133e-01 6.6694742e-01
    endloop
  endfacet
  facet normal -1.7497734e-05 7.2557181e-01 6.8814635e-01
    outer loop
      vertex -1.2608695e-01 8.8260889e-01 7.0544469e-01
      vertex -5.1075235e-02 8.8260889e-01 7.0544660e-01
      vertex -8.9574464e-02 9.1912133e-01 6.6694742e-01
    endloop
  endfacet
  facet normal 1.2478062e-01 -8.4886575e-01 -5.1366991e-01
    outer loop
      vertex 3.7340900e-01 -8.8746077e-01 -6.3528687e-01
      vertex 3.7826109e-01 -8.8701642e-01 -6.3484251e-01
      vertex 3.7826109e-01 -8.8968366e-01 -6.3043475e-01
    endloop
  endfacet
  facet normal 1.2843890e-01 -6.9768131e-01 -7.0480084e-01
    outer loop
      vertex 3.7340900e-01 -8.8746077e-01 -6.3528687e-01
      vertex 3.7826109e-01 -8.8260865e-01 -6.3920575e-01
      vertex 3.7826109e-01 -8.8701642e-01 -6.3484251e-01
    endloop
  endfacet
  facet normal 1.5758555e-01 -7.1104538e-01 -6.8526000e-01
    outer loop
      vertex 3.7340900e-01 -8.8746077e-01 -6.3528687e-01
      vertex 3.6687070e-01 -8.8260865e-01 -6.4182514e-01
      vertex 3.7826109e-01 -8.8260865e-01 -6.3920575e-01
    endloop
  endfacet
  facet normal 1.5909614e-01 -7.1000254e-01 -6.8599182e-01
    outer loop
      vertex 1.2608719e-01 -9.1564709e-01 -6.6347319e-01
      vertex 1.2608719e-01 -8.8260865e-01 -6.9766802e-01
      vertex 3.7340900e-01 -8.8746077e-01 -6.3528687e-01
    endloop
  endfacet
  facet normal 1.5909705e-01 -7.0999902e-01 -6.8599522e-01
    outer loop
      vertex 1.2608719e-01 -8.8260865e-01 -6.9766802e-01
      vertex 3.6687070e-01 -8.8260865e-01 -6.4182514e-01
      vertex 3.7340900e-01 -8.8746077e-01 -6.3528687e-01
    endloop
  endfacet
  facet normal 1.5491116e-01 -8.4117711e-01 -5.1809609e-01
    outer loop
      vertex 1.2608719e-01 -9.1564709e-01 -6.6347319e-01
      vertex 3.7340900e-01 -8.8746077e-01 -6.3528687e-01
      vertex 1.2608719e-01 -9.3599606e-01 -6.3043475e-01
    endloop
  endfacet
  facet normal 1.5491185e-01 -8.4118015e-01 -5.1809102e-01
    outer loop
      vertex 1.2608719e-01 -9.3599606e-01 -6.3043475e-01
      vertex 3.7340900e-01 -8.8746077e-01 -6.3528687e-01
      vertex 3.6974591e-01 -8.9112383e-01 -6.3043475e-01
    endloop
  endfacet
  facet normal 1.4182760e-01 -8.3857429e-01 -5.2600199e-01
    outer loop
      vertex 3.7340900e-01 -8.8746077e-01 -6.3528687e-01
      vertex 3.7826109e-01 -8.8968366e-01 -6.3043475e-01
      vertex 3.6974591e-01 -8.9112383e-01 -6.3043475e-01
    endloop
  endfacet
  facet normal 1.4884749e-01 -9.3439132e-01 -3.2366213e-01
    outer loop
      vertex 2.8671733e-01 -9.7415239e-01 -4.6980461e-01
      vertex 3.7826109e-01 -9.6332133e-01 -4.5897353e-01
      vertex 3.7826109e-01 -9.9127924e-01 -3.7826085e-01
    endloop
  endfacet
  facet normal 1.5356061e-01 -9.0794730e-01 -3.8993698e-01
    outer loop
      vertex 3.6974591e-01 -8.9112383e-01 -6.3043475e-01
      vertex 3.7826109e-01 -8.8968366e-01 -6.3043475e-01
      vertex 2.8671733e-01 -9.7415239e-01 -4.6980461e-01
    endloop
  endfacet
  facet normal 1.5356018e-01 -9.0794730e-01 -3.8993725e-01
    outer loop
      vertex 3.7826109e-01 -8.8968366e-01 -6.3043475e-01
      vertex 3.7826109e-01 -9.6332133e-01 -4.5897353e-01
      vertex 2.8671733e-01 -9.7415239e-01 -4.6980461e-01
    endloop
  endfacet
  facet normal 1.6729756e-01 -9.0843523e-01 -3.8308865e-01
    outer loop
      vertex 2.8671733e-01 -9.7415239e-01 -4.6980461e-01
      vertex 1.2608719e-01 -9.3599606e-01 -6.3043475e-01
      vertex 3.6974591e-01 -8.9112383e-01 -6.3043475e-01
    endloop
  endfacet
  facet normal 2.2220656e-01 -8.7502640e-01 -4.3006170e-01
    outer loop
      vertex 2.8671733e-01 -9.7415239e-01 -4.6980461e-01
      vertex 1.2608719e-01 -1.0015016e+00 -4.9715376e-01
      vertex 1.2608719e-01 -9.3599606e-01 -6.3043475e-01
    endloop
  endfacet
  facet normal 2.1457580e-01 -9.1281581e-01 -3.4745443e-01
    outer loop
      vertex 1.2608719e-01 -1.0015016e+00 -4.9715376e-01
      vertex 2.8671733e-01 -9.7415239e-01 -4.6980461e-01
      vertex 1.2608719e-01 -1.0467570e+00 -3.7826085e-01
    endloop
  endfacet
  facet normal 2.1457571e-01 -9.1281575e-01 -3.4745452e-01
    outer loop
      vertex 1.2608719e-01 -1.0467570e+00 -3.7826085e-01
      vertex 2.8671733e-01 -9.7415239e-01 -4.6980461e-01
      vertex 2.4116388e-01 -1.0197059e+00 -3.7826085e-01
    endloop
  endfacet
  facet normal 1.8939343e-01 -9.1341448e-01 -3.6028352e-01
    outer loop
      vertex 2.8671733e-01 -9.7415239e-01 -4.6980461e-01
      vertex 3.7826109e-01 -9.9127924e-01 -3.7826085e-01
      vertex 2.4116388e-01 -1.0197059e+00 -3.7826085e-01
    endloop
  endfacet
  facet normal 1.9253327e-01 -9.6221679e-01 -1.9253536e-01
    outer loop
      vertex 2.1411206e-01 -1.0467577e+00 -2.9023600e-01
      vertex 3.7826109e-01 -1.0193889e+00 -2.6286727e-01
      vertex 3.7826109e-01 -1.0467581e+00 -1.2608695e-01
    endloop
  endfacet
  facet normal 1.9748798e-01 -9.5245320e-01 -2.3201595e-01
    outer loop
      vertex 2.4116388e-01 -1.0197059e+00 -3.7826085e-01
      vertex 3.7826109e-01 -9.9127924e-01 -3.7826085e-01
      vertex 2.1411206e-01 -1.0467577e+00 -2.9023600e-01
    endloop
  endfacet
  facet normal 1.9748800e-01 -9.5245314e-01 -2.3201589e-01
    outer loop
      vertex 3.7826109e-01 -9.9127924e-01 -3.7826085e-01
      vertex 3.7826109e-01 -1.0193889e+00 -2.6286727e-01
      vertex 2.1411206e-01 -1.0467577e+00 -2.9023600e-01
    endloop
  endfacet
  facet normal 2.2306648e-01 -9.4893587e-01 -2.2307420e-01
    outer loop
      vertex 2.1411206e-01 -1.0467577e+00 -2.9023600e-01
      vertex 1.2608719e-01 -1.0467570e+00 -3.7826085e-01
      vertex 2.4116388e-01 -1.0197059e+00 -3.7826085e-01
    endloop
  endfacet
  facet normal 2.6160872e-01 -9.2904139e-01 -2.6161632e-01
    outer loop
      vertex 2.1411206e-01 -1.0467577e+00 -2.9023600e-01
      vertex 1.2608719e-01 -1.0660983e+00 -3.0957663e-01
      vertex 1.2608719e-01 -1.0467570e+00 -3.7826085e-01
    endloop
  endfacet
  facet normal 2.5256363e-01 -9.4592404e-01 -2.0356667e-01
    outer loop
      vertex 1.2608719e-01 -1.0660983e+00 -3.0957663e-01
      vertex 2.1411206e-01 -1.0467577e+00 -2.9023600e-01
      vertex 1.2608719e-01 -1.1055861e+00 -1.2608695e-01
    endloop
  endfacet
  facet normal 2.5256383e-01 -9.4592392e-01 -2.0356652e-01
    outer loop
      vertex 1.2608719e-01 -1.1055861e+00 -1.2608695e-01
      vertex 2.1411206e-01 -1.0467577e+00 -2.9023600e-01
      vertex 1.6591883e-01 -1.0949509e+00 -1.2608695e-01
    endloop
  endfacet
  facet normal 2.1609977e-01 -9.5215595e-01 -2.1610186e-01
    outer loop
      vertex 2.1411206e-01 -1.0467577e+00 -2.9023600e-01
      vertex 3.7826109e-01 -1.0467581e+00 -1.2608695e-01
      vertex 1.6591883e-01 -1.0949509e+00 -1.2608695e-01
    endloop
  endfacet
  facet normal 2.2132961e-01 -9.7519904e-01 0.0000000e+00
    outer loop
      vertex 1.6591883e-01 -1.0949509e+00 -8.6255267e-02
      vertex 3.7826109e-01 -1.0467581e+00 -3.8062319e-02
      vertex 3.7826109e-01 -1.0467581e+00 1.2608719e-01
    endloop
  endfacet
  facet normal 2.2132960e-01 -9.7519904e-01 0.0000000e+00
    outer loop
      vertex 1.6591883e-01 -1.0949509e+00 -1.2608695e-01
      vertex 3.7826109e-01 -1.0467581e+00 -1.2608695e-01
      vertex 1.6591883e-01 -1.0949509e+00 -8.6255267e-02
    endloop
  endfacet
  facet normal 2.2132960e-01 -9.7519904e-01 0.0000000e+00
    outer loop
      vertex 3.7826109e-01 -1.0467581e+00 -1.2608695e-01
      vertex 3.7826109e-01 -1.0467581e+00 -3.8062319e-02
      vertex 1.6591883e-01 -1.0949509e+00 -8.6255267e-02
    endloop
  endfacet
  facet normal 2.5796536e-01 -9.6615422e-01 0.0000000e+00
    outer loop
      vertex 1.6591883e-01 -1.0949509e+00 -8.6255267e-02
      vertex 1.2608719e-01 -1.1055861e+00 -1.2608695e-01
      vertex 1.6591883e-01 -1.0949509e+00 -1.2608695e-01
    endloop
  endfacet
  facet normal 2.5796533e-01 -9.6615416e-01 0.0000000e+00
    outer loop
      vertex 1.6591883e-01 -1.0949509e+00 -8.6255267e-02
      vertex 1.2608719e-01 -1.1055861e+00 -9.6890405e-02
      vertex 1.2608719e-01 -1.1055861e+00 -1.2608695e-01
    endloop
  endfacet
  facet normal 2.5796533e-01 -9.6615416e-01 0.0000000e+00
    outer loop
      vertex 1.2608719e-01 -1.1055861e+00 -9.6890405e-02
      vertex 1.6591883e-01 -1.0949509e+00 -8.6255267e-02
      vertex 1.2608719e-01 -1.1055861e+00 1.2608719e-01
    endloop
  endfacet
  facet normal 2.5796524e-01 -9.6615416e-01 -1.6622694e-08
    outer loop
      vertex 1.2608719e-01 -1.1055861e+00 1.2608719e-01
      vertex 1.6591883e-01 -1.0949509e+00 -8.6255267e-02
      vertex 1.6591884e-01 -1.0949509e+00 1.2608719e-01
    endloop
  endfacet
  facet normal 2.2132963e-01 -9.7519904e-01 -1.5531837e-08
    outer loop
      vertex 1.6591883e-01 -1.0949509e+00 -8.6255267e-02
      vertex 3.7826109e-01 -1.0467581e+00 1.2608719e-01
      vertex 1.6591884e-01 -1.0949509e+00 1.2608719e-01
    endloop
  endfacet
  facet normal 2.2441207e-01 -9.5419878e-01 1.9784832e-01
    outer loop
      vertex 1.8332332e-01 -1.0775464e+00 1.8332332e-01
      vertex 3.7826109e-01 -1.0197076e+00 2.4116220e-01
      vertex 3.7826109e-01 -9.9128079e-01 3.7826109e-01
    endloop
  endfacet
  facet normal 2.1573372e-01 -9.5054299e-01 2.2344355e-01
    outer loop
      vertex 1.6591884e-01 -1.0949509e+00 1.2608719e-01
      vertex 3.7826109e-01 -1.0467581e+00 1.2608719e-01
      vertex 1.8332332e-01 -1.0775464e+00 1.8332332e-01
    endloop
  endfacet
  facet normal 2.1573350e-01 -9.5054322e-01 2.2344264e-01
    outer loop
      vertex 3.7826109e-01 -1.0467581e+00 1.2608719e-01
      vertex 3.7826109e-01 -1.0197076e+00 2.4116220e-01
      vertex 1.8332332e-01 -1.0775464e+00 1.8332332e-01
    endloop
  endfacet
  facet normal 2.5218400e-01 -9.4450176e-01 2.1052262e-01
    outer loop
      vertex 1.8332332e-01 -1.0775464e+00 1.8332332e-01
      vertex 1.2608719e-01 -1.1055861e+00 1.2608719e-01
      vertex 1.6591884e-01 -1.0949509e+00 1.2608719e-01
    endloop
  endfacet
  facet normal 2.1052048e-01 -9.4450158e-01 2.5218612e-01
    outer loop
      vertex 1.8332332e-01 -1.0775464e+00 1.8332332e-01
      vertex 1.2608719e-01 -1.0949508e+00 1.6591895e-01
      vertex 1.2608719e-01 -1.1055861e+00 1.2608719e-01
    endloop
  endfacet
  facet normal 2.2344182e-01 -9.5054322e-01 2.1573442e-01
    outer loop
      vertex 1.2608719e-01 -1.0949508e+00 1.6591895e-01
      vertex 1.8332332e-01 -1.0775464e+00 1.8332332e-01
      vertex 1.2608719e-01 -1.0467578e+00 3.7826109e-01
    endloop
  endfacet
  facet normal 2.2344159e-01 -9.5054334e-01 2.1573436e-01
    outer loop
      vertex 1.2608719e-01 -1.0467578e+00 3.7826109e-01
      vertex 1.8332332e-01 -1.0775464e+00 1.8332332e-01
      vertex 2.4116226e-01 -1.0197074e+00 3.7826109e-01
    endloop
  endfacet
  facet normal 1.9784760e-01 -9.5419872e-01 2.2441278e-01
    outer loop
      vertex 1.8332332e-01 -1.0775464e+00 1.8332332e-01
      vertex 3.7826109e-01 -9.9128079e-01 3.7826109e-01
      vertex 2.4116226e-01 -1.0197074e+00 3.7826109e-01
    endloop
  endfacet
  facet normal 1.9920368e-01 -9.2417485e-01 3.2591197e-01
    outer loop
      vertex 3.4568807e-01 -9.1518164e-01 5.9786201e-01
      vertex 3.7826109e-01 -9.0433580e-01 6.0870785e-01
      vertex 3.7826109e-01 -8.9667368e-01 6.3043499e-01
    endloop
  endfacet
  facet normal 1.9044550e-01 -9.1849923e-01 3.4653956e-01
    outer loop
      vertex 2.4116226e-01 -1.0197074e+00 3.7826109e-01
      vertex 3.7826109e-01 -9.9128079e-01 3.7826109e-01
      vertex 3.4568807e-01 -9.1518164e-01 5.9786201e-01
    endloop
  endfacet
  facet normal 1.9044541e-01 -9.1849929e-01 3.4653956e-01
    outer loop
      vertex 3.7826109e-01 -9.9128079e-01 3.7826109e-01
      vertex 3.7826109e-01 -9.0433580e-01 6.0870785e-01
      vertex 3.4568807e-01 -9.1518164e-01 5.9786201e-01
    endloop
  endfacet
  facet normal 2.1568333e-01 -9.1753918e-01 3.3406979e-01
    outer loop
      vertex 3.4568807e-01 -9.1518164e-01 5.9786201e-01
      vertex 1.2608719e-01 -1.0467578e+00 3.7826109e-01
      vertex 2.4116226e-01 -1.0197074e+00 3.7826109e-01
    endloop
  endfacet
  facet normal 1.4820494e-01 -9.0664005e-01 3.9501789e-01
    outer loop
      vertex 3.4568807e-01 -9.1518164e-01 5.9786201e-01
      vertex 1.2608719e-01 -9.7879487e-01 5.3424877e-01
      vertex 1.2608719e-01 -1.0467578e+00 3.7826109e-01
    endloop
  endfacet
  facet normal 1.5942630e-01 -9.1671520e-01 3.6635560e-01
    outer loop
      vertex 1.2608719e-01 -9.7879487e-01 5.3424877e-01
      vertex 3.4568807e-01 -9.1518164e-01 5.9786201e-01
      vertex 1.2608719e-01 -9.4035506e-01 6.3043499e-01
    endloop
  endfacet
  facet normal 1.5942630e-01 -9.1671526e-01 3.6635548e-01
    outer loop
      vertex 1.2608719e-01 -9.4035506e-01 6.3043499e-01
      vertex 3.4568807e-01 -9.1518164e-01 5.9786201e-01
      vertex 3.6144602e-01 -8.9942372e-01 6.3043499e-01
    endloop
  endfacet
  facet normal 1.4989157e-01 -9.1650921e-01 3.7086850e-01
    outer loop
      vertex 3.4568807e-01 -9.1518164e-01 5.9786201e-01
      vertex 3.7826109e-01 -8.9667368e-01 6.3043499e-01
      vertex 3.6144602e-01 -8.9942372e-01 6.3043499e-01
    endloop
  endfacet
  facet normal 1.2847307e-01 -7.8554642e-01 6.0531938e-01
    outer loop
      vertex 3.6144602e-01 -8.9942372e-01 6.3043499e-01
      vertex 3.7826109e-01 -8.9667368e-01 6.3043499e-01
      vertex 3.7826109e-01 -8.8260865e-01 6.4868772e-01
    endloop
  endfacet
  facet normal 1.3708608e-01 -7.8825706e-01 5.9988189e-01
    outer loop
      vertex 3.6144602e-01 -8.9942372e-01 6.3043499e-01
      vertex 3.7826109e-01 -8.8260865e-01 6.4868772e-01
      vertex 1.2608719e-01 -9.4035506e-01 6.3043499e-01
    endloop
  endfacet
  facet normal 1.3708584e-01 -7.8825635e-01 5.9988290e-01
    outer loop
      vertex 3.7826109e-01 -8.8260865e-01 6.4868772e-01
      vertex 1.8785232e-01 -8.8260865e-01 6.9220012e-01
      vertex 1.2608719e-01 -9.4035506e-01 6.3043499e-01
    endloop
  endfacet
  facet normal 1.2980640e-01 -7.8572822e-01 6.0479873e-01
    outer loop
      vertex 1.2608719e-01 -9.4035506e-01 6.3043499e-01
      vertex 1.8785232e-01 -8.8260865e-01 6.9220012e-01
      vertex 1.2608719e-01 -8.8260865e-01 7.0545661e-01
    endloop
  endfacet
  facet normal 2.1877153e-01 -5.3066611e-01 -8.1886047e-01
    outer loop
      vertex 1.2608719e-01 -6.5062827e-01 -9.0280217e-01
      vertex 1.2608719e-01 -6.3043475e-01 -9.1588867e-01
      vertex 2.5065407e-01 -6.3043475e-01 -8.8260865e-01
    endloop
  endfacet
  facet normal 2.2208196e-01 -6.0654670e-01 -7.6340079e-01
    outer loop
      vertex 1.2608719e-01 -6.5062827e-01 -9.0280217e-01
      vertex 2.5065407e-01 -6.3043475e-01 -8.8260865e-01
      vertex 1.2608719e-01 -6.7604387e-01 -8.8260865e-01
    endloop
  endfacet
  facet normal 1.7074805e-01 -6.4772135e-01 -7.4249727e-01
    outer loop
      vertex 3.6687070e-01 -8.8260865e-01 -6.4182514e-01
      vertex 2.3897864e-01 -7.6971722e-01 -7.6971722e-01
      vertex 3.7826109e-01 -8.8260865e-01 -6.3920575e-01
    endloop
  endfacet
  facet normal 1.7074883e-01 -6.4772081e-01 -7.4249756e-01
    outer loop
      vertex 3.7826109e-01 -8.8260865e-01 -6.3920575e-01
      vertex 2.3897864e-01 -7.6971722e-01 -7.6971722e-01
      vertex 3.7826109e-01 -7.5261033e-01 -7.5261033e-01
    endloop
  endfacet
  facet normal 1.6937540e-01 -5.8842039e-01 -7.9061592e-01
    outer loop
      vertex 2.3897864e-01 -7.6971722e-01 -7.6971722e-01
      vertex 3.7826109e-01 -6.3043475e-01 -8.4354019e-01
      vertex 3.7826109e-01 -7.5261033e-01 -7.5261033e-01
    endloop
  endfacet
  facet normal 2.2864868e-01 -6.2448156e-01 -7.4682158e-01
    outer loop
      vertex 1.2608719e-01 -6.7604387e-01 -8.8260865e-01
      vertex 2.5065407e-01 -6.3043475e-01 -8.8260865e-01
      vertex 2.3897864e-01 -7.6971722e-01 -7.6971722e-01
    endloop
  endfacet
  facet normal 2.2864866e-01 -6.2448168e-01 -7.4682164e-01
    outer loop
      vertex 2.5065407e-01 -6.3043475e-01 -8.8260865e-01
      vertex 3.7826109e-01 -6.3043475e-01 -8.4354019e-01
      vertex 2.3897864e-01 -7.6971722e-01 -7.6971722e-01
    endloop
  endfacet
  facet normal 2.4789223e-01 -6.0913348e-01 -7.5332981e-01
    outer loop
      vertex 2.3897864e-01 -7.6971722e-01 -7.6971722e-01
      vertex 1.2608719e-01 -7.9025716e-01 -7.9025716e-01
      vertex 1.2608719e-01 -6.7604387e-01 -8.8260865e-01
    endloop
  endfacet
  facet normal 2.4919076e-01 -6.8568009e-01 -6.8392020e-01
    outer loop
      vertex 2.3897864e-01 -7.6971722e-01 -7.6971722e-01
      vertex 1.2608719e-01 -8.8260865e-01 -6.9766802e-01
      vertex 1.2608719e-01 -7.9025716e-01 -7.9025716e-01
    endloop
  endfacet
  facet normal 1.7234173e-01 -6.4660287e-01 -7.4310362e-01
    outer loop
      vertex 2.3897864e-01 -7.6971722e-01 -7.6971722e-01
      vertex 3.6687070e-01 -8.8260865e-01 -6.4182514e-01
      vertex 1.2608719e-01 -8.8260865e-01 -6.9766802e-01
    endloop
  endfacet
  facet normal 1.7837331e-01 -5.9909624e-01 7.8055537e-01
    outer loop
      vertex 1.8785232e-01 -8.8260865e-01 6.9220012e-01
      vertex 3.7826109e-01 -8.8260865e-01 6.4868772e-01
      vertex 2.9068702e-01 -7.1800882e-01 7.9503483e-01
    endloop
  endfacet
  facet normal 1.7837369e-01 -5.9909612e-01 7.8055537e-01
    outer loop
      vertex 2.9068702e-01 -7.1800882e-01 7.9503483e-01
      vertex 3.7826109e-01 -8.8260865e-01 6.4868772e-01
      vertex 3.7826109e-01 -8.0409372e-01 7.0894992e-01
    endloop
  endfacet
  facet normal 1.5660666e-01 -6.1416608e-01 7.7348191e-01
    outer loop
      vertex 3.7826109e-01 -6.3043475e-01 8.4683996e-01
      vertex 2.9068702e-01 -7.1800882e-01 7.9503483e-01
      vertex 3.7826109e-01 -8.0409372e-01 7.0894992e-01
    endloop
  endfacet
  facet normal 2.2313544e-01 -6.5187168e-01 7.2475779e-01
    outer loop
      vertex 3.5091224e-01 -6.3043475e-01 8.5526001e-01
      vertex 2.9068702e-01 -7.1800882e-01 7.9503483e-01
      vertex 3.7826109e-01 -6.3043475e-01 8.4683996e-01
    endloop
  endfacet
  facet normal 2.0822361e-01 -6.4739472e-01 7.3315960e-01
    outer loop
      vertex 2.5461629e-01 -6.3043475e-01 8.8260889e-01
      vertex 2.9068702e-01 -7.1800882e-01 7.9503483e-01
      vertex 3.5091224e-01 -6.3043475e-01 8.5526001e-01
    endloop
  endfacet
  facet normal 2.3695852e-01 -6.3643247e-01 7.3403293e-01
    outer loop
      vertex 1.2608719e-01 -8.8260865e-01 7.0545661e-01
      vertex 2.9068702e-01 -7.1800882e-01 7.9503483e-01
      vertex 1.2608719e-01 -6.7828912e-01 8.8260889e-01
    endloop
  endfacet
  facet normal 2.3695859e-01 -6.3643247e-01 7.3403293e-01
    outer loop
      vertex 2.9068702e-01 -7.1800882e-01 7.9503483e-01
      vertex 2.5461629e-01 -6.3043475e-01 8.8260889e-01
      vertex 1.2608719e-01 -6.7828912e-01 8.8260889e-01
    endloop
  endfacet
  facet normal 1.6852781e-01 -5.9585392e-01 7.8521109e-01
    outer loop
      vertex 1.2608719e-01 -8.8260865e-01 7.0545661e-01
      vertex 1.8785232e-01 -8.8260865e-01 6.9220012e-01
      vertex 2.9068702e-01 -7.1800882e-01 7.9503483e-01
    endloop
  endfacet
  facet normal 2.1250679e-01 -5.7075894e-01 7.9314256e-01
    outer loop
      vertex 1.2608719e-01 -6.7828912e-01 8.8260889e-01
      vertex 2.5461629e-01 -6.3043475e-01 8.8260889e-01
      vertex 1.5324706e-01 -6.3043475e-01 9.0976876e-01
    endloop
  endfacet
  facet normal 1.8202181e-01 -5.6145722e-01 8.0723846e-01
    outer loop
      vertex 1.2608719e-01 -6.7828912e-01 8.8260889e-01
      vertex 1.5324706e-01 -6.3043475e-01 9.0976876e-01
      vertex 1.2608719e-01 -6.3043475e-01 9.1589296e-01
    endloop
  endfacet
  facet normal 2.0003262e-01 -4.8715839e-01 -8.5009629e-01
    outer loop
      vertex 2.9682851e-01 -4.5969343e-01 -9.6404123e-01
      vertex 3.7826109e-01 -4.4751236e-01 -9.5186019e-01
      vertex 3.7826109e-01 -5.6835699e-01 -8.8260865e-01
    endloop
  endfacet
  facet normal 1.9335145e-01 -3.9408377e-01 -8.9850616e-01
    outer loop
      vertex 2.9682851e-01 -4.5969343e-01 -9.6404123e-01
      vertex 3.7826109e-01 -3.7826085e-01 -9.8223382e-01
      vertex 3.7826109e-01 -4.4751236e-01 -9.5186019e-01
    endloop
  endfacet
  facet normal 2.0707420e-01 -4.0593585e-01 -8.9013278e-01
    outer loop
      vertex 2.9682851e-01 -4.5969343e-01 -9.6404123e-01
      vertex 2.4843386e-01 -3.7826085e-01 -1.0124359e+00
      vertex 3.7826109e-01 -3.7826085e-01 -9.8223382e-01
    endloop
  endfacet
  facet normal 2.4161409e-01 -3.8560677e-01 -8.9046621e-01
    outer loop
      vertex 1.2608719e-01 -4.9202192e-01 -9.9636972e-01
      vertex 1.2608719e-01 -3.7826085e-01 -1.0456327e+00
      vertex 2.9682851e-01 -4.5969343e-01 -9.6404123e-01
    endloop
  endfacet
  facet normal 2.4161367e-01 -3.8560748e-01 -8.9046597e-01
    outer loop
      vertex 1.2608719e-01 -3.7826085e-01 -1.0456327e+00
      vertex 2.4843386e-01 -3.7826085e-01 -1.0124359e+00
      vertex 2.9682851e-01 -4.5969343e-01 -9.6404123e-01
    endloop
  endfacet
  facet normal 2.5059786e-01 -4.8662075e-01 -8.3689964e-01
    outer loop
      vertex 2.9682851e-01 -4.5969343e-01 -9.6404123e-01
      vertex 1.2608719e-01 -6.3043475e-01 -9.1588867e-01
      vertex 1.2608719e-01 -4.9202192e-01 -9.9636972e-01
    endloop
  endfacet
  facet normal 2.2800705e-01 -4.6869159e-01 -8.5342896e-01
    outer loop
      vertex 1.2608719e-01 -6.3043475e-01 -9.1588867e-01
      vertex 2.9682851e-01 -4.5969343e-01 -9.6404123e-01
      vertex 2.5065407e-01 -6.3043475e-01 -8.8260865e-01
    endloop
  endfacet
  facet normal 2.2800726e-01 -4.6869162e-01 -8.5342890e-01
    outer loop
      vertex 2.5065407e-01 -6.3043475e-01 -8.8260865e-01
      vertex 2.9682851e-01 -4.5969343e-01 -9.6404123e-01
      vertex 3.7826109e-01 -5.6835699e-01 -8.8260865e-01
    endloop
  endfacet
  facet normal 2.3927239e-01 -5.7617110e-01 -7.8152138e-01
    outer loop
      vertex 3.7826109e-01 -6.0794598e-01 -8.6011988e-01
      vertex 3.7826109e-01 -6.3043475e-01 -8.4354019e-01
      vertex 2.5065407e-01 -6.3043475e-01 -8.8260865e-01
    endloop
  endfacet
  facet normal 2.3363368e-01 -4.8025730e-01 -8.4543967e-01
    outer loop
      vertex 3.7826109e-01 -6.0794598e-01 -8.6011988e-01
      vertex 2.5065407e-01 -6.3043475e-01 -8.8260865e-01
      vertex 3.7826109e-01 -5.6835699e-01 -8.8260865e-01
    endloop
  endfacet
  facet normal 2.5480092e-01 -5.0013971e-01 8.2760912e-01
    outer loop
      vertex 3.7826109e-01 -5.7124591e-01 8.8260889e-01
      vertex 3.5091224e-01 -6.3043475e-01 8.5526001e-01
      vertex 3.7826109e-01 -6.3043475e-01 8.4683996e-01
    endloop
  endfacet
  facet normal 2.3727976e-01 -4.9567464e-01 8.3546686e-01
    outer loop
      vertex 3.7826109e-01 -5.7124591e-01 8.8260889e-01
      vertex 2.5461629e-01 -6.3043475e-01 8.8260889e-01
      vertex 3.5091224e-01 -6.3043475e-01 8.5526001e-01
    endloop
  endfacet
  facet normal 2.3518105e-01 -4.1738409e-01 8.7777007e-01
    outer loop
      vertex 1.5324706e-01 -6.3043475e-01 9.0976876e-01
      vertex 2.5461629e-01 -6.3043475e-01 8.8260889e-01
      vertex 1.6954468e-01 -5.8697724e-01 9.2606640e-01
    endloop
  endfacet
  facet normal 2.1447873e-01 -4.4804358e-01 8.6790317e-01
    outer loop
      vertex 2.5461629e-01 -6.3043475e-01 8.8260889e-01
      vertex 3.7826109e-01 -5.7124591e-01 8.8260889e-01
      vertex 1.6954468e-01 -5.8697724e-01 9.2606640e-01
    endloop
  endfacet
  facet normal 2.1447873e-01 -4.4804338e-01 8.6790317e-01
    outer loop
      vertex 1.6954468e-01 -5.8697724e-01 9.2606640e-01
      vertex 3.7826109e-01 -5.7124591e-01 8.8260889e-01
      vertex 3.7826109e-01 -3.7826085e-01 9.8223484e-01
    endloop
  endfacet
  facet normal 2.4240339e-01 -4.7070307e-01 8.4833902e-01
    outer loop
      vertex 2.5961494e-01 -3.7826085e-01 1.0161366e+00
      vertex 1.6954468e-01 -5.8697724e-01 9.2606640e-01
      vertex 3.7826109e-01 -3.7826085e-01 9.8223484e-01
    endloop
  endfacet
  facet normal 1.9180480e-01 -4.5747709e-01 8.6828893e-01
    outer loop
      vertex 1.2608719e-01 -5.6668729e-01 9.4635636e-01
      vertex 1.6954468e-01 -5.8697724e-01 9.2606640e-01
      vertex 1.2608719e-01 -3.7826085e-01 1.0456330e+00
    endloop
  endfacet
  facet normal 1.9180523e-01 -4.5747694e-01 8.6828887e-01
    outer loop
      vertex 1.6954468e-01 -5.8697724e-01 9.2606640e-01
      vertex 2.5961494e-01 -3.7826085e-01 1.0161366e+00
      vertex 1.2608719e-01 -3.7826085e-01 1.0456330e+00
    endloop
  endfacet
  facet normal 2.1481621e-01 -4.2110705e-01 8.8120532e-01
    outer loop
      vertex 1.2608719e-01 -5.6668729e-01 9.4635636e-01
      vertex 1.2608719e-01 -6.3043475e-01 9.1589296e-01
      vertex 1.6954468e-01 -5.8697724e-01 9.2606640e-01
    endloop
  endfacet
  facet normal 2.0071538e-01 -4.0909824e-01 8.9014161e-01
    outer loop
      vertex 1.2608719e-01 -6.3043475e-01 9.1589296e-01
      vertex 1.5324706e-01 -6.3043475e-01 9.0976876e-01
      vertex 1.6954468e-01 -5.8697724e-01 9.2606640e-01
    endloop
  endfacet
  facet normal 2.1828623e-01 -2.6812285e-01 -9.3832892e-01
    outer loop
      vertex 2.4843386e-01 -3.7826085e-01 -1.0124359e+00
      vertex 2.1523701e-01 -2.8911102e-01 -1.0456327e+00
      vertex 3.7826109e-01 -3.7826085e-01 -9.8223382e-01
    endloop
  endfacet
  facet normal 2.1828608e-01 -2.6812315e-01 -9.3832886e-01
    outer loop
      vertex 3.7826109e-01 -3.7826085e-01 -9.8223382e-01
      vertex 2.1523701e-01 -2.8911102e-01 -1.0456327e+00
      vertex 3.7826109e-01 -2.5961471e-01 -1.0161364e+00
    endloop
  endfacet
  facet normal 2.1085083e-01 -2.1085086e-01 -9.5450711e-01
    outer loop
      vertex 2.1523701e-01 -2.8911102e-01 -1.0456327e+00
      vertex 3.7826109e-01 -1.2608695e-01 -1.0456327e+00
      vertex 3.7826109e-01 -2.5961471e-01 -1.0161364e+00
    endloop
  endfacet
  facet normal 2.1944469e-01 -2.1944469e-01 -9.5062506e-01
    outer loop
      vertex 2.1523701e-01 -2.8911102e-01 -1.0456327e+00
      vertex 1.6630954e-01 -1.2608695e-01 -1.0945601e+00
      vertex 3.7826109e-01 -1.2608695e-01 -1.0456327e+00
    endloop
  endfacet
  facet normal 2.5870660e-01 -2.0561810e-01 -9.4381785e-01
    outer loop
      vertex 1.2608719e-01 -3.0917621e-01 -1.0656979e+00
      vertex 1.2608719e-01 -1.2608695e-01 -1.1055853e+00
      vertex 2.1523701e-01 -2.8911102e-01 -1.0456327e+00
    endloop
  endfacet
  facet normal 2.5870621e-01 -2.0561832e-01 -9.4381785e-01
    outer loop
      vertex 1.2608719e-01 -1.2608695e-01 -1.1055853e+00
      vertex 1.6630954e-01 -1.2608695e-01 -1.0945601e+00
      vertex 2.1523701e-01 -2.8911102e-01 -1.0456327e+00
    endloop
  endfacet
  facet normal 2.6866278e-01 -2.6866275e-01 -9.2500854e-01
    outer loop
      vertex 2.1523701e-01 -2.8911102e-01 -1.0456327e+00
      vertex 1.2608719e-01 -3.7826085e-01 -1.0456327e+00
      vertex 1.2608719e-01 -3.0917621e-01 -1.0656979e+00
    endloop
  endfacet
  facet normal 2.5332394e-01 -2.5332391e-01 -9.3362415e-01
    outer loop
      vertex 2.1523701e-01 -2.8911102e-01 -1.0456327e+00
      vertex 2.4843386e-01 -3.7826085e-01 -1.0124359e+00
      vertex 1.2608719e-01 -3.7826085e-01 -1.0456327e+00
    endloop
  endfacet
  facet normal 2.6811752e-01 -2.1828537e-01 9.3833065e-01
    outer loop
      vertex 2.5961494e-01 -3.7826085e-01 1.0161366e+00
      vertex 3.7826109e-01 -3.7826085e-01 9.8223484e-01
      vertex 2.8911126e-01 -2.1523677e-01 1.0456330e+00
    endloop
  endfacet
  facet normal 2.6811701e-01 -2.1828569e-01 9.3833077e-01
    outer loop
      vertex 2.8911126e-01 -2.1523677e-01 1.0456330e+00
      vertex 3.7826109e-01 -3.7826085e-01 9.8223484e-01
      vertex 3.7826109e-01 -2.4843279e-01 1.0124370e+00
    endloop
  endfacet
  facet normal 2.5331986e-01 -2.5331989e-01 9.3362635e-01
    outer loop
      vertex 3.7826109e-01 -1.2608695e-01 1.0456330e+00
      vertex 2.8911126e-01 -2.1523677e-01 1.0456330e+00
      vertex 3.7826109e-01 -2.4843279e-01 1.0124370e+00
    endloop
  endfacet
  facet normal 2.6862374e-01 -2.6862380e-01 9.2503107e-01
    outer loop
      vertex 3.0917376e-01 -1.2608695e-01 1.0656955e+00
      vertex 2.8911126e-01 -2.1523677e-01 1.0456330e+00
      vertex 3.7826109e-01 -1.2608695e-01 1.0456330e+00
    endloop
  endfacet
  facet normal 2.0562880e-01 -2.5867704e-01 9.4382364e-01
    outer loop
      vertex 1.2608719e-01 -1.6630930e-01 1.0945604e+00
      vertex 2.8911126e-01 -2.1523677e-01 1.0456330e+00
      vertex 1.2608719e-01 -1.2608695e-01 1.1055843e+00
    endloop
  endfacet
  facet normal 2.0562978e-01 -2.5867540e-01 9.4382387e-01
    outer loop
      vertex 2.8911126e-01 -2.1523677e-01 1.0456330e+00
      vertex 3.0917376e-01 -1.2608695e-01 1.0656954e+00
      vertex 1.2608719e-01 -1.2608695e-01 1.1055843e+00
    endloop
  endfacet
  facet normal 2.1944471e-01 -2.1944469e-01 9.5062506e-01
    outer loop
      vertex 1.2608719e-01 -1.6630930e-01 1.0945604e+00
      vertex 1.2608719e-01 -3.7826085e-01 1.0456330e+00
      vertex 2.8911126e-01 -2.1523677e-01 1.0456330e+00
    endloop
  endfacet
  facet normal 2.1085085e-01 -2.1085082e-01 9.5450711e-01
    outer loop
      vertex 1.2608719e-01 -3.7826085e-01 1.0456330e+00
      vertex 2.5961494e-01 -3.7826085e-01 1.0161366e+00
      vertex 2.8911126e-01 -2.1523677e-01 1.0456330e+00
    endloop
  endfacet
  facet normal 2.2492728e-01 0.0000000e+00 -9.7437549e-01
    outer loop
      vertex 1.6630954e-01 -1.2608695e-01 -1.0945601e+00
      vertex 1.6630954e-01 -8.5864559e-02 -1.0945601e+00
      vertex 3.7826109e-01 -1.2608695e-01 -1.0456327e+00
    endloop
  endfacet
  facet normal 2.2492728e-01 0.0000000e+00 -9.7437561e-01
    outer loop
      vertex 3.7826109e-01 -1.2608695e-01 -1.0456327e+00
      vertex 1.6630954e-01 -8.5864559e-02 -1.0945601e+00
      vertex 3.7826109e-01 -3.6937043e-02 -1.0456327e+00
    endloop
  endfacet
  facet normal 2.2492728e-01 0.0000000e+00 -9.7437561e-01
    outer loop
      vertex 1.6630954e-01 -8.5864559e-02 -1.0945601e+00
      vertex 3.7826109e-01 1.2608719e-01 -1.0456327e+00
      vertex 3.7826109e-01 -3.6937043e-02 -1.0456327e+00
    endloop
  endfacet
  facet normal 2.2492774e-01 -4.6895667e-07 -9.7437549e-01
    outer loop
      vertex 1.6630954e-01 -8.5864559e-02 -1.0945601e+00
      vertex 1.6630946e-01 1.2608719e-01 -1.0945603e+00
      vertex 3.7826109e-01 1.2608719e-01 -1.0456327e+00
    endloop
  endfacet
  facet normal 2.6435757e-01 0.0000000e+00 -9.6442473e-01
    outer loop
      vertex 1.2608719e-01 -9.6889779e-02 -1.1055855e+00
      vertex 1.2608719e-01 1.2608719e-01 -1.1055855e+00
      vertex 1.6630954e-01 -8.5864559e-02 -1.0945601e+00
    endloop
  endfacet
  facet normal 2.6435533e-01 -4.5106148e-07 -9.6442533e-01
    outer loop
      vertex 1.2608719e-01 1.2608719e-01 -1.1055855e+00
      vertex 1.6630946e-01 1.2608719e-01 -1.0945603e+00
      vertex 1.6630954e-01 -8.5864559e-02 -1.0945601e+00
    endloop
  endfacet
  facet normal 2.6435858e-01 -3.9436118e-06 -9.6442449e-01
    outer loop
      vertex 1.6630954e-01 -8.5864559e-02 -1.0945601e+00
      vertex 1.2608719e-01 -1.2608695e-01 -1.1055853e+00
      vertex 1.2608719e-01 -9.6889779e-02 -1.1055855e+00
    endloop
  endfacet
  facet normal 2.6435488e-01 0.0000000e+00 -9.6442550e-01
    outer loop
      vertex 1.6630954e-01 -8.5864559e-02 -1.0945601e+00
      vertex 1.6630954e-01 -1.2608695e-01 -1.0945601e+00
      vertex 1.2608719e-01 -1.2608695e-01 -1.1055853e+00
    endloop
  endfacet
  facet normal 2.7887219e-01 -0.0000000e+00 9.6032822e-01
    outer loop
      vertex 3.0917376e-01 -1.2608695e-01 1.0656954e+00
      vertex 3.7826109e-01 -1.2608695e-01 1.0456330e+00
      vertex 3.0917376e-01 5.6999788e-02 1.0656954e+00
    endloop
  endfacet
  facet normal 2.7887219e-01 0.0000000e+00 9.6032828e-01
    outer loop
      vertex 3.0917376e-01 5.6999788e-02 1.0656954e+00
      vertex 3.7826109e-01 -1.2608695e-01 1.0456330e+00
      vertex 3.7826109e-01 3.6937267e-02 1.0456330e+00
    endloop
  endfacet
  facet normal 2.7887219e-01 0.0000000e+00 9.6032822e-01
    outer loop
      vertex 3.7826109e-01 1.2608719e-01 1.0456330e+00
      vertex 3.0917376e-01 5.6999788e-02 1.0656954e+00
      vertex 3.7826109e-01 3.6937267e-02 1.0456330e+00
    endloop
  endfacet
  facet normal 2.7887371e-01 -1.6570314e-06 9.6032780e-01
    outer loop
      vertex 3.0917376e-01 1.2608719e-01 1.0656955e+00
      vertex 3.0917376e-01 5.6999788e-02 1.0656954e+00
      vertex 3.7826109e-01 1.2608719e-01 1.0456330e+00
    endloop
  endfacet
  facet normal 2.1287659e-01 3.9891402e-06 9.7707909e-01
    outer loop
      vertex 1.2608719e-01 9.6888691e-02 1.1055844e+00
      vertex 3.0917376e-01 5.6999788e-02 1.0656954e+00
      vertex 1.2608719e-01 1.2608719e-01 1.1055843e+00
    endloop
  endfacet
  facet normal 2.1287514e-01 -0.0000000e+00 9.7707939e-01
    outer loop
      vertex 3.0917376e-01 5.6999788e-02 1.0656954e+00
      vertex 3.0917376e-01 1.2608719e-01 1.0656954e+00
      vertex 1.2608719e-01 1.2608719e-01 1.1055843e+00
    endloop
  endfacet
  facet normal 2.1287565e-01 -5.2237510e-07 9.7707933e-01
    outer loop
      vertex 1.2608719e-01 9.6888691e-02 1.1055844e+00
      vertex 1.2608719e-01 -1.2608695e-01 1.1055843e+00
      vertex 3.0917376e-01 5.6999788e-02 1.0656954e+00
    endloop
  endfacet
  facet normal 2.1287514e-01 0.0000000e+00 9.7707939e-01
    outer loop
      vertex 1.2608719e-01 -1.2608695e-01 1.1055843e+00
      vertex 3.0917376e-01 -1.2608695e-01 1.0656954e+00
      vertex 3.0917376e-01 5.6999788e-02 1.0656954e+00
    endloop
  endfacet
  facet normal 2.1745625e-01 2.5559935e-01 -9.4200945e-01
    outer loop
      vertex 1.6630946e-01 1.2608719e-01 -1.0945603e+00
      vertex 1.8823230e-01 1.8823230e-01 -1.0726374e+00
      vertex 3.7826109e-01 1.2608719e-01 -1.0456327e+00
    endloop
  endfacet
  facet normal 2.1745622e-01 2.5559917e-01 -9.4200951e-01
    outer loop
      vertex 3.7826109e-01 1.2608719e-01 -1.0456327e+00
      vertex 1.8823230e-01 1.8823230e-01 -1.0726374e+00
      vertex 3.7826109e-01 2.4843386e-01 -1.0124359e+00
    endloop
  endfacet
  facet normal 2.3040991e-01 2.2048609e-01 -9.4778538e-01
    outer loop
      vertex 1.8823230e-01 1.8823230e-01 -1.0726374e+00
      vertex 3.7826109e-01 3.7826109e-01 -9.8223382e-01
      vertex 3.7826109e-01 2.4843386e-01 -1.0124359e+00
    endloop
  endfacet
  facet normal 2.2048609e-01 2.3040991e-01 -9.4778538e-01
    outer loop
      vertex 1.8823230e-01 1.8823230e-01 -1.0726374e+00
      vertex 2.4843386e-01 3.7826109e-01 -1.0124359e+00
      vertex 3.7826109e-01 3.7826109e-01 -9.8223382e-01
    endloop
  endfacet
  facet normal 2.5559935e-01 2.1745625e-01 -9.4200945e-01
    outer loop
      vertex 1.2608719e-01 1.6630946e-01 -1.0945603e+00
      vertex 1.2608719e-01 3.7826109e-01 -1.0456327e+00
      vertex 1.8823230e-01 1.8823230e-01 -1.0726374e+00
    endloop
  endfacet
  facet normal 2.5559917e-01 2.1745622e-01 -9.4200951e-01
    outer loop
      vertex 1.2608719e-01 3.7826109e-01 -1.0456327e+00
      vertex 2.4843386e-01 3.7826109e-01 -1.0124359e+00
      vertex 1.8823230e-01 1.8823230e-01 -1.0726374e+00
    endloop
  endfacet
  facet normal 2.3975912e-01 2.5664479e-01 -9.3629533e-01
    outer loop
      vertex 1.8823230e-01 1.8823230e-01 -1.0726374e+00
      vertex 1.2608719e-01 1.2608719e-01 -1.1055855e+00
      vertex 1.2608719e-01 1.6630946e-01 -1.0945603e+00
    endloop
  endfacet
  facet normal 2.5664479e-01 2.3975912e-01 -9.3629533e-01
    outer loop
      vertex 1.8823230e-01 1.8823230e-01 -1.0726374e+00
      vertex 1.6630946e-01 1.2608719e-01 -1.0945603e+00
      vertex 1.2608719e-01 1.2608719e-01 -1.1055855e+00
    endloop
  endfacet
  facet normal 2.7280146e-01 2.0751829e-01 9.3942297e-01
    outer loop
      vertex 3.0917376e-01 1.2608719e-01 1.0656954e+00
      vertex 3.7826109e-01 1.2608719e-01 1.0456330e+00
      vertex 2.8241271e-01 2.8241271e-01 1.0389344e+00
    endloop
  endfacet
  facet normal 2.7280211e-01 2.0751868e-01 9.3942267e-01
    outer loop
      vertex 2.8241271e-01 2.8241271e-01 1.0389344e+00
      vertex 3.7826109e-01 1.2608719e-01 1.0456330e+00
      vertex 3.7826109e-01 2.5961494e-01 1.0161366e+00
    endloop
  endfacet
  facet normal 2.8210387e-01 2.6358396e-01 9.2246461e-01
    outer loop
      vertex 3.7826109e-01 3.7826109e-01 9.8223484e-01
      vertex 2.8241271e-01 2.8241271e-01 1.0389344e+00
      vertex 3.7826109e-01 2.5961494e-01 1.0161366e+00
    endloop
  endfacet
  facet normal 2.6358396e-01 2.8210387e-01 9.2246461e-01
    outer loop
      vertex 2.5961494e-01 3.7826109e-01 1.0161366e+00
      vertex 2.8241271e-01 2.8241271e-01 1.0389344e+00
      vertex 3.7826109e-01 3.7826109e-01 9.8223484e-01
    endloop
  endfacet
  facet normal 2.0751916e-01 2.7280289e-01 9.3942237e-01
    outer loop
      vertex 1.2608719e-01 3.0917376e-01 1.0656955e+00
      vertex 2.8241271e-01 2.8241271e-01 1.0389344e+00
      vertex 1.2608719e-01 3.7826109e-01 1.0456330e+00
    endloop
  endfacet
  facet normal 2.0751868e-01 2.7280211e-01 9.3942267e-01
    outer loop
      vertex 2.8241271e-01 2.8241271e-01 1.0389344e+00
      vertex 2.5961494e-01 3.7826109e-01 1.0161366e+00
      vertex 1.2608719e-01 3.7826109e-01 1.0456330e+00
    endloop
  endfacet
  facet normal 1.9960724e-01 2.0859066e-01 9.5741683e-01
    outer loop
      vertex 1.2608719e-01 3.0917376e-01 1.0656955e+00
      vertex 1.2608719e-01 1.2608719e-01 1.1055843e+00
      vertex 2.8241271e-01 2.8241271e-01 1.0389344e+00
    endloop
  endfacet
  facet normal 2.0859128e-01 1.9960661e-01 9.5741683e-01
    outer loop
      vertex 1.2608719e-01 1.2608719e-01 1.1055843e+00
      vertex 3.0917376e-01 1.2608719e-01 1.0656954e+00
      vertex 2.8241271e-01 2.8241271e-01 1.0389344e+00
    endloop
  endfacet
  facet normal 2.0181127e-01 4.5464239e-01 -8.6750937e-01
    outer loop
      vertex 2.4843386e-01 3.7826109e-01 -1.0124359e+00
      vertex 3.7826109e-01 5.6835723e-01 -8.8260865e-01
      vertex 3.7826109e-01 3.7826109e-01 -9.8223382e-01
    endloop
  endfacet
  facet normal 2.3434198e-01 4.1917545e-01 -8.7714064e-01
    outer loop
      vertex 1.2608719e-01 5.6669378e-01 -9.4634986e-01
      vertex 1.2608719e-01 6.3043499e-01 -9.1588867e-01
      vertex 2.5065407e-01 6.3043499e-01 -8.8260865e-01
    endloop
  endfacet
  facet normal 2.0943199e-01 4.5580503e-01 -8.6508960e-01
    outer loop
      vertex 1.2608719e-01 5.6669378e-01 -9.4634986e-01
      vertex 2.5065407e-01 6.3043499e-01 -8.8260865e-01
      vertex 1.2608719e-01 3.7826109e-01 -1.0456327e+00
    endloop
  endfacet
  facet normal 2.0943207e-01 4.5580500e-01 -8.6508960e-01
    outer loop
      vertex 2.5065407e-01 6.3043499e-01 -8.8260865e-01
      vertex 3.3808744e-01 5.9026134e-01 -8.8260865e-01
      vertex 1.2608719e-01 3.7826109e-01 -1.0456327e+00
    endloop
  endfacet
  facet normal 2.3605201e-01 4.3293688e-01 -8.6996847e-01
    outer loop
      vertex 1.2608719e-01 3.7826109e-01 -1.0456327e+00
      vertex 3.3808744e-01 5.9026134e-01 -8.8260865e-01
      vertex 2.4843386e-01 3.7826109e-01 -1.0124359e+00
    endloop
  endfacet
  facet normal 2.3605251e-01 4.3293661e-01 -8.6996847e-01
    outer loop
      vertex 3.3808744e-01 5.9026134e-01 -8.8260865e-01
      vertex 3.7826109e-01 5.6835723e-01 -8.8260865e-01
      vertex 2.4843386e-01 3.7826109e-01 -1.0124359e+00
    endloop
  endfacet
  facet normal 2.7889279e-01 5.1150852e-01 -8.1275940e-01
    outer loop
      vertex 3.7826109e-01 6.3043499e-01 -8.4354013e-01
      vertex 3.7826109e-01 5.6835723e-01 -8.8260865e-01
      vertex 3.3808744e-01 5.9026134e-01 -8.8260865e-01
    endloop
  endfacet
  facet normal 2.4689509e-01 5.3733903e-01 -8.0641770e-01
    outer loop
      vertex 3.7826109e-01 6.3043499e-01 -8.4354013e-01
      vertex 3.3808744e-01 5.9026134e-01 -8.8260865e-01
      vertex 2.5065407e-01 6.3043499e-01 -8.8260865e-01
    endloop
  endfacet
  facet normal 3.2483897e-01 4.6182415e-01 8.2534730e-01
    outer loop
      vertex 3.7826109e-01 6.0919863e-01 8.6137253e-01
      vertex 3.6130410e-01 6.1347800e-01 8.6565191e-01
      vertex 3.7826109e-01 5.7124615e-01 8.8260889e-01
    endloop
  endfacet
  facet normal 3.3101651e-01 5.3291196e-01 7.7873808e-01
    outer loop
      vertex 3.7826109e-01 6.3043499e-01 8.4683990e-01
      vertex 3.6130410e-01 6.1347800e-01 8.6565191e-01
      vertex 3.7826109e-01 6.0919863e-01 8.6137253e-01
    endloop
  endfacet
  facet normal 2.3358853e-01 6.0811490e-01 7.5870466e-01
    outer loop
      vertex 3.5091224e-01 6.3043499e-01 8.5526001e-01
      vertex 3.6130410e-01 6.1347800e-01 8.6565191e-01
      vertex 3.7826109e-01 6.3043499e-01 8.4683990e-01
    endloop
  endfacet
  facet normal 2.1783389e-01 6.0354209e-01 7.6699758e-01
    outer loop
      vertex 2.5461629e-01 6.3043499e-01 8.8260889e-01
      vertex 3.6130410e-01 6.1347800e-01 8.6565191e-01
      vertex 3.5091224e-01 6.3043499e-01 8.5526001e-01
    endloop
  endfacet
  facet normal 2.1121931e-01 4.7424009e-01 8.5468292e-01
    outer loop
      vertex 3.4016085e-01 5.9233475e-01 8.8260889e-01
      vertex 3.6130410e-01 6.1347800e-01 8.6565191e-01
      vertex 2.5461629e-01 6.3043499e-01 8.8260889e-01
    endloop
  endfacet
  facet normal 2.4610022e-01 4.4462302e-01 8.6124623e-01
    outer loop
      vertex 3.7826109e-01 5.7124615e-01 8.8260889e-01
      vertex 3.6130410e-01 6.1347800e-01 8.6565191e-01
      vertex 3.4016085e-01 5.9233475e-01 8.8260889e-01
    endloop
  endfacet
  facet normal 2.5315425e-01 3.8856310e-01 8.8596374e-01
    outer loop
      vertex 2.5961494e-01 3.7826109e-01 1.0161366e+00
      vertex 3.7826109e-01 3.7826109e-01 9.8223484e-01
      vertex 2.2565237e-01 4.7782627e-01 9.8217410e-01
    endloop
  endfacet
  facet normal 2.5315413e-01 3.8856298e-01 8.8596374e-01
    outer loop
      vertex 2.2565237e-01 4.7782627e-01 9.8217410e-01
      vertex 3.7826109e-01 3.7826109e-01 9.8223484e-01
      vertex 3.7826109e-01 4.4751421e-01 9.5186204e-01
    endloop
  endfacet
  facet normal 2.6096666e-01 4.7148189e-01 8.4237832e-01
    outer loop
      vertex 3.4016085e-01 5.9233475e-01 8.8260889e-01
      vertex 2.2565237e-01 4.7782627e-01 9.8217410e-01
      vertex 3.7826109e-01 5.7124615e-01 8.8260889e-01
    endloop
  endfacet
  facet normal 2.6096681e-01 4.7148180e-01 8.4237838e-01
    outer loop
      vertex 2.2565237e-01 4.7782627e-01 9.8217410e-01
      vertex 3.7826109e-01 4.4751421e-01 9.5186204e-01
      vertex 3.7826109e-01 5.7124615e-01 8.8260889e-01
    endloop
  endfacet
  facet normal 2.2376734e-01 5.0241351e-01 8.3516991e-01
    outer loop
      vertex 3.4016085e-01 5.9233475e-01 8.8260889e-01
      vertex 2.5461629e-01 6.3043499e-01 8.8260889e-01
      vertex 2.2565237e-01 4.7782627e-01 9.8217410e-01
    endloop
  endfacet
  facet normal 2.2376721e-01 5.0241363e-01 8.3516997e-01
    outer loop
      vertex 2.2565237e-01 4.7782627e-01 9.8217410e-01
      vertex 2.5461629e-01 6.3043499e-01 8.8260889e-01
      vertex 1.5324706e-01 6.3043499e-01 9.0976876e-01
    endloop
  endfacet
  facet normal 1.9132936e-01 4.9335834e-01 8.4852260e-01
    outer loop
      vertex 1.2608719e-01 4.9202260e-01 9.9637038e-01
      vertex 2.2565237e-01 4.7782627e-01 9.8217410e-01
      vertex 1.2608719e-01 6.3043499e-01 9.1589296e-01
    endloop
  endfacet
  facet normal 1.9133057e-01 4.9335897e-01 8.4852201e-01
    outer loop
      vertex 2.2565237e-01 4.7782627e-01 9.8217410e-01
      vertex 1.5324706e-01 6.3043499e-01 9.0976876e-01
      vertex 1.2608719e-01 6.3043499e-01 9.1589296e-01
    endloop
  endfacet
  facet normal 1.8428959e-01 3.9056978e-01 9.0193826e-01
    outer loop
      vertex 1.2608719e-01 4.9202260e-01 9.9637038e-01
      vertex 1.2608719e-01 3.7826109e-01 1.0456330e+00
      vertex 2.2565237e-01 4.7782627e-01 9.8217410e-01
    endloop
  endfacet
  facet normal 1.9981068e-01 3.7669995e-01 9.0452904e-01
    outer loop
      vertex 1.2608719e-01 3.7826109e-01 1.0456330e+00
      vertex 2.5961494e-01 3.7826109e-01 1.0161366e+00
      vertex 2.2565237e-01 4.7782627e-01 9.8217410e-01
    endloop
  endfacet
  facet normal 1.4932305e-01 5.8283377e-01 -7.9875368e-01
    outer loop
      vertex 1.2608719e-01 6.3043499e-01 -9.1588867e-01
      vertex 1.2608719e-01 6.7604411e-01 -8.8260865e-01
      vertex 1.6239436e-01 6.6674215e-01 -8.8260865e-01
    endloop
  endfacet
  facet normal 2.1863808e-01 5.3149122e-01 -8.1836092e-01
    outer loop
      vertex 1.2608719e-01 6.3043499e-01 -9.1588867e-01
      vertex 1.6239436e-01 6.6674215e-01 -8.8260865e-01
      vertex 2.5065407e-01 6.3043499e-01 -8.8260865e-01
    endloop
  endfacet
  facet normal 2.3116204e-01 6.1359107e-01 -7.5502992e-01
    outer loop
      vertex 3.7826109e-01 8.3899081e-01 -6.7405283e-01
      vertex 3.7826109e-01 6.3043499e-01 -8.4354013e-01
      vertex 2.5065407e-01 6.3043499e-01 -8.8260865e-01
    endloop
  endfacet
  facet normal 2.4869882e-01 6.0456640e-01 -7.5673532e-01
    outer loop
      vertex 2.5065407e-01 6.3043499e-01 -8.8260865e-01
      vertex 1.6239436e-01 6.6674215e-01 -8.8260865e-01
      vertex 3.7826109e-01 8.3899081e-01 -6.7405283e-01
    endloop
  endfacet
  facet normal 2.4869880e-01 6.0456610e-01 -7.5673562e-01
    outer loop
      vertex 1.6239436e-01 6.6674215e-01 -8.8260865e-01
      vertex 3.7826109e-01 8.8260889e-01 -6.3920575e-01
      vertex 3.7826109e-01 8.3899081e-01 -6.7405283e-01
    endloop
  endfacet
  facet normal 1.6868412e-01 6.5840352e-01 -7.3351926e-01
    outer loop
      vertex 1.6239436e-01 6.6674215e-01 -8.8260865e-01
      vertex 1.2608719e-01 6.7604411e-01 -8.8260865e-01
      vertex 3.7826109e-01 8.8260889e-01 -6.3920575e-01
    endloop
  endfacet
  facet normal 1.6868314e-01 6.5840465e-01 -7.3351842e-01
    outer loop
      vertex 1.2608719e-01 6.7604411e-01 -8.8260865e-01
      vertex 3.6687070e-01 8.8260889e-01 -6.4182514e-01
      vertex 3.7826109e-01 8.8260889e-01 -6.3920575e-01
    endloop
  endfacet
  facet normal 1.7026483e-01 6.5729445e-01 -7.3414850e-01
    outer loop
      vertex 3.6687070e-01 8.8260889e-01 -6.4182514e-01
      vertex 1.2608719e-01 6.7604411e-01 -8.8260865e-01
      vertex 1.2608719e-01 8.8260889e-01 -6.9766802e-01
    endloop
  endfacet
  facet normal 2.4671911e-01 5.4494262e-01 8.0135334e-01
    outer loop
      vertex 3.5091224e-01 6.3043499e-01 8.5526001e-01
      vertex 3.7826109e-01 6.3043499e-01 8.4683990e-01
      vertex 2.7400348e-01 7.7835131e-01 7.7835131e-01
    endloop
  endfacet
  facet normal 2.4671938e-01 5.4494274e-01 8.0135322e-01
    outer loop
      vertex 2.7400348e-01 7.7835131e-01 7.7835131e-01
      vertex 3.7826109e-01 6.3043499e-01 8.4683990e-01
      vertex 3.7826109e-01 7.5924528e-01 7.5924528e-01
    endloop
  endfacet
  facet normal 2.5052583e-01 6.4611334e-01 7.2095370e-01
    outer loop
      vertex 3.7826109e-01 8.8260889e-01 6.4868772e-01
      vertex 2.7400348e-01 7.7835131e-01 7.7835131e-01
      vertex 3.7826109e-01 7.5924528e-01 7.5924528e-01
    endloop
  endfacet
  facet normal 1.5834504e-01 7.0341969e-01 6.9291246e-01
    outer loop
      vertex 1.8785232e-01 8.8260889e-01 6.9220012e-01
      vertex 2.7400348e-01 7.7835131e-01 7.7835131e-01
      vertex 3.7826109e-01 8.8260889e-01 6.4868772e-01
    endloop
  endfacet
  facet normal 1.4977667e-01 7.0041436e-01 6.9784427e-01
    outer loop
      vertex 1.2608719e-01 7.9419559e-01 7.9419559e-01
      vertex 2.7400348e-01 7.7835131e-01 7.7835131e-01
      vertex 1.2608719e-01 8.8260889e-01 7.0545667e-01
    endloop
  endfacet
  facet normal 1.4977714e-01 7.0041472e-01 6.9784385e-01
    outer loop
      vertex 2.7400348e-01 7.7835131e-01 7.7835131e-01
      vertex 1.8785232e-01 8.8260889e-01 6.9220012e-01
      vertex 1.2608719e-01 8.8260889e-01 7.0545667e-01
    endloop
  endfacet
  facet normal 1.4846876e-01 5.9977186e-01 7.8627652e-01
    outer loop
      vertex 1.2608719e-01 7.9419559e-01 7.9419559e-01
      vertex 1.2608719e-01 6.7828935e-01 8.8260889e-01
      vertex 2.7400348e-01 7.7835131e-01 7.7835131e-01
    endloop
  endfacet
  facet normal 1.4846869e-01 5.9977198e-01 7.8627640e-01
    outer loop
      vertex 2.7400348e-01 7.7835131e-01 7.7835131e-01
      vertex 1.2608719e-01 6.7828935e-01 8.8260889e-01
      vertex 1.6444612e-01 6.6879392e-01 8.8260889e-01
    endloop
  endfacet
  facet normal 2.2987992e-01 5.4037726e-01 8.0941194e-01
    outer loop
      vertex 3.5091224e-01 6.3043499e-01 8.5526001e-01
      vertex 2.7400348e-01 7.7835131e-01 7.7835131e-01
      vertex 2.5461629e-01 6.3043499e-01 8.8260889e-01
    endloop
  endfacet
  facet normal 2.2987968e-01 5.4037726e-01 8.0941194e-01
    outer loop
      vertex 2.7400348e-01 7.7835131e-01 7.7835131e-01
      vertex 1.6444612e-01 6.6879392e-01 8.8260889e-01
      vertex 2.5461629e-01 6.3043499e-01 8.8260889e-01
    endloop
  endfacet
  facet normal 2.2442551e-01 4.9801010e-01 8.3762705e-01
    outer loop
      vertex 1.5324706e-01 6.3043499e-01 9.0976876e-01
      vertex 2.5461629e-01 6.3043499e-01 8.8260889e-01
      vertex 1.4457695e-01 6.4892477e-01 9.0109867e-01
    endloop
  endfacet
  facet normal 2.2651027e-01 5.3245676e-01 8.1558746e-01
    outer loop
      vertex 2.5461629e-01 6.3043499e-01 8.8260889e-01
      vertex 1.6444612e-01 6.6879392e-01 8.8260889e-01
      vertex 1.4457695e-01 6.4892477e-01 9.0109867e-01
    endloop
  endfacet
  facet normal 1.4641257e-01 5.9146607e-01 7.9292583e-01
    outer loop
      vertex 1.6444612e-01 6.6879392e-01 8.8260889e-01
      vertex 1.2608719e-01 6.7828935e-01 8.8260889e-01
      vertex 1.4457695e-01 6.4892477e-01 9.0109867e-01
    endloop
  endfacet
  facet normal 1.4465234e-01 5.9085006e-01 7.9370773e-01
    outer loop
      vertex 1.2608719e-01 6.7828935e-01 8.8260889e-01
      vertex 1.2608719e-01 6.5085649e-01 9.0303040e-01
      vertex 1.4457695e-01 6.4892477e-01 9.0109867e-01
    endloop
  endfacet
  facet normal 1.4260912e-01 5.2750188e-01 8.3749890e-01
    outer loop
      vertex 1.2608719e-01 6.5085649e-01 9.0303040e-01
      vertex 1.2608719e-01 6.3043499e-01 9.1589296e-01
      vertex 1.4457695e-01 6.4892477e-01 9.0109867e-01
    endloop
  endfacet
  facet normal 1.9187342e-01 4.8898333e-01 8.5092884e-01
    outer loop
      vertex 1.2608719e-01 6.3043499e-01 9.1589296e-01
      vertex 1.5324706e-01 6.3043499e-01 9.0976876e-01
      vertex 1.4457695e-01 6.4892477e-01 9.0109867e-01
    endloop
  endfacet
  facet normal 1.4289916e-01 7.7035475e-01 -6.2139642e-01
    outer loop
      vertex 3.6687070e-01 8.8260889e-01 -6.4182514e-01
      vertex 3.7826109e-01 8.8968390e-01 -6.3043475e-01
      vertex 3.7826109e-01 8.8260889e-01 -6.3920575e-01
    endloop
  endfacet
  facet normal 1.2896733e-01 7.7659184e-01 -6.1666232e-01
    outer loop
      vertex 1.2608719e-01 8.8260889e-01 -6.9766802e-01
      vertex 1.2608719e-01 9.3599629e-01 -6.3043475e-01
      vertex 1.7187127e-01 9.2839301e-01 -6.3043475e-01
    endloop
  endfacet
  facet normal 1.4430761e-01 7.6942188e-01 -6.2222606e-01
    outer loop
      vertex 1.2608719e-01 8.8260889e-01 -6.9766802e-01
      vertex 1.7187127e-01 9.2839301e-01 -6.3043475e-01
      vertex 3.6687070e-01 8.8260889e-01 -6.4182514e-01
    endloop
  endfacet
  facet normal 1.4430773e-01 7.6942223e-01 -6.2222564e-01
    outer loop
      vertex 1.7187127e-01 9.2839301e-01 -6.3043475e-01
      vertex 3.7826109e-01 8.8968390e-01 -6.3043475e-01
      vertex 3.6687070e-01 8.8260889e-01 -6.4182514e-01
    endloop
  endfacet
  facet normal 1.6160917e-01 9.1484213e-01 -3.7006259e-01
    outer loop
      vertex 3.7826109e-01 8.9379930e-01 -6.1924434e-01
      vertex 1.9241032e-01 9.4893205e-01 -5.6411159e-01
      vertex 3.7826109e-01 9.9127948e-01 -3.7826085e-01
    endloop
  endfacet
  facet normal 1.7336160e-01 9.2433208e-01 -3.3993527e-01
    outer loop
      vertex 1.7187127e-01 9.2839301e-01 -6.3043475e-01
      vertex 1.9241032e-01 9.4893205e-01 -5.6411159e-01
      vertex 3.7826109e-01 8.8968390e-01 -6.3043475e-01
    endloop
  endfacet
  facet normal 1.7336221e-01 9.2433238e-01 -3.3993402e-01
    outer loop
      vertex 1.9241032e-01 9.4893205e-01 -5.6411159e-01
      vertex 3.7826109e-01 8.9379930e-01 -6.1924434e-01
      vertex 3.7826109e-01 8.8968390e-01 -6.3043475e-01
    endloop
  endfacet
  facet normal 1.5432510e-01 9.2928660e-01 -3.3557433e-01
    outer loop
      vertex 1.7187127e-01 9.2839301e-01 -6.3043475e-01
      vertex 1.2608719e-01 9.3599629e-01 -6.3043475e-01
      vertex 1.9241032e-01 9.4893205e-01 -5.6411159e-01
    endloop
  endfacet
  facet normal 1.9603756e-01 9.0691632e-01 -3.7292364e-01
    outer loop
      vertex 1.2608719e-01 9.3599629e-01 -6.3043475e-01
      vertex 1.2608719e-01 9.7328037e-01 -5.3976327e-01
      vertex 1.9241032e-01 9.4893205e-01 -5.6411159e-01
    endloop
  endfacet
  facet normal 1.7918281e-01 8.9549357e-01 -4.0741217e-01
    outer loop
      vertex 1.2608719e-01 9.7328037e-01 -5.3976327e-01
      vertex 1.2608719e-01 1.0467572e+00 -3.7826085e-01
      vertex 1.9241032e-01 9.4893205e-01 -5.6411159e-01
    endloop
  endfacet
  facet normal 1.7918308e-01 8.9549363e-01 -4.0741205e-01
    outer loop
      vertex 1.9241032e-01 9.4893205e-01 -5.6411159e-01
      vertex 1.2608719e-01 1.0467572e+00 -3.7826085e-01
      vertex 2.6286671e-01 1.0193884e+00 -3.7826085e-01
    endloop
  endfacet
  facet normal 2.1517110e-01 8.8333184e-01 -4.1644466e-01
    outer loop
      vertex 3.7826109e-01 9.9127948e-01 -3.7826085e-01
      vertex 1.9241032e-01 9.4893205e-01 -5.6411159e-01
      vertex 2.6286671e-01 1.0193884e+00 -3.7826085e-01
    endloop
  endfacet
  facet normal 2.2306420e-01 9.4893658e-01 -2.2307321e-01
    outer loop
      vertex 3.7826109e-01 1.0197065e+00 -2.4116328e-01
      vertex 2.9023582e-01 1.0467575e+00 -2.1411222e-01
      vertex 3.7826109e-01 1.0467583e+00 -1.2608695e-01
    endloop
  endfacet
  facet normal 2.3200873e-01 9.5245463e-01 -1.9748946e-01
    outer loop
      vertex 2.6286671e-01 1.0193884e+00 -3.7826085e-01
      vertex 2.9023582e-01 1.0467575e+00 -2.1411222e-01
      vertex 3.7826109e-01 9.9127948e-01 -3.7826085e-01
    endloop
  endfacet
  facet normal 2.3200729e-01 9.5245486e-01 -1.9749027e-01
    outer loop
      vertex 2.9023582e-01 1.0467575e+00 -2.1411222e-01
      vertex 3.7826109e-01 1.0197065e+00 -2.4116328e-01
      vertex 3.7826109e-01 9.9127948e-01 -3.7826085e-01
    endloop
  endfacet
  facet normal 1.9253394e-01 9.6221668e-01 -1.9253534e-01
    outer loop
      vertex 2.6286671e-01 1.0193884e+00 -3.7826085e-01
      vertex 1.2608719e-01 1.0467572e+00 -3.7826085e-01
      vertex 2.9023582e-01 1.0467575e+00 -2.1411222e-01
    endloop
  endfacet
  facet normal 2.1610139e-01 9.5215535e-01 -2.1610276e-01
    outer loop
      vertex 1.2608719e-01 1.0467572e+00 -3.7826085e-01
      vertex 1.2608719e-01 1.0949507e+00 -1.6591904e-01
      vertex 2.9023582e-01 1.0467575e+00 -2.1411222e-01
    endloop
  endfacet
  facet normal 2.0356427e-01 9.4592237e-01 -2.5257191e-01
    outer loop
      vertex 1.2608719e-01 1.0949507e+00 -1.6591904e-01
      vertex 1.2608719e-01 1.1055863e+00 -1.2608695e-01
      vertex 2.9023582e-01 1.0467575e+00 -2.1411222e-01
    endloop
  endfacet
  facet normal 2.0356475e-01 9.4592243e-01 -2.5257102e-01
    outer loop
      vertex 2.9023582e-01 1.0467575e+00 -2.1411222e-01
      vertex 1.2608719e-01 1.1055863e+00 -1.2608695e-01
      vertex 3.0957717e-01 1.0660988e+00 -1.2608695e-01
    endloop
  endfacet
  facet normal 2.6160643e-01 9.2904228e-01 -2.6161525e-01
    outer loop
      vertex 3.7826109e-01 1.0467583e+00 -1.2608695e-01
      vertex 2.9023582e-01 1.0467575e+00 -2.1411222e-01
      vertex 3.0957717e-01 1.0660988e+00 -1.2608695e-01
    endloop
  endfacet
  facet normal 2.7104637e-01 9.6256626e-01 -0.0000000e+00
    outer loop
      vertex 3.7826109e-01 1.0467583e+00 3.8062565e-02
      vertex 3.0957717e-01 1.0660988e+00 5.7403184e-02
      vertex 3.7826109e-01 1.0467583e+00 1.2608719e-01
    endloop
  endfacet
  facet normal 2.7104637e-01 9.6256632e-01 -0.0000000e+00
    outer loop
      vertex 3.0957717e-01 1.0660988e+00 -1.2608695e-01
      vertex 3.0957717e-01 1.0660988e+00 5.7403184e-02
      vertex 3.7826109e-01 1.0467583e+00 -1.2608695e-01
    endloop
  endfacet
  facet normal 2.7104637e-01 9.6256632e-01 0.0000000e+00
    outer loop
      vertex 3.0957717e-01 1.0660988e+00 5.7403184e-02
      vertex 3.7826109e-01 1.0467583e+00 3.8062565e-02
      vertex 3.7826109e-01 1.0467583e+00 -1.2608695e-01
    endloop
  endfacet
  facet normal 2.1038581e-01 9.7761846e-01 -0.0000000e+00
    outer loop
      vertex 3.0957717e-01 1.0660988e+00 -1.2608695e-01
      vertex 1.2608719e-01 1.1055863e+00 -1.2608695e-01
      vertex 3.0957717e-01 1.0660988e+00 5.7403184e-02
    endloop
  endfacet
  facet normal 2.1038580e-01 9.7761846e-01 -0.0000000e+00
    outer loop
      vertex 1.2608719e-01 1.1055863e+00 -1.2608695e-01
      vertex 1.2608719e-01 1.1055863e+00 9.6890643e-02
      vertex 3.0957717e-01 1.0660988e+00 5.7403184e-02
    endloop
  endfacet
  facet normal 2.1038583e-01 9.7761846e-01 -0.0000000e+00
    outer loop
      vertex 1.2608719e-01 1.1055863e+00 9.6890643e-02
      vertex 1.2608719e-01 1.1055863e+00 1.2608719e-01
      vertex 3.0957717e-01 1.0660988e+00 5.7403184e-02
    endloop
  endfacet
  facet normal 2.1038580e-01 9.7761840e-01 -0.0000000e+00
    outer loop
      vertex 3.0957717e-01 1.0660988e+00 5.7403184e-02
      vertex 1.2608719e-01 1.1055863e+00 1.2608719e-01
      vertex 3.0957717e-01 1.0660988e+00 1.2608719e-01
    endloop
  endfacet
  facet normal 2.7104640e-01 9.6256638e-01 0.0000000e+00
    outer loop
      vertex 3.7826109e-01 1.0467583e+00 1.2608719e-01
      vertex 3.0957717e-01 1.0660988e+00 5.7403184e-02
      vertex 3.0957717e-01 1.0660988e+00 1.2608719e-01
    endloop
  endfacet
  facet normal 2.7275580e-01 9.3475127e-01 2.2769359e-01
    outer loop
      vertex 3.7826109e-01 1.0193894e+00 2.6286775e-01
      vertex 2.8479785e-01 1.0413196e+00 2.8479785e-01
      vertex 3.7826109e-01 9.9128103e-01 3.7826109e-01
    endloop
  endfacet
  facet normal 2.6615474e-01 9.4519466e-01 1.8912593e-01
    outer loop
      vertex 3.0957717e-01 1.0660988e+00 1.2608719e-01
      vertex 2.8479785e-01 1.0413196e+00 2.8479785e-01
      vertex 3.7826109e-01 1.0467583e+00 1.2608719e-01
    endloop
  endfacet
  facet normal 2.6615688e-01 9.4519389e-01 1.8912718e-01
    outer loop
      vertex 2.8479785e-01 1.0413196e+00 2.8479785e-01
      vertex 3.7826109e-01 1.0193894e+00 2.6286775e-01
      vertex 3.7826109e-01 1.0467583e+00 1.2608719e-01
    endloop
  endfacet
  facet normal 2.0685762e-01 9.6122366e-01 1.8237053e-01
    outer loop
      vertex 3.0957717e-01 1.0660988e+00 1.2608719e-01
      vertex 1.2608719e-01 1.1055863e+00 1.2608719e-01
      vertex 2.8479785e-01 1.0413196e+00 2.8479785e-01
    endloop
  endfacet
  facet normal 1.8237045e-01 9.6122366e-01 2.0685771e-01
    outer loop
      vertex 1.2608719e-01 1.1055863e+00 1.2608719e-01
      vertex 1.2608719e-01 1.0660988e+00 3.0957711e-01
      vertex 2.8479785e-01 1.0413196e+00 2.8479785e-01
    endloop
  endfacet
  facet normal 1.8912616e-01 9.4519389e-01 2.6615757e-01
    outer loop
      vertex 1.2608719e-01 1.0660988e+00 3.0957711e-01
      vertex 1.2608719e-01 1.0467581e+00 3.7826109e-01
      vertex 2.8479785e-01 1.0413196e+00 2.8479785e-01
    endloop
  endfacet
  facet normal 1.8912654e-01 9.4519353e-01 2.6615822e-01
    outer loop
      vertex 2.8479785e-01 1.0413196e+00 2.8479785e-01
      vertex 1.2608719e-01 1.0467581e+00 3.7826109e-01
      vertex 2.6286757e-01 1.0193893e+00 3.7826109e-01
    endloop
  endfacet
  facet normal 2.2769223e-01 9.3475115e-01 2.7275708e-01
    outer loop
      vertex 3.7826109e-01 9.9128103e-01 3.7826109e-01
      vertex 2.8479785e-01 1.0413196e+00 2.8479785e-01
      vertex 2.6286757e-01 1.0193893e+00 3.7826109e-01
    endloop
  endfacet
  facet normal 2.2944954e-01 9.0611696e-01 3.5539404e-01
    outer loop
      vertex 3.7826109e-01 9.6375418e-01 4.5940635e-01
      vertex 2.3355272e-01 9.9007440e-01 4.8572662e-01
      vertex 3.7826109e-01 8.9667392e-01 6.3043499e-01
    endloop
  endfacet
  facet normal 2.2477195e-01 9.2276239e-01 3.1302890e-01
    outer loop
      vertex 2.6286757e-01 1.0193893e+00 3.7826109e-01
      vertex 2.3355272e-01 9.9007440e-01 4.8572662e-01
      vertex 3.7826109e-01 9.9128103e-01 3.7826109e-01
    endloop
  endfacet
  facet normal 2.2477147e-01 9.2276275e-01 3.1302825e-01
    outer loop
      vertex 2.3355272e-01 9.9007440e-01 4.8572662e-01
      vertex 3.7826109e-01 9.6375418e-01 4.5940635e-01
      vertex 3.7826109e-01 9.9128103e-01 3.7826109e-01
    endloop
  endfacet
  facet normal 1.8681470e-01 9.3363982e-01 3.0564198e-01
    outer loop
      vertex 2.6286757e-01 1.0193893e+00 3.7826109e-01
      vertex 1.2608719e-01 1.0467581e+00 3.7826109e-01
      vertex 2.3355272e-01 9.9007440e-01 4.8572662e-01
    endloop
  endfacet
  facet normal 1.4070828e-01 9.2681843e-01 3.4815043e-01
    outer loop
      vertex 1.2608719e-01 1.0467581e+00 3.7826109e-01
      vertex 1.2608719e-01 1.0019345e+00 4.9758673e-01
      vertex 2.3355272e-01 9.9007440e-01 4.8572662e-01
    endloop
  endfacet
  facet normal 1.4499226e-01 8.9768320e-01 4.1610360e-01
    outer loop
      vertex 1.2608719e-01 1.0019345e+00 4.9758673e-01
      vertex 1.2608719e-01 9.4035530e-01 6.3043499e-01
      vertex 2.3355272e-01 9.9007440e-01 4.8572662e-01
    endloop
  endfacet
  facet normal 1.4499265e-01 8.9768302e-01 4.1610384e-01
    outer loop
      vertex 2.3355272e-01 9.9007440e-01 4.8572662e-01
      vertex 1.2608719e-01 9.4035530e-01 6.3043499e-01
      vertex 1.7580348e-01 9.3232518e-01 6.3043499e-01
    endloop
  endfacet
  facet normal 1.5742040e-01 8.9396423e-01 4.1957930e-01
    outer loop
      vertex 3.7826109e-01 8.9667392e-01 6.3043499e-01
      vertex 2.3355272e-01 9.9007440e-01 4.8572662e-01
      vertex 1.7580348e-01 9.3232518e-01 6.3043499e-01
    endloop
  endfacet
  facet normal 1.5759063e-01 7.0682508e-01 6.8961108e-01
    outer loop
      vertex 1.8785232e-01 8.8260889e-01 6.9220012e-01
      vertex 3.7826109e-01 8.8260889e-01 6.4868772e-01
      vertex 1.5975943e-01 9.1628110e-01 6.6410720e-01
    endloop
  endfacet
  facet normal 1.5759082e-01 7.0682746e-01 6.8960863e-01
    outer loop
      vertex 1.5975943e-01 9.1628110e-01 6.6410720e-01
      vertex 3.7826109e-01 8.8260889e-01 6.4868772e-01
      vertex 3.7826109e-01 8.9162272e-01 6.3944882e-01
    endloop
  endfacet
  facet normal 1.5183565e-01 8.6224931e-01 4.8318940e-01
    outer loop
      vertex 1.7580348e-01 9.3232518e-01 6.3043499e-01
      vertex 1.5975943e-01 9.1628110e-01 6.6410720e-01
      vertex 3.7826109e-01 8.9667392e-01 6.3043499e-01
    endloop
  endfacet
  facet normal 1.5183567e-01 8.6224926e-01 4.8318955e-01
    outer loop
      vertex 1.5975943e-01 9.1628110e-01 6.6410720e-01
      vertex 3.7826109e-01 8.9162272e-01 6.3944882e-01
      vertex 3.7826109e-01 8.9667392e-01 6.3043499e-01
    endloop
  endfacet
  facet normal 1.3992928e-01 8.6633438e-01 4.7946274e-01
    outer loop
      vertex 1.7580348e-01 9.3232518e-01 6.3043499e-01
      vertex 1.2608719e-01 9.4035530e-01 6.3043499e-01
      vertex 1.5975943e-01 9.1628110e-01 6.6410720e-01
    endloop
  endfacet
  facet normal 1.1479177e-01 8.5882932e-01 4.9923450e-01
    outer loop
      vertex 1.2608719e-01 9.4035530e-01 6.3043499e-01
      vertex 1.2608719e-01 9.1912729e-01 6.6695338e-01
      vertex 1.5975943e-01 9.1628110e-01 6.6410720e-01
    endloop
  endfacet
  facet normal 1.1865192e-01 7.2043580e-01 6.8329638e-01
    outer loop
      vertex 1.2608719e-01 9.1912729e-01 6.6695338e-01
      vertex 1.2608719e-01 8.8260889e-01 7.0545667e-01
      vertex 1.5975943e-01 9.1628110e-01 6.6410720e-01
    endloop
  endfacet
  facet normal 1.4906953e-01 7.0383418e-01 6.9454724e-01
    outer loop
      vertex 1.2608719e-01 8.8260889e-01 7.0545667e-01
      vertex 1.8785232e-01 8.8260889e-01 6.9220012e-01
      vertex 1.5975943e-01 9.1628110e-01 6.6410720e-01
    endloop
  endfacet
  facet normal 2.4169022e-01 -6.8265164e-01 -6.8961775e-01
    outer loop
      vertex 3.7826109e-01 -8.8701642e-01 -6.3484251e-01
      vertex 3.7826109e-01 -8.8260865e-01 -6.3920575e-01
      vertex 4.0328750e-01 -8.8260865e-01 -6.3043475e-01
    endloop
  endfacet
  facet normal 2.3508772e-01 -8.3157486e-01 -5.0320679e-01
    outer loop
      vertex 3.7826109e-01 -8.8701642e-01 -6.3484251e-01
      vertex 4.0328750e-01 -8.8260865e-01 -6.3043475e-01
      vertex 3.7826109e-01 -8.8968366e-01 -6.3043475e-01
    endloop
  endfacet
  facet normal 2.4759579e-01 -9.3437678e-01 -2.5619608e-01
    outer loop
      vertex 6.1465365e-01 -8.9839000e-01 -3.9404219e-01
      vertex 6.3043499e-01 -8.9510804e-01 -3.9076027e-01
      vertex 6.3043499e-01 -8.9853525e-01 -3.7826085e-01
    endloop
  endfacet
  facet normal 2.5327009e-01 -9.2058992e-01 -2.9726836e-01
    outer loop
      vertex 6.1465365e-01 -8.9839000e-01 -3.9404219e-01
      vertex 6.3043499e-01 -8.8260865e-01 -4.2946878e-01
      vertex 6.3043499e-01 -8.9510804e-01 -3.9076027e-01
    endloop
  endfacet
  facet normal 2.6002556e-01 -9.1978735e-01 -2.9390129e-01
    outer loop
      vertex 3.7826109e-01 -8.8968366e-01 -6.3043475e-01
      vertex 4.0328750e-01 -8.8260865e-01 -6.3043475e-01
      vertex 6.1465365e-01 -8.9839000e-01 -3.9404219e-01
    endloop
  endfacet
  facet normal 2.6002565e-01 -9.1978723e-01 -2.9390138e-01
    outer loop
      vertex 4.0328750e-01 -8.8260865e-01 -6.3043475e-01
      vertex 6.3043499e-01 -8.8260865e-01 -4.2946878e-01
      vertex 6.1465365e-01 -8.9839000e-01 -3.9404219e-01
    endloop
  endfacet
  facet normal 3.3936608e-01 -8.6431593e-01 -3.7119880e-01
    outer loop
      vertex 6.1465365e-01 -8.9839000e-01 -3.9404219e-01
      vertex 3.7826109e-01 -9.6332133e-01 -4.5897353e-01
      vertex 3.7826109e-01 -8.8968366e-01 -6.3043475e-01
    endloop
  endfacet
  facet normal 3.2988766e-01 -8.9202136e-01 -3.0898565e-01
    outer loop
      vertex 3.7826109e-01 -9.6332133e-01 -4.5897353e-01
      vertex 6.1465365e-01 -8.9839000e-01 -3.9404219e-01
      vertex 3.7826109e-01 -9.9127924e-01 -3.7826085e-01
    endloop
  endfacet
  facet normal 3.2988775e-01 -8.9202148e-01 -3.0898494e-01
    outer loop
      vertex 3.7826109e-01 -9.9127924e-01 -3.7826085e-01
      vertex 6.1465365e-01 -8.9839000e-01 -3.9404219e-01
      vertex 6.0597920e-01 -9.0706444e-01 -3.7826085e-01
    endloop
  endfacet
  facet normal 3.1196848e-01 -8.9450902e-01 -3.2020184e-01
    outer loop
      vertex 6.1465365e-01 -8.9839000e-01 -3.9404219e-01
      vertex 6.3043499e-01 -8.9853525e-01 -3.7826085e-01
      vertex 6.0597920e-01 -9.0706444e-01 -3.7826085e-01
    endloop
  endfacet
  facet normal 3.2242027e-01 -9.3465912e-01 -1.4985824e-01
    outer loop
      vertex 5.5815810e-01 -9.5488554e-01 -1.9836381e-01
      vertex 6.3043499e-01 -9.3339807e-01 -1.7687638e-01
      vertex 6.3043499e-01 -9.4154137e-01 -1.2608695e-01
    endloop
  endfacet
  facet normal 3.2499352e-01 -9.3185586e-01 -1.6131909e-01
    outer loop
      vertex 6.0597920e-01 -9.0706444e-01 -3.7826085e-01
      vertex 6.3043499e-01 -8.9853525e-01 -3.7826085e-01
      vertex 5.5815810e-01 -9.5488554e-01 -1.9836381e-01
    endloop
  endfacet
  facet normal 3.2499397e-01 -9.3185574e-01 -1.6131887e-01
    outer loop
      vertex 6.3043499e-01 -8.9853525e-01 -3.7826085e-01
      vertex 6.3043499e-01 -9.3339807e-01 -1.7687638e-01
      vertex 5.5815810e-01 -9.5488554e-01 -1.9836381e-01
    endloop
  endfacet
  facet normal 3.4265715e-01 -9.2655009e-01 -1.5521325e-01
    outer loop
      vertex 5.5815810e-01 -9.5488554e-01 -1.9836381e-01
      vertex 3.7826109e-01 -9.9127924e-01 -3.7826085e-01
      vertex 6.0597920e-01 -9.0706444e-01 -3.7826085e-01
    endloop
  endfacet
  facet normal 3.9752951e-01 -8.9151913e-01 -2.1717249e-01
    outer loop
      vertex 5.5815810e-01 -9.5488554e-01 -1.9836381e-01
      vertex 3.7826109e-01 -1.0193889e+00 -2.6286727e-01
      vertex 3.7826109e-01 -9.9127924e-01 -3.7826085e-01
    endloop
  endfacet
  facet normal 3.8875064e-01 -9.0343451e-01 -1.8077327e-01
    outer loop
      vertex 3.7826109e-01 -1.0193889e+00 -2.6286727e-01
      vertex 5.5815810e-01 -9.5488554e-01 -1.9836381e-01
      vertex 3.7826109e-01 -1.0467581e+00 -1.2608695e-01
    endloop
  endfacet
  facet normal 3.8875103e-01 -9.0343451e-01 -1.8077222e-01
    outer loop
      vertex 3.7826109e-01 -1.0467581e+00 -1.2608695e-01
      vertex 5.5815810e-01 -9.5488554e-01 -1.9836381e-01
      vertex 5.3277230e-01 -9.8027134e-01 -1.2608695e-01
    endloop
  endfacet
  facet normal 3.6168671e-01 -9.1204035e-01 -1.9330071e-01
    outer loop
      vertex 5.5815810e-01 -9.5488554e-01 -1.9836381e-01
      vertex 6.3043499e-01 -9.4154137e-01 -1.2608695e-01
      vertex 5.3277230e-01 -9.8027134e-01 -1.2608695e-01
    endloop
  endfacet
  facet normal 3.6863935e-01 -9.2957246e-01 0.0000000e+00
    outer loop
      vertex 5.3277230e-01 -9.8027134e-01 2.8424397e-02
      vertex 6.3043499e-01 -9.4154137e-01 6.7154430e-02
      vertex 6.3043499e-01 -9.4154137e-01 1.2608719e-01
    endloop
  endfacet
  facet normal 3.6863935e-01 -9.2957246e-01 0.0000000e+00
    outer loop
      vertex 5.3277230e-01 -9.8027134e-01 -1.2608695e-01
      vertex 6.3043499e-01 -9.4154137e-01 -1.2608695e-01
      vertex 5.3277230e-01 -9.8027134e-01 2.8424397e-02
    endloop
  endfacet
  facet normal 3.6863938e-01 -9.2957252e-01 0.0000000e+00
    outer loop
      vertex 6.3043499e-01 -9.4154137e-01 -1.2608695e-01
      vertex 6.3043499e-01 -9.4154137e-01 6.7154430e-02
      vertex 5.3277230e-01 -9.8027134e-01 2.8424397e-02
    endloop
  endfacet
  facet normal 3.9526305e-01 -9.1856802e-01 0.0000000e+00
    outer loop
      vertex 5.3277230e-01 -9.8027134e-01 2.8424397e-02
      vertex 3.7826109e-01 -1.0467581e+00 -1.2608695e-01
      vertex 5.3277230e-01 -9.8027134e-01 -1.2608695e-01
    endloop
  endfacet
  facet normal 3.9526305e-01 -9.1856802e-01 0.0000000e+00
    outer loop
      vertex 5.3277230e-01 -9.8027134e-01 2.8424397e-02
      vertex 3.7826109e-01 -1.0467581e+00 -3.8062319e-02
      vertex 3.7826109e-01 -1.0467581e+00 -1.2608695e-01
    endloop
  endfacet
  facet normal 3.9526299e-01 -9.1856802e-01 0.0000000e+00
    outer loop
      vertex 3.7826109e-01 -1.0467581e+00 -3.8062319e-02
      vertex 5.3277230e-01 -9.8027134e-01 2.8424397e-02
      vertex 3.7826109e-01 -1.0467581e+00 1.2608719e-01
    endloop
  endfacet
  facet normal 3.9526302e-01 -9.1856796e-01 0.0000000e+00
    outer loop
      vertex 3.7826109e-01 -1.0467581e+00 1.2608719e-01
      vertex 5.3277230e-01 -9.8027134e-01 2.8424397e-02
      vertex 5.3277230e-01 -9.8027134e-01 1.2608719e-01
    endloop
  endfacet
  facet normal 3.6863935e-01 -9.2957246e-01 0.0000000e+00
    outer loop
      vertex 5.3277230e-01 -9.8027134e-01 2.8424397e-02
      vertex 6.3043499e-01 -9.4154137e-01 1.2608719e-01
      vertex 5.3277230e-01 -9.8027134e-01 1.2608719e-01
    endloop
  endfacet
  facet normal 3.6799610e-01 -9.1784757e-01 1.4877737e-01
    outer loop
      vertex 5.9397960e-01 -9.1906404e-01 3.4180567e-01
      vertex 6.3043499e-01 -9.0162033e-01 3.5924938e-01
      vertex 6.3043499e-01 -8.9853865e-01 3.7826109e-01
    endloop
  endfacet
  facet normal 3.6405721e-01 -9.1801798e-01 1.5717913e-01
    outer loop
      vertex 5.3277230e-01 -9.8027134e-01 1.2608719e-01
      vertex 6.3043499e-01 -9.4154137e-01 1.2608719e-01
      vertex 5.9397960e-01 -9.1906404e-01 3.4180567e-01
    endloop
  endfacet
  facet normal 3.6405742e-01 -9.1801792e-01 1.5717916e-01
    outer loop
      vertex 6.3043499e-01 -9.4154137e-01 1.2608719e-01
      vertex 6.3043499e-01 -9.0162033e-01 3.5924938e-01
      vertex 5.9397960e-01 -9.1906404e-01 3.4180567e-01
    endloop
  endfacet
  facet normal 3.9097661e-01 -9.0860671e-01 1.4687075e-01
    outer loop
      vertex 5.9397960e-01 -9.1906404e-01 3.4180567e-01
      vertex 3.7826109e-01 -1.0467581e+00 1.2608719e-01
      vertex 5.3277230e-01 -9.8027134e-01 1.2608719e-01
    endloop
  endfacet
  facet normal 3.2816967e-01 -9.1955441e-01 2.1615811e-01
    outer loop
      vertex 5.9397960e-01 -9.1906404e-01 3.4180567e-01
      vertex 3.7826109e-01 -1.0197076e+00 2.4116220e-01
      vertex 3.7826109e-01 -1.0467581e+00 1.2608719e-01
    endloop
  endfacet
  facet normal 3.4047633e-01 -9.2067057e-01 1.9089641e-01
    outer loop
      vertex 3.7826109e-01 -1.0197076e+00 2.4116220e-01
      vertex 5.9397960e-01 -9.1906404e-01 3.4180567e-01
      vertex 3.7826109e-01 -9.9128079e-01 3.7826109e-01
    endloop
  endfacet
  facet normal 3.4047624e-01 -9.2067087e-01 1.9089518e-01
    outer loop
      vertex 3.7826109e-01 -9.9128079e-01 3.7826109e-01
      vertex 5.9397960e-01 -9.1906404e-01 3.4180567e-01
      vertex 6.0597414e-01 -9.0706950e-01 3.7826109e-01
    endloop
  endfacet
  facet normal 3.2276362e-01 -9.2547256e-01 1.9830294e-01
    outer loop
      vertex 5.9397960e-01 -9.1906404e-01 3.4180567e-01
      vertex 6.3043499e-01 -8.9853865e-01 3.7826109e-01
      vertex 6.0597414e-01 -9.0706950e-01 3.7826109e-01
    endloop
  endfacet
  facet normal 3.1917593e-01 -9.1518545e-01 2.4609408e-01
    outer loop
      vertex 6.0597414e-01 -9.0706950e-01 3.7826109e-01
      vertex 6.3043499e-01 -8.9853865e-01 3.7826109e-01
      vertex 6.3043499e-01 -8.8260865e-01 4.3750226e-01
    endloop
  endfacet
  facet normal 3.3696485e-01 -9.1117585e-01 2.3709336e-01
    outer loop
      vertex 6.0597414e-01 -9.0706950e-01 3.7826109e-01
      vertex 6.3043499e-01 -8.8260865e-01 4.3750226e-01
      vertex 3.7826109e-01 -9.9128079e-01 3.7826109e-01
    endloop
  endfacet
  facet normal 3.3696494e-01 -9.1117591e-01 2.3709306e-01
    outer loop
      vertex 6.3043499e-01 -8.8260865e-01 4.3750226e-01
      vertex 5.5075139e-01 -8.8260865e-01 5.5075139e-01
      vertex 3.7826109e-01 -9.9128079e-01 3.7826109e-01
    endloop
  endfacet
  facet normal 2.3011433e-01 -9.1051453e-01 3.4352699e-01
    outer loop
      vertex 3.7826109e-01 -9.9128079e-01 3.7826109e-01
      vertex 5.5075139e-01 -8.8260865e-01 5.5075139e-01
      vertex 3.7826109e-01 -9.0433580e-01 6.0870785e-01
    endloop
  endfacet
  facet normal 2.3011424e-01 -9.1051459e-01 3.4352675e-01
    outer loop
      vertex 5.5075139e-01 -8.8260865e-01 5.5075139e-01
      vertex 4.3179548e-01 -8.8260865e-01 6.3043499e-01
      vertex 3.7826109e-01 -9.0433580e-01 6.0870785e-01
    endloop
  endfacet
  facet normal 2.4050085e-01 -9.1539568e-01 3.2281595e-01
    outer loop
      vertex 3.7826109e-01 -9.0433580e-01 6.0870785e-01
      vertex 4.3179548e-01 -8.8260865e-01 6.3043499e-01
      vertex 3.7826109e-01 -8.9667368e-01 6.3043499e-01
    endloop
  endfacet
  facet normal 2.0351782e-01 -7.7463073e-01 5.9877187e-01
    outer loop
      vertex 3.7826109e-01 -8.9667368e-01 6.3043499e-01
      vertex 4.3179548e-01 -8.8260865e-01 6.3043499e-01
      vertex 3.9184120e-01 -8.8260865e-01 6.4401513e-01
    endloop
  endfacet
  facet normal 2.0553230e-01 -7.7519935e-01 5.9734625e-01
    outer loop
      vertex 3.7826109e-01 -8.9667368e-01 6.3043499e-01
      vertex 3.9184120e-01 -8.8260865e-01 6.4401513e-01
      vertex 3.7826109e-01 -8.8260865e-01 6.4868772e-01
    endloop
  endfacet
  facet normal 2.8978100e-01 -5.2790374e-01 -7.9833865e-01
    outer loop
      vertex 5.6213200e-01 -6.9873774e-01 -6.9873774e-01
      vertex 6.3043499e-01 -6.8381369e-01 -6.8381369e-01
      vertex 6.3043499e-01 -7.6453763e-01 -6.3043475e-01
    endloop
  endfacet
  facet normal 2.8570732e-01 -4.7566360e-01 -8.3193475e-01
    outer loop
      vertex 5.6213200e-01 -6.9873774e-01 -6.9873774e-01
      vertex 6.3043499e-01 -6.3043475e-01 -7.1433342e-01
      vertex 6.3043499e-01 -6.8381369e-01 -6.8381369e-01
    endloop
  endfacet
  facet normal 3.8101375e-01 -5.5060428e-01 -7.4274045e-01
    outer loop
      vertex 5.6213200e-01 -6.9873774e-01 -6.9873774e-01
      vertex 4.5816419e-01 -6.3043475e-01 -8.0270553e-01
      vertex 6.3043499e-01 -6.3043475e-01 -7.1433342e-01
    endloop
  endfacet
  facet normal 3.7932879e-01 -5.5242467e-01 -7.4225110e-01
    outer loop
      vertex 3.7826109e-01 -7.5261033e-01 -7.5261033e-01
      vertex 3.7826109e-01 -6.3043475e-01 -8.4354019e-01
      vertex 5.6213200e-01 -6.9873774e-01 -6.9873774e-01
    endloop
  endfacet
  facet normal 3.7932938e-01 -5.5242378e-01 -7.4225146e-01
    outer loop
      vertex 3.7826109e-01 -6.3043475e-01 -8.4354019e-01
      vertex 4.5816419e-01 -6.3043475e-01 -8.0270553e-01
      vertex 5.6213200e-01 -6.9873774e-01 -6.9873774e-01
    endloop
  endfacet
  facet normal 3.8203588e-01 -6.0751110e-01 -6.9640422e-01
    outer loop
      vertex 5.6213200e-01 -6.9873774e-01 -6.9873774e-01
      vertex 3.7826109e-01 -8.8260865e-01 -6.3920575e-01
      vertex 3.7826109e-01 -7.5261033e-01 -7.5261033e-01
    endloop
  endfacet
  facet normal 2.7904594e-01 -5.3683382e-01 -7.9620528e-01
    outer loop
      vertex 3.7826109e-01 -8.8260865e-01 -6.3920575e-01
      vertex 5.6213200e-01 -6.9873774e-01 -6.9873774e-01
      vertex 4.0328750e-01 -8.8260865e-01 -6.3043475e-01
    endloop
  endfacet
  facet normal 2.7904546e-01 -5.3683347e-01 -7.9620564e-01
    outer loop
      vertex 4.0328750e-01 -8.8260865e-01 -6.3043475e-01
      vertex 5.6213200e-01 -6.9873774e-01 -6.9873774e-01
      vertex 6.3043499e-01 -7.6453763e-01 -6.3043475e-01
    endloop
  endfacet
  facet normal -2.6248813e-01 9.1819286e-01 2.9668468e-01
    outer loop
      vertex 6.3043499e-01 -8.3353084e-01 -5.8135694e-01
      vertex 4.0328747e-01 -8.8260865e-01 -6.3043475e-01
      vertex 6.3043499e-01 -8.8260865e-01 -4.2946878e-01
    endloop
  endfacet
  facet normal -2.8849041e-01 5.5500394e-01 7.8022039e-01
    outer loop
      vertex 6.3043499e-01 -8.3353084e-01 -5.8135694e-01
      vertex 6.3043499e-01 -7.6453763e-01 -6.3043475e-01
      vertex 4.0328747e-01 -8.8260865e-01 -6.3043475e-01
    endloop
  endfacet
  facet normal 5.2709824e-01 -7.6460463e-01 3.7087342e-01
    outer loop
      vertex 6.3043499e-01 -7.8902614e-01 6.3043499e-01
      vertex 5.5075139e-01 -8.8260865e-01 5.5075139e-01
      vertex 6.3043499e-01 -8.8260865e-01 4.3750226e-01
    endloop
  endfacet
  facet normal 3.5957968e-01 -7.6324868e-01 5.3679961e-01
    outer loop
      vertex 6.3043499e-01 -7.8902614e-01 6.3043499e-01
      vertex 4.3179548e-01 -8.8260865e-01 6.3043499e-01
      vertex 5.5075139e-01 -8.8260865e-01 5.5075139e-01
    endloop
  endfacet
  facet normal 2.8151187e-01 -4.8453218e-01 8.2823884e-01
    outer loop
      vertex 3.9184120e-01 -8.8260865e-01 6.4401513e-01
      vertex 4.3179548e-01 -8.8260865e-01 6.3043499e-01
      vertex 4.0236557e-01 -8.5850418e-01 6.5453947e-01
    endloop
  endfacet
  facet normal 2.4481598e-01 -5.1964968e-01 8.1855327e-01
    outer loop
      vertex 4.3179548e-01 -8.8260865e-01 6.3043499e-01
      vertex 6.3043499e-01 -7.8902614e-01 6.3043499e-01
      vertex 4.0236557e-01 -8.5850418e-01 6.5453947e-01
    endloop
  endfacet
  facet normal 2.4481593e-01 -5.1964951e-01 8.1855339e-01
    outer loop
      vertex 4.0236557e-01 -8.5850418e-01 6.5453947e-01
      vertex 6.3043499e-01 -7.8902614e-01 6.3043499e-01
      vertex 6.3043499e-01 -6.3043475e-01 7.3111498e-01
    endloop
  endfacet
  facet normal 3.3376846e-01 -5.8258784e-01 7.4107367e-01
    outer loop
      vertex 5.2598417e-01 -6.3043475e-01 7.7815807e-01
      vertex 4.0236557e-01 -8.5850418e-01 6.5453947e-01
      vertex 6.3043499e-01 -6.3043475e-01 7.3111498e-01
    endloop
  endfacet
  facet normal 3.4213820e-01 -5.8431077e-01 7.3588204e-01
    outer loop
      vertex 3.7826109e-01 -8.0409372e-01 7.0894992e-01
      vertex 4.0236557e-01 -8.5850418e-01 6.5453947e-01
      vertex 3.7826109e-01 -6.3043475e-01 8.4683996e-01
    endloop
  endfacet
  facet normal 3.4213865e-01 -5.8431065e-01 7.3588192e-01
    outer loop
      vertex 4.0236557e-01 -8.5850418e-01 6.5453947e-01
      vertex 5.2598417e-01 -6.3043475e-01 7.7815807e-01
      vertex 3.7826109e-01 -6.3043475e-01 8.4683996e-01
    endloop
  endfacet
  facet normal 3.8431099e-01 -5.6210220e-01 7.3235655e-01
    outer loop
      vertex 3.7826109e-01 -8.0409372e-01 7.0894992e-01
      vertex 3.7826109e-01 -8.8260865e-01 6.4868772e-01
      vertex 4.0236557e-01 -8.5850418e-01 6.5453947e-01
    endloop
  endfacet
  facet normal 2.8448921e-01 -4.8521331e-01 8.2682157e-01
    outer loop
      vertex 3.7826109e-01 -8.8260865e-01 6.4868772e-01
      vertex 3.9184120e-01 -8.8260865e-01 6.4401513e-01
      vertex 4.0236557e-01 -8.5850418e-01 6.5453947e-01
    endloop
  endfacet
  facet normal 4.3268576e-01 -3.6211750e-01 -8.2562339e-01
    outer loop
      vertex 3.7826109e-01 -4.4751236e-01 -9.5186019e-01
      vertex 3.7826109e-01 -3.7826085e-01 -9.8223382e-01
      vertex 5.6835949e-01 -3.7826085e-01 -8.8260865e-01
    endloop
  endfacet
  facet normal 4.4520769e-01 -4.4521299e-01 -7.7690119e-01
    outer loop
      vertex 3.7826109e-01 -4.4751236e-01 -9.5186019e-01
      vertex 5.6835949e-01 -3.7826085e-01 -8.8260865e-01
      vertex 3.7826109e-01 -5.6835699e-01 -8.8260865e-01
    endloop
  endfacet
  facet normal 4.1576728e-01 -4.1260901e-01 -8.1048828e-01
    outer loop
      vertex 4.5816419e-01 -6.3043475e-01 -8.0270553e-01
      vertex 4.1732746e-01 -5.9136838e-01 -8.4354228e-01
      vertex 6.3043499e-01 -6.3043475e-01 -7.1433342e-01
    endloop
  endfacet
  facet normal 4.1576761e-01 -4.1260818e-01 -8.1048864e-01
    outer loop
      vertex 6.3043499e-01 -6.3043475e-01 -7.1433342e-01
      vertex 4.1732746e-01 -5.9136838e-01 -8.4354228e-01
      vertex 6.3043499e-01 -5.1892668e-01 -7.7110058e-01
    endloop
  endfacet
  facet normal 4.1628808e-01 -4.1629419e-01 -8.0833364e-01
    outer loop
      vertex 4.1732746e-01 -5.9136838e-01 -8.4354228e-01
      vertex 6.3043499e-01 -3.7826085e-01 -8.4354389e-01
      vertex 6.3043499e-01 -5.1892668e-01 -7.7110058e-01
    endloop
  endfacet
  facet normal 4.7009674e-01 -4.7010234e-01 -7.4700254e-01
    outer loop
      vertex 3.7826109e-01 -5.6835699e-01 -8.8260865e-01
      vertex 5.6835949e-01 -3.7826085e-01 -8.8260865e-01
      vertex 4.1732746e-01 -5.9136838e-01 -8.4354228e-01
    endloop
  endfacet
  facet normal 4.7009665e-01 -4.7010225e-01 -7.4700260e-01
    outer loop
      vertex 5.6835949e-01 -3.7826085e-01 -8.8260865e-01
      vertex 6.3043499e-01 -3.7826085e-01 -8.4354389e-01
      vertex 4.1732746e-01 -5.9136838e-01 -8.4354228e-01
    endloop
  endfacet
  facet normal 5.0078779e-01 -4.2752829e-01 -7.5261611e-01
    outer loop
      vertex 4.1732746e-01 -5.9136838e-01 -8.4354228e-01
      vertex 3.7826109e-01 -6.0794598e-01 -8.6011988e-01
      vertex 3.7826109e-01 -5.6835699e-01 -8.8260865e-01
    endloop
  endfacet
  facet normal 5.1029402e-01 -5.1033098e-01 -6.9221556e-01
    outer loop
      vertex 4.1732746e-01 -5.9136838e-01 -8.4354228e-01
      vertex 3.7826109e-01 -6.3043475e-01 -8.4354019e-01
      vertex 3.7826109e-01 -6.0794598e-01 -8.6011988e-01
    endloop
  endfacet
  facet normal 4.1419086e-01 -4.1423413e-01 -8.1046659e-01
    outer loop
      vertex 4.1732746e-01 -5.9136838e-01 -8.4354228e-01
      vertex 4.5816419e-01 -6.3043475e-01 -8.0270553e-01
      vertex 3.7826109e-01 -6.3043475e-01 -8.4354019e-01
    endloop
  endfacet
  facet normal 3.7865546e-01 -3.8701531e-01 8.4073728e-01
    outer loop
      vertex 5.2598417e-01 -6.3043475e-01 7.7815807e-01
      vertex 6.3043499e-01 -6.3043475e-01 7.3111498e-01
      vertex 5.9466827e-01 -4.1402757e-01 8.4684217e-01
    endloop
  endfacet
  facet normal 3.7865618e-01 -3.8701507e-01 8.4073699e-01
    outer loop
      vertex 5.9466827e-01 -4.1402757e-01 8.4684217e-01
      vertex 6.3043499e-01 -6.3043475e-01 7.3111498e-01
      vertex 6.3043499e-01 -4.4387683e-01 8.1699288e-01
    endloop
  endfacet
  facet normal 3.8253710e-01 -3.8261977e-01 8.4099197e-01
    outer loop
      vertex 6.3043499e-01 -3.7826085e-01 8.4684569e-01
      vertex 5.9466827e-01 -4.1402757e-01 8.4684217e-01
      vertex 6.3043499e-01 -4.4387683e-01 8.1699288e-01
    endloop
  endfacet
  facet normal 4.9167255e-01 -4.9174321e-01 7.1864223e-01
    outer loop
      vertex 6.0920006e-01 -3.7826085e-01 8.6137396e-01
      vertex 5.9466827e-01 -4.1402757e-01 8.4684217e-01
      vertex 6.3043499e-01 -3.7826085e-01 8.4684569e-01
    endloop
  endfacet
  facet normal 4.2732036e-01 -4.8390326e-01 7.6369822e-01
    outer loop
      vertex 5.7124943e-01 -3.7826085e-01 8.8260889e-01
      vertex 5.9466827e-01 -4.1402757e-01 8.4684217e-01
      vertex 6.0920006e-01 -3.7826085e-01 8.6137396e-01
    endloop
  endfacet
  facet normal 4.5939553e-01 -4.5940328e-01 7.6020026e-01
    outer loop
      vertex 3.7826109e-01 -6.3043475e-01 8.4683996e-01
      vertex 5.9466827e-01 -4.1402757e-01 8.4684217e-01
      vertex 3.7826109e-01 -5.7124591e-01 8.8260889e-01
    endloop
  endfacet
  facet normal 4.5939553e-01 -4.5940337e-01 7.6020014e-01
    outer loop
      vertex 5.9466827e-01 -4.1402757e-01 8.4684217e-01
      vertex 5.7124943e-01 -3.7826085e-01 8.8260889e-01
      vertex 3.7826109e-01 -5.7124591e-01 8.8260889e-01
    endloop
  endfacet
  facet normal 3.8848171e-01 -3.8849023e-01 8.3555812e-01
    outer loop
      vertex 3.7826109e-01 -6.3043475e-01 8.4683996e-01
      vertex 5.2598417e-01 -6.3043475e-01 7.7815807e-01
      vertex 5.9466827e-01 -4.1402757e-01 8.4684217e-01
    endloop
  endfacet
  facet normal 4.3885216e-01 -4.3885961e-01 7.8409880e-01
    outer loop
      vertex 3.7826109e-01 -5.7124591e-01 8.8260889e-01
      vertex 5.7124943e-01 -3.7826085e-01 8.8260889e-01
      vertex 4.4751436e-01 -3.7826085e-01 9.5186216e-01
    endloop
  endfacet
  facet normal 3.6310971e-01 -4.2740920e-01 8.2793283e-01
    outer loop
      vertex 3.7826109e-01 -5.7124591e-01 8.8260889e-01
      vertex 4.4751436e-01 -3.7826085e-01 9.5186216e-01
      vertex 3.7826109e-01 -3.7826085e-01 9.8223484e-01
    endloop
  endfacet
  facet normal 4.1938409e-01 -2.4378085e-01 -8.7446427e-01
    outer loop
      vertex 5.8698106e-01 -1.6954090e-01 -9.2606258e-01
      vertex 6.3043499e-01 -1.5324403e-01 -9.0976572e-01
      vertex 6.3043499e-01 -2.5065893e-01 -8.8260865e-01
    endloop
  endfacet
  facet normal 4.0911302e-01 -2.0072605e-01 -8.9013237e-01
    outer loop
      vertex 5.8698106e-01 -1.6954090e-01 -9.2606258e-01
      vertex 6.3043499e-01 -1.2608695e-01 -9.1588968e-01
      vertex 6.3043499e-01 -1.5324403e-01 -9.0976572e-01
    endloop
  endfacet
  facet normal 4.2111385e-01 -2.1481757e-01 -8.8120180e-01
    outer loop
      vertex 5.8698106e-01 -1.6954090e-01 -9.2606258e-01
      vertex 5.6669217e-01 -1.2608695e-01 -9.4635147e-01
      vertex 6.3043499e-01 -1.2608695e-01 -9.1588968e-01
    endloop
  endfacet
  facet normal 4.5748514e-01 -1.9180432e-01 -8.6828482e-01
    outer loop
      vertex 3.7826109e-01 -2.5961471e-01 -1.0161364e+00
      vertex 3.7826109e-01 -1.2608695e-01 -1.0456327e+00
      vertex 5.8698106e-01 -1.6954090e-01 -9.2606258e-01
    endloop
  endfacet
  facet normal 4.5748502e-01 -1.9180471e-01 -8.6828476e-01
    outer loop
      vertex 3.7826109e-01 -1.2608695e-01 -1.0456327e+00
      vertex 5.6669217e-01 -1.2608695e-01 -9.4635147e-01
      vertex 5.8698106e-01 -1.6954090e-01 -9.2606258e-01
    endloop
  endfacet
  facet normal 4.7071257e-01 -2.4240717e-01 -8.4833276e-01
    outer loop
      vertex 5.8698106e-01 -1.6954090e-01 -9.2606258e-01
      vertex 3.7826109e-01 -3.7826085e-01 -9.8223382e-01
      vertex 3.7826109e-01 -2.5961471e-01 -1.0161364e+00
    endloop
  endfacet
  facet normal 4.5278800e-01 -2.2027123e-01 -8.6398125e-01
    outer loop
      vertex 3.7826109e-01 -3.7826085e-01 -9.8223382e-01
      vertex 5.8698106e-01 -1.6954090e-01 -9.2606258e-01
      vertex 5.6835949e-01 -3.7826085e-01 -8.8260865e-01
    endloop
  endfacet
  facet normal 4.5278791e-01 -2.2027124e-01 -8.6398131e-01
    outer loop
      vertex 5.6835949e-01 -3.7826085e-01 -8.8260865e-01
      vertex 5.8698106e-01 -1.6954090e-01 -9.2606258e-01
      vertex 6.3043499e-01 -2.5065893e-01 -8.8260865e-01
    endloop
  endfacet
  facet normal 5.1181924e-01 -2.7673420e-01 -8.1330150e-01
    outer loop
      vertex 6.3043499e-01 -3.4911370e-01 -8.5346150e-01
      vertex 6.3043499e-01 -3.7826085e-01 -8.4354389e-01
      vertex 5.6835949e-01 -3.7826085e-01 -8.8260865e-01
    endloop
  endfacet
  facet normal 5.0398898e-01 -2.4517943e-01 -8.2818002e-01
    outer loop
      vertex 6.3043499e-01 -3.4911370e-01 -8.5346150e-01
      vertex 5.6835949e-01 -3.7826085e-01 -8.8260865e-01
      vertex 6.3043499e-01 -2.5065893e-01 -8.8260865e-01
    endloop
  endfacet
  facet normal 5.4922616e-01 -2.3220736e-01 8.0276418e-01
    outer loop
      vertex 6.3043499e-01 -2.5462386e-01 8.8260889e-01
      vertex 6.0920006e-01 -3.7826085e-01 8.6137396e-01
      vertex 6.3043499e-01 -3.7826085e-01 8.4684569e-01
    endloop
  endfacet
  facet normal 4.7548112e-01 -2.2761488e-01 8.4977013e-01
    outer loop
      vertex 6.3043499e-01 -2.5462386e-01 8.8260889e-01
      vertex 5.7124943e-01 -3.7826085e-01 8.8260889e-01
      vertex 6.0920006e-01 -3.7826085e-01 8.6137396e-01
    endloop
  endfacet
  facet normal 4.7858104e-01 -1.9948439e-01 8.5508257e-01
    outer loop
      vertex 4.4751436e-01 -3.7826085e-01 9.5186216e-01
      vertex 5.7124943e-01 -3.7826085e-01 8.8260889e-01
      vertex 4.5969492e-01 -2.9682702e-01 9.6404272e-01
    endloop
  endfacet
  facet normal 4.6391755e-01 -2.2207935e-01 8.5759038e-01
    outer loop
      vertex 5.7124943e-01 -3.7826085e-01 8.8260889e-01
      vertex 6.3043499e-01 -2.5462386e-01 8.8260889e-01
      vertex 4.5969492e-01 -2.9682702e-01 9.6404272e-01
    endloop
  endfacet
  facet normal 4.6391761e-01 -2.2207959e-01 8.5759032e-01
    outer loop
      vertex 4.5969492e-01 -2.9682702e-01 9.6404272e-01
      vertex 6.3043499e-01 -2.5462386e-01 8.8260889e-01
      vertex 6.3043499e-01 -1.2608695e-01 9.1589451e-01
    endloop
  endfacet
  facet normal 4.8660031e-01 -2.5059325e-01 8.3691287e-01
    outer loop
      vertex 4.9202275e-01 -1.2608695e-01 9.9637055e-01
      vertex 4.5969492e-01 -2.9682702e-01 9.6404272e-01
      vertex 6.3043499e-01 -1.2608695e-01 9.1589451e-01
    endloop
  endfacet
  facet normal 3.8560221e-01 -2.4161012e-01 8.9046925e-01
    outer loop
      vertex 3.7826109e-01 -2.4843279e-01 1.0124370e+00
      vertex 4.5969492e-01 -2.9682702e-01 9.6404272e-01
      vertex 3.7826109e-01 -1.2608695e-01 1.0456330e+00
    endloop
  endfacet
  facet normal 3.8560146e-01 -2.4161054e-01 8.9046943e-01
    outer loop
      vertex 4.5969492e-01 -2.9682702e-01 9.6404272e-01
      vertex 4.9202275e-01 -1.2608695e-01 9.9637055e-01
      vertex 3.7826109e-01 -1.2608695e-01 1.0456330e+00
    endloop
  endfacet
  facet normal 4.0592828e-01 -2.0707409e-01 8.9013624e-01
    outer loop
      vertex 3.7826109e-01 -2.4843279e-01 1.0124370e+00
      vertex 3.7826109e-01 -3.7826085e-01 9.8223484e-01
      vertex 4.5969492e-01 -2.9682702e-01 9.6404272e-01
    endloop
  endfacet
  facet normal 3.9406595e-01 -1.9333963e-01 8.9851648e-01
    outer loop
      vertex 3.7826109e-01 -3.7826085e-01 9.8223484e-01
      vertex 4.4751436e-01 -3.7826085e-01 9.5186216e-01
      vertex 4.5969492e-01 -2.9682702e-01 9.6404272e-01
    endloop
  endfacet
  facet normal 4.3118009e-01 0.0000000e+00 -9.0226591e-01
    outer loop
      vertex 5.6669217e-01 -1.2608695e-01 -9.4635147e-01
      vertex 5.6669217e-01 6.2344328e-02 -9.4635147e-01
      vertex 6.3043499e-01 -1.2608695e-01 -9.1588968e-01
    endloop
  endfacet
  facet normal 4.3118006e-01 0.0000000e+00 -9.0226585e-01
    outer loop
      vertex 6.3043499e-01 -1.2608695e-01 -9.1588968e-01
      vertex 5.6669217e-01 6.2344328e-02 -9.4635147e-01
      vertex 6.3043499e-01 9.2806131e-02 -9.1588968e-01
    endloop
  endfacet
  facet normal 4.3118003e-01 0.0000000e+00 -9.0226585e-01
    outer loop
      vertex 5.6669217e-01 6.2344328e-02 -9.4635147e-01
      vertex 6.3043499e-01 1.2608719e-01 -9.1588968e-01
      vertex 6.3043499e-01 9.2806131e-02 -9.1588968e-01
    endloop
  endfacet
  facet normal 4.3118006e-01 0.0000000e+00 -9.0226585e-01
    outer loop
      vertex 5.6669217e-01 6.2344328e-02 -9.4635147e-01
      vertex 5.6669217e-01 1.2608719e-01 -9.4635147e-01
      vertex 6.3043499e-01 1.2608719e-01 -9.1588968e-01
    endloop
  endfacet
  facet normal 4.6613979e-01 0.0000000e+00 -8.8471109e-01
    outer loop
      vertex 3.7826109e-01 -3.6937043e-02 -1.0456327e+00
      vertex 3.7826109e-01 1.2608719e-01 -1.0456327e+00
      vertex 5.6669217e-01 6.2344328e-02 -9.4635147e-01
    endloop
  endfacet
  facet normal 4.6613976e-01 0.0000000e+00 -8.8471109e-01
    outer loop
      vertex 3.7826109e-01 1.2608719e-01 -1.0456327e+00
      vertex 5.6669217e-01 1.2608719e-01 -9.4635147e-01
      vertex 5.6669217e-01 6.2344328e-02 -9.4635147e-01
    endloop
  endfacet
  facet normal 4.6613973e-01 0.0000000e+00 -8.8471115e-01
    outer loop
      vertex 5.6669217e-01 6.2344328e-02 -9.4635147e-01
      vertex 3.7826109e-01 -1.2608695e-01 -1.0456327e+00
      vertex 3.7826109e-01 -3.6937043e-02 -1.0456327e+00
    endloop
  endfacet
  facet normal 4.6613976e-01 0.0000000e+00 -8.8471115e-01
    outer loop
      vertex 5.6669217e-01 6.2344328e-02 -9.4635147e-01
      vertex 5.6669217e-01 -1.2608695e-01 -9.4635147e-01
      vertex 3.7826109e-01 -1.2608695e-01 -1.0456327e+00
    endloop
  endfacet
  facet normal 5.0263828e-01 -0.0000000e+00 8.6449683e-01
    outer loop
      vertex 4.9202275e-01 -1.2608695e-01 9.9637055e-01
      vertex 6.3043499e-01 -1.2608695e-01 9.1589451e-01
      vertex 4.9202275e-01 -1.2325190e-02 9.9637055e-01
    endloop
  endfacet
  facet normal 5.0263822e-01 0.0000000e+00 8.6449683e-01
    outer loop
      vertex 4.9202275e-01 -1.2325190e-02 9.9637055e-01
      vertex 6.3043499e-01 -1.2608695e-01 9.1589451e-01
      vertex 6.3043499e-01 -9.2801325e-02 9.1589451e-01
    endloop
  endfacet
  facet normal 5.0263828e-01 0.0000000e+00 8.6449683e-01
    outer loop
      vertex 6.3043499e-01 1.2608719e-01 9.1589451e-01
      vertex 4.9202275e-01 -1.2325190e-02 9.9637055e-01
      vertex 6.3043499e-01 -9.2801325e-02 9.1589451e-01
    endloop
  endfacet
  facet normal 5.0263822e-01 0.0000000e+00 8.6449683e-01
    outer loop
      vertex 4.9202275e-01 1.2608719e-01 9.9637055e-01
      vertex 4.9202275e-01 -1.2325190e-02 9.9637055e-01
      vertex 6.3043499e-01 1.2608719e-01 9.1589451e-01
    endloop
  endfacet
  facet normal 3.9737442e-01 -0.0000000e+00 9.1765660e-01
    outer loop
      vertex 3.7826109e-01 3.6937267e-02 1.0456330e+00
      vertex 4.9202275e-01 -1.2325190e-02 9.9637055e-01
      vertex 3.7826109e-01 1.2608719e-01 1.0456330e+00
    endloop
  endfacet
  facet normal 3.9737436e-01 -0.0000000e+00 9.1765660e-01
    outer loop
      vertex 4.9202275e-01 -1.2325190e-02 9.9637055e-01
      vertex 4.9202275e-01 1.2608719e-01 9.9637055e-01
      vertex 3.7826109e-01 1.2608719e-01 1.0456330e+00
    endloop
  endfacet
  facet normal 3.9737439e-01 0.0000000e+00 9.1765666e-01
    outer loop
      vertex 3.7826109e-01 3.6937267e-02 1.0456330e+00
      vertex 3.7826109e-01 -1.2608695e-01 1.0456330e+00
      vertex 4.9202275e-01 -1.2325190e-02 9.9637055e-01
    endloop
  endfacet
  facet normal 3.9737436e-01 0.0000000e+00 9.1765660e-01
    outer loop
      vertex 3.7826109e-01 -1.2608695e-01 1.0456330e+00
      vertex 4.9202275e-01 -1.2608695e-01 9.9637055e-01
      vertex 4.9202275e-01 -1.2325190e-02 9.9637055e-01
    endloop
  endfacet
  facet normal 4.1917375e-01 2.3433995e-01 -8.7714207e-01
    outer loop
      vertex 5.6669217e-01 1.2608719e-01 -9.4635147e-01
      vertex 6.3043499e-01 2.5065917e-01 -8.8260865e-01
      vertex 6.3043499e-01 1.2608719e-01 -9.1588968e-01
    endloop
  endfacet
  facet normal 4.5463806e-01 2.0181176e-01 -8.6751145e-01
    outer loop
      vertex 3.7826109e-01 2.4843386e-01 -1.0124359e+00
      vertex 3.7826109e-01 3.7826109e-01 -9.8223382e-01
      vertex 5.6835949e-01 3.7826109e-01 -8.8260865e-01
    endloop
  endfacet
  facet normal 4.3293276e-01 2.3605250e-01 -8.6997038e-01
    outer loop
      vertex 3.7826109e-01 2.4843386e-01 -1.0124359e+00
      vertex 5.6835949e-01 3.7826109e-01 -8.8260865e-01
      vertex 3.7826109e-01 1.2608719e-01 -1.0456327e+00
    endloop
  endfacet
  facet normal 4.3293256e-01 2.3605271e-01 -8.6997044e-01
    outer loop
      vertex 5.6835949e-01 3.7826109e-01 -8.8260865e-01
      vertex 5.9026295e-01 3.3808905e-01 -8.8260865e-01
      vertex 3.7826109e-01 1.2608719e-01 -1.0456327e+00
    endloop
  endfacet
  facet normal 4.5580241e-01 2.0943087e-01 -8.6509126e-01
    outer loop
      vertex 3.7826109e-01 1.2608719e-01 -1.0456327e+00
      vertex 5.9026295e-01 3.3808905e-01 -8.8260865e-01
      vertex 5.6669217e-01 1.2608719e-01 -9.4635147e-01
    endloop
  endfacet
  facet normal 4.5580244e-01 2.0943086e-01 -8.6509120e-01
    outer loop
      vertex 5.9026295e-01 3.3808905e-01 -8.8260865e-01
      vertex 6.3043499e-01 2.5065917e-01 -8.8260865e-01
      vertex 5.6669217e-01 1.2608719e-01 -9.4635147e-01
    endloop
  endfacet
  facet normal 5.3731948e-01 2.4688607e-01 -8.0643356e-01
    outer loop
      vertex 6.3043499e-01 3.7826109e-01 -8.4354389e-01
      vertex 6.3043499e-01 2.5065917e-01 -8.8260865e-01
      vertex 5.9026295e-01 3.3808905e-01 -8.8260865e-01
    endloop
  endfacet
  facet normal 5.1148802e-01 2.7888438e-01 -8.1277519e-01
    outer loop
      vertex 6.3043499e-01 3.7826109e-01 -8.4354389e-01
      vertex 5.9026295e-01 3.3808905e-01 -8.8260865e-01
      vertex 5.6835949e-01 3.7826109e-01 -8.8260865e-01
    endloop
  endfacet
  facet normal 6.0362220e-01 2.1780330e-01 7.6694334e-01
    outer loop
      vertex 6.3043499e-01 3.5091543e-01 8.5526323e-01
      vertex 6.1348140e-01 3.6130753e-01 8.6565530e-01
      vertex 6.3043499e-01 2.5462410e-01 8.8260889e-01
    endloop
  endfacet
  facet normal 6.0818803e-01 2.3353195e-01 7.5866336e-01
    outer loop
      vertex 6.3043499e-01 3.7826109e-01 8.4684569e-01
      vertex 6.1348140e-01 3.6130753e-01 8.6565530e-01
      vertex 6.3043499e-01 3.5091543e-01 8.5526323e-01
    endloop
  endfacet
  facet normal 5.3279018e-01 3.3120561e-01 7.7874094e-01
    outer loop
      vertex 6.0920006e-01 3.7826109e-01 8.6137396e-01
      vertex 6.1348140e-01 3.6130753e-01 8.6565530e-01
      vertex 6.3043499e-01 3.7826109e-01 8.4684569e-01
    endloop
  endfacet
  facet normal 4.6178541e-01 3.2503054e-01 8.2529348e-01
    outer loop
      vertex 5.7124943e-01 3.7826109e-01 8.8260889e-01
      vertex 6.1348140e-01 3.6130753e-01 8.6565530e-01
      vertex 6.0920006e-01 3.7826109e-01 8.6137396e-01
    endloop
  endfacet
  facet normal 4.4453773e-01 2.4605688e-01 8.6130261e-01
    outer loop
      vertex 5.9233707e-01 3.4016317e-01 8.8260889e-01
      vertex 6.1348140e-01 3.6130753e-01 8.6565530e-01
      vertex 5.7124943e-01 3.7826109e-01 8.8260889e-01
    endloop
  endfacet
  facet normal 4.7415254e-01 2.1118097e-01 8.5474086e-01
    outer loop
      vertex 6.3043499e-01 2.5462410e-01 8.8260889e-01
      vertex 6.1348140e-01 3.6130753e-01 8.6565530e-01
      vertex 5.9233707e-01 3.4016317e-01 8.8260889e-01
    endloop
  endfacet
  facet normal 4.9335253e-01 1.9132856e-01 8.4852618e-01
    outer loop
      vertex 4.9202275e-01 1.2608719e-01 9.9637055e-01
      vertex 6.3043499e-01 1.2608719e-01 9.1589451e-01
      vertex 4.7782645e-01 2.2565255e-01 9.8217428e-01
    endloop
  endfacet
  facet normal 4.9335304e-01 1.9132970e-01 8.4852564e-01
    outer loop
      vertex 4.7782645e-01 2.2565255e-01 9.8217428e-01
      vertex 6.3043499e-01 1.2608719e-01 9.1589451e-01
      vertex 6.3043499e-01 1.5324838e-01 9.0977007e-01
    endloop
  endfacet
  facet normal 5.0240719e-01 2.2376519e-01 8.3517432e-01
    outer loop
      vertex 5.9233707e-01 3.4016317e-01 8.8260889e-01
      vertex 4.7782645e-01 2.2565255e-01 9.8217428e-01
      vertex 6.3043499e-01 2.5462410e-01 8.8260889e-01
    endloop
  endfacet
  facet normal 5.0240731e-01 2.2376487e-01 8.3517438e-01
    outer loop
      vertex 4.7782645e-01 2.2565255e-01 9.8217428e-01
      vertex 6.3043499e-01 1.5324838e-01 9.0977007e-01
      vertex 6.3043499e-01 2.5462410e-01 8.8260889e-01
    endloop
  endfacet
  facet normal 4.7147384e-01 2.6096633e-01 8.4238291e-01
    outer loop
      vertex 5.9233707e-01 3.4016317e-01 8.8260889e-01
      vertex 5.7124943e-01 3.7826109e-01 8.8260889e-01
      vertex 4.7782645e-01 2.2565255e-01 9.8217428e-01
    endloop
  endfacet
  facet normal 4.7147331e-01 2.6096678e-01 8.4238315e-01
    outer loop
      vertex 4.7782645e-01 2.2565255e-01 9.8217428e-01
      vertex 5.7124943e-01 3.7826109e-01 8.8260889e-01
      vertex 4.4751436e-01 3.7826109e-01 9.5186216e-01
    endloop
  endfacet
  facet normal 3.8856077e-01 2.5315452e-01 8.8596463e-01
    outer loop
      vertex 3.7826109e-01 2.5961494e-01 1.0161366e+00
      vertex 4.7782645e-01 2.2565255e-01 9.8217428e-01
      vertex 3.7826109e-01 3.7826109e-01 9.8223484e-01
    endloop
  endfacet
  facet normal 3.8856095e-01 2.5315464e-01 8.8596451e-01
    outer loop
      vertex 4.7782645e-01 2.2565255e-01 9.8217428e-01
      vertex 4.4751436e-01 3.7826109e-01 9.5186216e-01
      vertex 3.7826109e-01 3.7826109e-01 9.8223484e-01
    endloop
  endfacet
  facet normal 3.7669763e-01 1.9981088e-01 9.0452993e-01
    outer loop
      vertex 3.7826109e-01 2.5961494e-01 1.0161366e+00
      vertex 3.7826109e-01 1.2608719e-01 1.0456330e+00
      vertex 4.7782645e-01 2.2565255e-01 9.8217428e-01
    endloop
  endfacet
  facet normal 3.9056820e-01 1.8428901e-01 9.0193909e-01
    outer loop
      vertex 3.7826109e-01 1.2608719e-01 1.0456330e+00
      vertex 4.9202275e-01 1.2608719e-01 9.9637055e-01
      vertex 4.7782645e-01 2.2565255e-01 9.8217428e-01
    endloop
  endfacet
  facet normal 3.5510927e-01 4.3393955e-01 -8.2800591e-01
    outer loop
      vertex 3.7826109e-01 3.7826109e-01 -9.8223382e-01
      vertex 3.7826109e-01 5.6835723e-01 -8.8260865e-01
      vertex 4.8280498e-01 4.8280498e-01 -8.8260865e-01
    endloop
  endfacet
  facet normal 4.3393457e-01 3.5511458e-01 -8.2800633e-01
    outer loop
      vertex 3.7826109e-01 3.7826109e-01 -9.8223382e-01
      vertex 4.8280498e-01 4.8280498e-01 -8.8260865e-01
      vertex 5.6835949e-01 3.7826109e-01 -8.8260865e-01
    endloop
  endfacet
  facet normal 4.8884672e-01 3.9700752e-01 -7.7679718e-01
    outer loop
      vertex 6.3043499e-01 4.5816156e-01 -8.0270815e-01
      vertex 6.3043499e-01 3.7826109e-01 -8.4354389e-01
      vertex 5.6835949e-01 3.7826109e-01 -8.8260865e-01
    endloop
  endfacet
  facet normal 4.8710433e-01 3.9862657e-01 -7.7706265e-01
    outer loop
      vertex 5.6835949e-01 3.7826109e-01 -8.8260865e-01
      vertex 4.8280498e-01 4.8280498e-01 -8.8260865e-01
      vertex 6.3043499e-01 4.5816156e-01 -8.0270815e-01
    endloop
  endfacet
  facet normal 4.8710430e-01 3.9862624e-01 -7.7706271e-01
    outer loop
      vertex 4.8280498e-01 4.8280498e-01 -8.8260865e-01
      vertex 6.3043499e-01 6.3043499e-01 -7.1433342e-01
      vertex 6.3043499e-01 4.5816156e-01 -8.0270815e-01
    endloop
  endfacet
  facet normal 3.9862043e-01 4.8710975e-01 -7.7706236e-01
    outer loop
      vertex 4.8280498e-01 4.8280498e-01 -8.8260865e-01
      vertex 3.7826109e-01 5.6835723e-01 -8.8260865e-01
      vertex 6.3043499e-01 6.3043499e-01 -7.1433342e-01
    endloop
  endfacet
  facet normal 3.9862022e-01 4.8711014e-01 -7.7706218e-01
    outer loop
      vertex 3.7826109e-01 5.6835723e-01 -8.8260865e-01
      vertex 4.5816419e-01 6.3043499e-01 -8.0270553e-01
      vertex 6.3043499e-01 6.3043499e-01 -7.1433342e-01
    endloop
  endfacet
  facet normal 3.9698157e-01 4.8887354e-01 -7.7679354e-01
    outer loop
      vertex 4.5816419e-01 6.3043499e-01 -8.0270553e-01
      vertex 3.7826109e-01 5.6835723e-01 -8.8260865e-01
      vertex 3.7826109e-01 6.3043499e-01 -8.4354013e-01
    endloop
  endfacet
  facet normal 5.2718526e-01 3.5823247e-01 7.7054858e-01
    outer loop
      vertex 6.0920006e-01 3.7826109e-01 8.6137396e-01
      vertex 6.3043499e-01 3.7826109e-01 8.4684569e-01
      vertex 5.5924141e-01 5.5924141e-01 8.1141531e-01
    endloop
  endfacet
  facet normal 5.2718532e-01 3.5823247e-01 7.7054852e-01
    outer loop
      vertex 5.5924141e-01 5.5924141e-01 8.1141531e-01
      vertex 6.3043499e-01 3.7826109e-01 8.4684569e-01
      vertex 6.3043499e-01 5.2599120e-01 7.7816510e-01
    endloop
  endfacet
  facet normal 5.2549708e-01 3.4944776e-01 7.7571851e-01
    outer loop
      vertex 6.3043499e-01 6.3043499e-01 7.3111498e-01
      vertex 5.5924141e-01 5.5924141e-01 8.1141531e-01
      vertex 6.3043499e-01 5.2599120e-01 7.7816510e-01
    endloop
  endfacet
  facet normal 3.4936732e-01 5.2556580e-01 7.7570808e-01
    outer loop
      vertex 5.2598417e-01 6.3043499e-01 7.7815807e-01
      vertex 5.5924141e-01 5.5924141e-01 8.1141531e-01
      vertex 6.3043499e-01 6.3043499e-01 7.3111498e-01
    endloop
  endfacet
  facet normal 3.5822991e-01 5.2726918e-01 7.7049249e-01
    outer loop
      vertex 3.7826109e-01 6.0919863e-01 8.6137253e-01
      vertex 5.5924141e-01 5.5924141e-01 8.1141531e-01
      vertex 3.7826109e-01 6.3043499e-01 8.4683990e-01
    endloop
  endfacet
  facet normal 3.5822988e-01 5.2726936e-01 7.7049226e-01
    outer loop
      vertex 5.5924141e-01 5.5924141e-01 8.1141531e-01
      vertex 5.2598417e-01 6.3043499e-01 7.7815807e-01
      vertex 3.7826109e-01 6.3043499e-01 8.4683990e-01
    endloop
  endfacet
  facet normal 3.5168141e-01 4.5711219e-01 8.1692636e-01
    outer loop
      vertex 3.7826109e-01 6.0919863e-01 8.6137253e-01
      vertex 3.7826109e-01 5.7124615e-01 8.8260889e-01
      vertex 5.5924141e-01 5.5924141e-01 8.1141531e-01
    endloop
  endfacet
  facet normal 3.5168153e-01 4.5711118e-01 8.1692684e-01
    outer loop
      vertex 5.5924141e-01 5.5924141e-01 8.1141531e-01
      vertex 3.7826109e-01 5.7124615e-01 8.8260889e-01
      vertex 4.8733184e-01 4.8733184e-01 8.8260889e-01
    endloop
  endfacet
  facet normal 4.5710418e-01 3.5168958e-01 8.1692731e-01
    outer loop
      vertex 6.0920006e-01 3.7826109e-01 8.6137396e-01
      vertex 5.5924141e-01 5.5924141e-01 8.1141531e-01
      vertex 5.7124943e-01 3.7826109e-01 8.8260889e-01
    endloop
  endfacet
  facet normal 4.5710382e-01 3.5168961e-01 8.1692755e-01
    outer loop
      vertex 5.5924141e-01 5.5924141e-01 8.1141531e-01
      vertex 4.8733184e-01 4.8733184e-01 8.8260889e-01
      vertex 5.7124943e-01 3.7826109e-01 8.8260889e-01
    endloop
  endfacet
  facet normal 4.5963502e-01 3.3810389e-01 8.2123160e-01
    outer loop
      vertex 4.4751436e-01 3.7826109e-01 9.5186216e-01
      vertex 5.7124943e-01 3.7826109e-01 8.8260889e-01
      vertex 4.3305159e-01 4.3305159e-01 9.3739939e-01
    endloop
  endfacet
  facet normal 4.6301031e-01 3.5623401e-01 8.1161493e-01
    outer loop
      vertex 5.7124943e-01 3.7826109e-01 8.8260889e-01
      vertex 4.8733184e-01 4.8733184e-01 8.8260889e-01
      vertex 4.3305159e-01 4.3305159e-01 9.3739939e-01
    endloop
  endfacet
  facet normal 3.5622582e-01 4.6301776e-01 8.1161427e-01
    outer loop
      vertex 4.8733184e-01 4.8733184e-01 8.8260889e-01
      vertex 3.7826109e-01 5.7124615e-01 8.8260889e-01
      vertex 4.3305159e-01 4.3305159e-01 9.3739939e-01
    endloop
  endfacet
  facet normal 3.3810210e-01 4.5964360e-01 8.2122761e-01
    outer loop
      vertex 3.7826109e-01 5.7124615e-01 8.8260889e-01
      vertex 3.7826109e-01 4.4751421e-01 9.5186204e-01
      vertex 4.3305159e-01 4.3305159e-01 9.3739939e-01
    endloop
  endfacet
  facet normal 3.2846087e-01 3.7936193e-01 8.6498433e-01
    outer loop
      vertex 3.7826109e-01 4.4751421e-01 9.5186204e-01
      vertex 3.7826109e-01 3.7826109e-01 9.8223484e-01
      vertex 4.3305159e-01 4.3305159e-01 9.3739939e-01
    endloop
  endfacet
  facet normal 3.7935969e-01 3.2846323e-01 8.6498445e-01
    outer loop
      vertex 3.7826109e-01 3.7826109e-01 9.8223484e-01
      vertex 4.4751436e-01 3.7826109e-01 9.5186216e-01
      vertex 4.3305159e-01 4.3305159e-01 9.3739939e-01
    endloop
  endfacet
  facet normal 3.9880607e-01 4.8637936e-01 -7.7742445e-01
    outer loop
      vertex 4.5816419e-01 6.3043499e-01 -8.0270553e-01
      vertex 6.3043499e-01 7.6453787e-01 -6.3043475e-01
      vertex 6.3043499e-01 6.3043499e-01 -7.1433342e-01
    endloop
  endfacet
  facet normal 2.6409462e-01 6.0201705e-01 -7.5354463e-01
    outer loop
      vertex 3.7826109e-01 8.3899081e-01 -6.7405283e-01
      vertex 3.7826109e-01 8.8260889e-01 -6.3920575e-01
      vertex 4.0328750e-01 8.8260889e-01 -6.3043475e-01
    endloop
  endfacet
  facet normal 2.4561253e-01 6.1135393e-01 -7.5227714e-01
    outer loop
      vertex 3.7826109e-01 8.3899081e-01 -6.7405283e-01
      vertex 4.0328750e-01 8.8260889e-01 -6.3043475e-01
      vertex 3.7826109e-01 6.3043499e-01 -8.4354013e-01
    endloop
  endfacet
  facet normal 2.4561222e-01 6.1135399e-01 -7.5227720e-01
    outer loop
      vertex 4.0328750e-01 8.8260889e-01 -6.3043475e-01
      vertex 5.6533301e-01 8.1750691e-01 -6.3043475e-01
      vertex 3.7826109e-01 6.3043499e-01 -8.4354013e-01
    endloop
  endfacet
  facet normal 3.9716801e-01 4.8814192e-01 -7.7715832e-01
    outer loop
      vertex 3.7826109e-01 6.3043499e-01 -8.4354013e-01
      vertex 5.6533301e-01 8.1750691e-01 -6.3043475e-01
      vertex 4.5816419e-01 6.3043499e-01 -8.0270553e-01
    endloop
  endfacet
  facet normal 3.9716783e-01 4.8814201e-01 -7.7715832e-01
    outer loop
      vertex 5.6533301e-01 8.1750691e-01 -6.3043475e-01
      vertex 6.3043499e-01 7.6453787e-01 -6.3043475e-01
      vertex 4.5816419e-01 6.3043499e-01 -8.0270553e-01
    endloop
  endfacet
  facet normal 5.7429558e-01 7.0584214e-01 -4.1469458e-01
    outer loop
      vertex 6.3043499e-01 8.8260889e-01 -4.2946878e-01
      vertex 6.3043499e-01 7.6453787e-01 -6.3043475e-01
      vertex 5.6533301e-01 8.1750691e-01 -6.3043475e-01
    endloop
  endfacet
  facet normal 3.4353992e-01 8.5510629e-01 -3.8829580e-01
    outer loop
      vertex 6.3043499e-01 8.8260889e-01 -4.2946878e-01
      vertex 5.6533301e-01 8.1750691e-01 -6.3043475e-01
      vertex 4.0328747e-01 8.8260889e-01 -6.3043475e-01
    endloop
  endfacet
  facet normal 4.1608238e-01 5.7598680e-01 7.0364380e-01
    outer loop
      vertex 6.3043499e-01 8.4049362e-01 5.8831972e-01
      vertex 5.9865367e-01 8.5082757e-01 5.9865367e-01
      vertex 6.3043499e-01 7.8904426e-01 6.3043499e-01
    endloop
  endfacet
  facet normal 3.7192687e-01 8.9401364e-01 2.4982005e-01
    outer loop
      vertex 6.3043499e-01 8.8260889e-01 4.3760473e-01
      vertex 5.9865367e-01 8.5082757e-01 5.9865367e-01
      vertex 6.3043499e-01 8.4049362e-01 5.8831972e-01
    endloop
  endfacet
  facet normal 3.5163611e-01 9.0281224e-01 2.4755219e-01
    outer loop
      vertex 5.5076796e-01 8.8260889e-01 5.5076796e-01
      vertex 5.9865367e-01 8.5082757e-01 5.9865367e-01
      vertex 6.3043499e-01 8.8260889e-01 4.3760473e-01
    endloop
  endfacet
  facet normal 2.4013498e-01 9.0208715e-01 3.5857213e-01
    outer loop
      vertex 4.3180829e-01 8.8260889e-01 6.3043499e-01
      vertex 5.9865367e-01 8.5082757e-01 5.9865367e-01
      vertex 5.5076796e-01 8.8260889e-01 5.5076796e-01
    endloop
  endfacet
  facet normal 2.6011163e-01 6.8386561e-01 6.8166691e-01
    outer loop
      vertex 5.7570368e-01 8.2787758e-01 6.3043499e-01
      vertex 5.9865367e-01 8.5082757e-01 5.9865367e-01
      vertex 4.3180829e-01 8.8260889e-01 6.3043499e-01
    endloop
  endfacet
  facet normal 4.0778831e-01 5.7473296e-01 7.0950037e-01
    outer loop
      vertex 6.3043499e-01 7.8904426e-01 6.3043499e-01
      vertex 5.9865367e-01 8.5082757e-01 5.9865367e-01
      vertex 5.7570368e-01 8.2787758e-01 6.3043499e-01
    endloop
  endfacet
  facet normal 3.7174785e-01 4.2487428e-01 8.2540011e-01
    outer loop
      vertex 5.2598417e-01 6.3043499e-01 7.7815807e-01
      vertex 6.3043499e-01 6.3043499e-01 7.3111498e-01
      vertex 4.8728940e-01 7.3946333e-01 7.3946333e-01
    endloop
  endfacet
  facet normal 3.7174764e-01 4.2487401e-01 8.2540029e-01
    outer loop
      vertex 4.8728940e-01 7.3946333e-01 7.3946333e-01
      vertex 6.3043499e-01 6.3043499e-01 7.3111498e-01
      vertex 6.3043499e-01 6.9690144e-01 6.9690144e-01
    endloop
  endfacet
  facet normal 3.8337284e-01 5.4032195e-01 7.4905109e-01
    outer loop
      vertex 5.7570368e-01 8.2787758e-01 6.3043499e-01
      vertex 4.8728940e-01 7.3946333e-01 7.3946333e-01
      vertex 6.3043499e-01 7.8904426e-01 6.3043499e-01
    endloop
  endfacet
  facet normal 3.8337296e-01 5.4032177e-01 7.4905115e-01
    outer loop
      vertex 4.8728940e-01 7.3946333e-01 7.3946333e-01
      vertex 6.3043499e-01 6.9690144e-01 6.9690144e-01
      vertex 6.3043499e-01 7.8904426e-01 6.3043499e-01
    endloop
  endfacet
  facet normal 2.4563782e-01 6.4581221e-01 7.2290283e-01
    outer loop
      vertex 5.7570368e-01 8.2787758e-01 6.3043499e-01
      vertex 4.3180829e-01 8.8260889e-01 6.3043499e-01
      vertex 4.8728940e-01 7.3946333e-01 7.3946333e-01
    endloop
  endfacet
  facet normal 2.4563769e-01 6.4581227e-01 7.2290301e-01
    outer loop
      vertex 4.8728940e-01 7.3946333e-01 7.3946333e-01
      vertex 4.3180829e-01 8.8260889e-01 6.3043499e-01
      vertex 3.9184153e-01 8.8260889e-01 6.4401543e-01
    endloop
  endfacet
  facet normal 2.4819270e-01 6.4651436e-01 7.2140115e-01
    outer loop
      vertex 3.7826109e-01 7.5924528e-01 7.5924528e-01
      vertex 4.8728940e-01 7.3946333e-01 7.3946333e-01
      vertex 3.7826109e-01 8.8260889e-01 6.4868772e-01
    endloop
  endfacet
  facet normal 2.4819432e-01 6.4651513e-01 7.2139990e-01
    outer loop
      vertex 4.8728940e-01 7.3946333e-01 7.3946333e-01
      vertex 3.9184153e-01 8.8260889e-01 6.4401543e-01
      vertex 3.7826109e-01 8.8260889e-01 6.4868772e-01
    endloop
  endfacet
  facet normal 2.4441713e-01 5.4527074e-01 8.0183554e-01
    outer loop
      vertex 3.7826109e-01 7.5924528e-01 7.5924528e-01
      vertex 3.7826109e-01 6.3043499e-01 8.4683990e-01
      vertex 4.8728940e-01 7.3946333e-01 7.3946333e-01
    endloop
  endfacet
  facet normal 3.8134193e-01 4.2643452e-01 8.2020235e-01
    outer loop
      vertex 3.7826109e-01 6.3043499e-01 8.4683990e-01
      vertex 5.2598417e-01 6.3043499e-01 7.7815807e-01
      vertex 4.8728940e-01 7.3946333e-01 7.3946333e-01
    endloop
  endfacet
  facet normal 2.0728672e-01 7.6143724e-01 -6.1420316e-01
    outer loop
      vertex 3.7826109e-01 8.8260889e-01 -6.3920575e-01
      vertex 3.7826109e-01 8.8968390e-01 -6.3043475e-01
      vertex 3.8382217e-01 8.8817000e-01 -6.3043475e-01
    endloop
  endfacet
  facet normal 2.1620324e-01 7.5676692e-01 -6.1689538e-01
    outer loop
      vertex 3.7826109e-01 8.8260889e-01 -6.3920575e-01
      vertex 3.8382217e-01 8.8817000e-01 -6.3043475e-01
      vertex 4.0328750e-01 8.8260889e-01 -6.3043475e-01
    endloop
  endfacet
  facet normal 2.5412795e-01 9.2353392e-01 -2.8723529e-01
    outer loop
      vertex 4.0328750e-01 8.8260889e-01 -6.3043475e-01
      vertex 3.8540363e-01 8.8975143e-01 -6.2329221e-01
      vertex 6.3043499e-01 8.8260889e-01 -4.2946878e-01
    endloop
  endfacet
  facet normal 2.5412831e-01 9.2353368e-01 -2.8723580e-01
    outer loop
      vertex 3.8540363e-01 8.8975143e-01 -6.2329221e-01
      vertex 6.3043499e-01 8.9853549e-01 -3.7826085e-01
      vertex 6.3043499e-01 8.8260889e-01 -4.2946878e-01
    endloop
  endfacet
  facet normal 2.6495644e-01 9.2741567e-01 -2.6400417e-01
    outer loop
      vertex 4.0328750e-01 8.8260889e-01 -6.3043475e-01
      vertex 3.8382217e-01 8.8817000e-01 -6.3043475e-01
      vertex 3.8540363e-01 8.8975143e-01 -6.2329221e-01
    endloop
  endfacet
  facet normal 2.5347590e-01 9.3110657e-01 -2.6227942e-01
    outer loop
      vertex 3.8382217e-01 8.8817000e-01 -6.3043475e-01
      vertex 3.7826109e-01 8.8968390e-01 -6.3043475e-01
      vertex 3.8540363e-01 8.8975143e-01 -6.2329221e-01
    endloop
  endfacet
  facet normal 3.1874573e-01 8.8958955e-01 -3.2715672e-01
    outer loop
      vertex 3.7826109e-01 8.8968390e-01 -6.3043475e-01
      vertex 3.7826109e-01 8.9379930e-01 -6.1924434e-01
      vertex 3.8540363e-01 8.8975143e-01 -6.2329221e-01
    endloop
  endfacet
  facet normal 2.9858249e-01 8.8474059e-01 -3.5788622e-01
    outer loop
      vertex 3.7826109e-01 8.9379930e-01 -6.1924434e-01
      vertex 3.7826109e-01 9.9127948e-01 -3.7826085e-01
      vertex 3.8540363e-01 8.8975143e-01 -6.2329221e-01
    endloop
  endfacet
  facet normal 2.9858309e-01 8.8474047e-01 -3.5788617e-01
    outer loop
      vertex 3.8540363e-01 8.8975143e-01 -6.2329221e-01
      vertex 3.7826109e-01 9.9127948e-01 -3.7826085e-01
      vertex 4.5951131e-01 9.6385908e-01 -3.7826085e-01
    endloop
  endfacet
  facet normal 3.3254296e-01 8.7012160e-01 -3.6373571e-01
    outer loop
      vertex 6.3043499e-01 8.9853549e-01 -3.7826085e-01
      vertex 3.8540363e-01 8.8975143e-01 -6.2329221e-01
      vertex 4.5951131e-01 9.6385908e-01 -3.7826085e-01
    endloop
  endfacet
  facet normal 3.4914532e-01 9.2362618e-01 -1.5815227e-01
    outer loop
      vertex 6.3043499e-01 9.0161663e-01 -3.5925311e-01
      vertex 4.7030622e-01 9.7465402e-01 -2.8621572e-01
      vertex 6.3043499e-01 9.4154161e-01 -1.2608695e-01
    endloop
  endfacet
  facet normal 3.5297292e-01 9.2357802e-01 -1.4971218e-01
    outer loop
      vertex 4.5951131e-01 9.6385908e-01 -3.7826085e-01
      vertex 4.7030622e-01 9.7465402e-01 -2.8621572e-01
      vertex 6.3043499e-01 8.9853549e-01 -3.7826085e-01
    endloop
  endfacet
  facet normal 3.5297334e-01 9.2357802e-01 -1.4971128e-01
    outer loop
      vertex 4.7030622e-01 9.7465402e-01 -2.8621572e-01
      vertex 6.3043499e-01 9.0161663e-01 -3.5925311e-01
      vertex 6.3043499e-01 8.9853549e-01 -3.7826085e-01
    endloop
  endfacet
  facet normal 3.1628835e-01 9.3720353e-01 -1.4700787e-01
    outer loop
      vertex 4.5951131e-01 9.6385908e-01 -3.7826085e-01
      vertex 3.7826109e-01 9.9127948e-01 -3.7826085e-01
      vertex 4.7030622e-01 9.7465402e-01 -2.8621572e-01
    endloop
  endfacet
  facet normal 3.5512888e-01 9.1534740e-01 -1.8979612e-01
    outer loop
      vertex 3.7826109e-01 9.9127948e-01 -3.7826085e-01
      vertex 3.7826109e-01 1.0197065e+00 -2.4116328e-01
      vertex 4.7030622e-01 9.7465402e-01 -2.8621572e-01
    endloop
  endfacet
  facet normal 3.4243041e-01 9.1461170e-01 -2.1500424e-01
    outer loop
      vertex 3.7826109e-01 1.0197065e+00 -2.4116328e-01
      vertex 3.7826109e-01 1.0467583e+00 -1.2608695e-01
      vertex 4.7030622e-01 9.7465402e-01 -2.8621572e-01
    endloop
  endfacet
  facet normal 3.4243041e-01 9.1461170e-01 -2.1500424e-01
    outer loop
      vertex 4.7030622e-01 9.7465402e-01 -2.8621572e-01
      vertex 3.7826109e-01 1.0467583e+00 -1.2608695e-01
      vertex 4.9769461e-01 1.0020424e+00 -1.2608695e-01
    endloop
  endfacet
  facet normal 4.0448377e-01 8.8744819e-01 -2.2097179e-01
    outer loop
      vertex 6.3043499e-01 9.4154161e-01 -1.2608695e-01
      vertex 4.7030622e-01 9.7465402e-01 -2.8621572e-01
      vertex 4.9769461e-01 1.0020424e+00 -1.2608695e-01
    endloop
  endfacet
  facet normal 4.1473594e-01 9.0994185e-01 -0.0000000e+00
    outer loop
      vertex 6.3043499e-01 9.4154161e-01 -6.7154184e-02
      vertex 4.9769461e-01 1.0020424e+00 -6.6533089e-03
      vertex 6.3043499e-01 9.4154161e-01 1.2608719e-01
    endloop
  endfacet
  facet normal 4.1473591e-01 9.0994173e-01 -0.0000000e+00
    outer loop
      vertex 4.9769461e-01 1.0020424e+00 -1.2608695e-01
      vertex 4.9769461e-01 1.0020424e+00 -6.6533089e-03
      vertex 6.3043499e-01 9.4154161e-01 -1.2608695e-01
    endloop
  endfacet
  facet normal 4.1473594e-01 9.0994185e-01 0.0000000e+00
    outer loop
      vertex 4.9769461e-01 1.0020424e+00 -6.6533089e-03
      vertex 6.3043499e-01 9.4154161e-01 -6.7154184e-02
      vertex 6.3043499e-01 9.4154161e-01 -1.2608695e-01
    endloop
  endfacet
  facet normal 3.5063055e-01 9.3651390e-01 -0.0000000e+00
    outer loop
      vertex 4.9769461e-01 1.0020424e+00 -1.2608695e-01
      vertex 3.7826109e-01 1.0467583e+00 -1.2608695e-01
      vertex 4.9769461e-01 1.0020424e+00 -6.6533089e-03
    endloop
  endfacet
  facet normal 3.5063058e-01 9.3651384e-01 -0.0000000e+00
    outer loop
      vertex 3.7826109e-01 1.0467583e+00 -1.2608695e-01
      vertex 3.7826109e-01 1.0467583e+00 3.8062565e-02
      vertex 4.9769461e-01 1.0020424e+00 -6.6533089e-03
    endloop
  endfacet
  facet normal 3.5063055e-01 9.3651390e-01 -0.0000000e+00
    outer loop
      vertex 3.7826109e-01 1.0467583e+00 3.8062565e-02
      vertex 3.7826109e-01 1.0467583e+00 1.2608719e-01
      vertex 4.9769461e-01 1.0020424e+00 -6.6533089e-03
    endloop
  endfacet
  facet normal 3.5063055e-01 9.3651384e-01 -0.0000000e+00
    outer loop
      vertex 4.9769461e-01 1.0020424e+00 -6.6533089e-03
      vertex 3.7826109e-01 1.0467583e+00 1.2608719e-01
      vertex 4.9769461e-01 1.0020424e+00 1.2608719e-01
    endloop
  endfacet
  facet normal 4.1473597e-01 9.0994185e-01 0.0000000e+00
    outer loop
      vertex 6.3043499e-01 9.4154161e-01 1.2608719e-01
      vertex 4.9769461e-01 1.0020424e+00 -6.6533089e-03
      vertex 4.9769461e-01 1.0020424e+00 1.2608719e-01
    endloop
  endfacet
  facet normal 4.1344097e-01 8.9720666e-01 1.5519890e-01
    outer loop
      vertex 6.3043499e-01 9.3340480e-01 1.7688310e-01
      vertex 4.8585552e-01 9.9020332e-01 2.3368162e-01
      vertex 6.3043499e-01 8.9857042e-01 3.7826109e-01
    endloop
  endfacet
  facet normal 4.1039920e-01 9.0042681e-01 1.4423598e-01
    outer loop
      vertex 4.9769461e-01 1.0020424e+00 1.2608719e-01
      vertex 4.8585552e-01 9.9020332e-01 2.3368162e-01
      vertex 6.3043499e-01 9.4154161e-01 1.2608719e-01
    endloop
  endfacet
  facet normal 4.1039920e-01 9.0042686e-01 1.4423603e-01
    outer loop
      vertex 4.8585552e-01 9.9020332e-01 2.3368162e-01
      vertex 6.3043499e-01 9.3340480e-01 1.7688310e-01
      vertex 6.3043499e-01 9.4154161e-01 1.2608719e-01
    endloop
  endfacet
  facet normal 3.4716594e-01 9.2726004e-01 1.4023075e-01
    outer loop
      vertex 4.9769461e-01 1.0020424e+00 1.2608719e-01
      vertex 3.7826109e-01 1.0467583e+00 1.2608719e-01
      vertex 4.8585552e-01 9.9020332e-01 2.3368162e-01
    endloop
  endfacet
  facet normal 3.0409300e-01 9.3412590e-01 1.8691255e-01
    outer loop
      vertex 3.7826109e-01 1.0467583e+00 1.2608719e-01
      vertex 3.7826109e-01 1.0193894e+00 2.6286775e-01
      vertex 4.8585552e-01 9.9020332e-01 2.3368162e-01
    endloop
  endfacet
  facet normal 3.1145060e-01 9.2326611e-01 2.2489595e-01
    outer loop
      vertex 3.7826109e-01 1.0193894e+00 2.6286775e-01
      vertex 3.7826109e-01 9.9128103e-01 3.7826109e-01
      vertex 4.8585552e-01 9.9020332e-01 2.3368162e-01
    endloop
  endfacet
  facet normal 3.1145108e-01 9.2326581e-01 2.2489630e-01
    outer loop
      vertex 4.8585552e-01 9.9020332e-01 2.3368162e-01
      vertex 3.7826109e-01 9.9128103e-01 3.7826109e-01
      vertex 4.5952123e-01 9.6386904e-01 3.7826109e-01
    endloop
  endfacet
  facet normal 3.4741887e-01 9.0934032e-01 2.2891118e-01
    outer loop
      vertex 6.3043499e-01 8.9857042e-01 3.7826109e-01
      vertex 4.8585552e-01 9.9020332e-01 2.3368162e-01
      vertex 4.5952123e-01 9.6386904e-01 3.7826109e-01
    endloop
  endfacet
  facet normal 3.4787351e-01 9.0498972e-01 2.4490333e-01
    outer loop
      vertex 5.5076796e-01 8.8260889e-01 5.5076796e-01
      vertex 6.3043499e-01 8.8260889e-01 4.3760473e-01
      vertex 4.4653478e-01 9.5088261e-01 4.4653478e-01
    endloop
  endfacet
  facet normal 3.4787354e-01 9.0498960e-01 2.4490373e-01
    outer loop
      vertex 4.4653478e-01 9.5088261e-01 4.4653478e-01
      vertex 6.3043499e-01 8.8260889e-01 4.3760473e-01
      vertex 6.3043499e-01 8.9524788e-01 3.9090005e-01
    endloop
  endfacet
  facet normal 3.4659764e-01 9.0719074e-01 2.3848476e-01
    outer loop
      vertex 4.5952123e-01 9.6386904e-01 3.7826109e-01
      vertex 4.4653478e-01 9.5088261e-01 4.4653478e-01
      vertex 6.3043499e-01 8.9857042e-01 3.7826109e-01
    endloop
  endfacet
  facet normal 3.4659728e-01 9.0719122e-01 2.3848353e-01
    outer loop
      vertex 4.4653478e-01 9.5088261e-01 4.4653478e-01
      vertex 6.3043499e-01 8.9524788e-01 3.9090005e-01
      vertex 6.3043499e-01 8.9857042e-01 3.7826109e-01
    endloop
  endfacet
  facet normal 3.1074041e-01 9.2115909e-01 2.3432122e-01
    outer loop
      vertex 4.5952123e-01 9.6386904e-01 3.7826109e-01
      vertex 3.7826109e-01 9.9128103e-01 3.7826109e-01
      vertex 4.4653478e-01 9.5088261e-01 4.4653478e-01
    endloop
  endfacet
  facet normal 2.3254569e-01 9.2103350e-01 3.1244162e-01
    outer loop
      vertex 3.7826109e-01 9.9128103e-01 3.7826109e-01
      vertex 3.7826109e-01 9.6375418e-01 4.5940635e-01
      vertex 4.4653478e-01 9.5088261e-01 4.4653478e-01
    endloop
  endfacet
  facet normal 2.3736687e-01 9.0434772e-01 3.5470009e-01
    outer loop
      vertex 3.7826109e-01 9.6375418e-01 4.5940635e-01
      vertex 3.7826109e-01 8.9667392e-01 6.3043499e-01
      vertex 4.4653478e-01 9.5088261e-01 4.4653478e-01
    endloop
  endfacet
  facet normal 2.3736401e-01 9.0434867e-01 3.5469949e-01
    outer loop
      vertex 4.4653478e-01 9.5088261e-01 4.4653478e-01
      vertex 3.7826109e-01 8.9667392e-01 6.3043499e-01
      vertex 3.8940197e-01 8.9374977e-01 6.3043499e-01
    endloop
  endfacet
  facet normal 2.3756956e-01 9.0427834e-01 3.5474139e-01
    outer loop
      vertex 5.5076796e-01 8.8260889e-01 5.5076796e-01
      vertex 4.4653478e-01 9.5088261e-01 4.4653478e-01
      vertex 4.3180829e-01 8.8260889e-01 6.3043499e-01
    endloop
  endfacet
  facet normal 2.3756975e-01 9.0427828e-01 3.5474136e-01
    outer loop
      vertex 4.4653478e-01 9.5088261e-01 4.4653478e-01
      vertex 3.8940197e-01 8.9374977e-01 6.3043499e-01
      vertex 4.3180829e-01 8.8260889e-01 6.3043499e-01
    endloop
  endfacet
  facet normal 2.3782332e-01 6.7347759e-01 6.9990569e-01
    outer loop
      vertex 3.9184153e-01 8.8260889e-01 6.4401543e-01
      vertex 4.3180829e-01 8.8260889e-01 6.3043499e-01
      vertex 3.8616496e-01 8.9051276e-01 6.3833886e-01
    endloop
  endfacet
  facet normal 2.2725400e-01 8.6501276e-01 4.4733483e-01
    outer loop
      vertex 4.3180829e-01 8.8260889e-01 6.3043499e-01
      vertex 3.8940197e-01 8.9374977e-01 6.3043499e-01
      vertex 3.8616496e-01 8.9051276e-01 6.3833886e-01
    endloop
  endfacet
  facet normal 2.2705963e-01 8.6508894e-01 4.4728634e-01
    outer loop
      vertex 3.8940197e-01 8.9374977e-01 6.3043499e-01
      vertex 3.7826109e-01 8.9667392e-01 6.3043499e-01
      vertex 3.8616496e-01 8.9051276e-01 6.3833886e-01
    endloop
  endfacet
  facet normal 1.8775941e-01 8.5684872e-01 4.8016322e-01
    outer loop
      vertex 3.7826109e-01 8.9667392e-01 6.3043499e-01
      vertex 3.7826109e-01 8.9162272e-01 6.3944882e-01
      vertex 3.8616496e-01 8.9051276e-01 6.3833886e-01
    endloop
  endfacet
  facet normal 1.9478229e-01 7.0206189e-01 6.8495911e-01
    outer loop
      vertex 3.7826109e-01 8.9162272e-01 6.3944882e-01
      vertex 3.7826109e-01 8.8260889e-01 6.4868772e-01
      vertex 3.8616496e-01 8.9051276e-01 6.3833886e-01
    endloop
  endfacet
  facet normal 2.4028234e-01 6.7416441e-01 6.9840300e-01
    outer loop
      vertex 3.7826109e-01 8.8260889e-01 6.4868772e-01
      vertex 3.9184153e-01 8.8260889e-01 6.4401543e-01
      vertex 3.8616496e-01 8.9051276e-01 6.3833886e-01
    endloop
  endfacet
  facet normal 3.2616583e-01 -8.9957529e-01 -2.9048249e-01
    outer loop
      vertex 6.3043499e-01 -8.9510804e-01 -3.9076027e-01
      vertex 6.3043499e-01 -8.8260865e-01 -4.2946878e-01
      vertex 6.7604065e-01 -8.8260865e-01 -3.7826085e-01
    endloop
  endfacet
  facet normal 3.1917754e-01 -9.1396171e-01 -2.5059849e-01
    outer loop
      vertex 6.3043499e-01 -8.9510804e-01 -3.9076027e-01
      vertex 6.7604065e-01 -8.8260865e-01 -3.7826085e-01
      vertex 6.3043499e-01 -8.9853525e-01 -3.7826085e-01
    endloop
  endfacet
  facet normal 3.2847023e-01 -9.4057119e-01 -8.6215407e-02
    outer loop
      vertex 6.3043499e-01 -8.9853525e-01 -3.7826085e-01
      vertex 6.7604065e-01 -8.8260865e-01 -3.7826085e-01
      vertex 6.9227111e-01 -8.8260865e-01 -3.1642476e-01
    endloop
  endfacet
  facet normal 3.9064550e-01 -9.0704978e-01 -1.5702458e-01
    outer loop
      vertex 6.3043499e-01 -8.9853525e-01 -3.7826085e-01
      vertex 6.9227111e-01 -8.8260865e-01 -3.1642476e-01
      vertex 6.3043499e-01 -9.3339807e-01 -1.7687638e-01
    endloop
  endfacet
  facet normal 3.9064568e-01 -9.0704978e-01 -1.5702450e-01
    outer loop
      vertex 6.9227111e-01 -8.8260865e-01 -3.1642476e-01
      vertex 7.6877958e-01 -8.8260865e-01 -1.2608695e-01
      vertex 6.3043499e-01 -9.3339807e-01 -1.7687638e-01
    endloop
  endfacet
  facet normal 3.8771272e-01 -9.1015571e-01 -1.4592950e-01
    outer loop
      vertex 6.3043499e-01 -9.3339807e-01 -1.7687638e-01
      vertex 7.6877958e-01 -8.8260865e-01 -1.2608695e-01
      vertex 6.3043499e-01 -9.4154137e-01 -1.2608695e-01
    endloop
  endfacet
  facet normal 3.9190805e-01 -9.2000437e-01 0.0000000e+00
    outer loop
      vertex 6.3043499e-01 -9.4154137e-01 -1.2608695e-01
      vertex 7.6877958e-01 -8.8260865e-01 -1.2608695e-01
      vertex 7.6877958e-01 -8.8260865e-01 1.2257785e-02
    endloop
  endfacet
  facet normal 3.9190811e-01 -9.2000443e-01 0.0000000e+00
    outer loop
      vertex 6.3043499e-01 -9.4154137e-01 -1.2608695e-01
      vertex 7.6877958e-01 -8.8260865e-01 1.2257785e-02
      vertex 6.3043499e-01 -9.4154137e-01 6.7154430e-02
    endloop
  endfacet
  facet normal 3.9190808e-01 -9.2000437e-01 0.0000000e+00
    outer loop
      vertex 7.6877958e-01 -8.8260865e-01 1.2257785e-02
      vertex 7.6877958e-01 -8.8260865e-01 1.2608719e-01
      vertex 6.3043499e-01 -9.4154137e-01 6.7154430e-02
    endloop
  endfacet
  facet normal 3.9190814e-01 -9.2000443e-01 0.0000000e+00
    outer loop
      vertex 6.3043499e-01 -9.4154137e-01 6.7154430e-02
      vertex 7.6877958e-01 -8.8260865e-01 1.2608719e-01
      vertex 6.3043499e-01 -9.4154137e-01 1.2608719e-01
    endloop
  endfacet
  facet normal 3.9055243e-01 -9.1682196e-01 8.3104096e-02
    outer loop
      vertex 6.3043499e-01 -9.4154137e-01 1.2608719e-01
      vertex 7.6877958e-01 -8.8260865e-01 1.2608719e-01
      vertex 7.4450672e-01 -8.8260865e-01 2.4015889e-01
    endloop
  endfacet
  facet normal 3.2229191e-01 -9.3306285e-01 1.5975507e-01
    outer loop
      vertex 6.3043499e-01 -9.4154137e-01 1.2608719e-01
      vertex 7.4450672e-01 -8.8260865e-01 2.4015889e-01
      vertex 6.3043499e-01 -9.0162033e-01 3.5924938e-01
    endloop
  endfacet
  facet normal 3.2229176e-01 -9.3306297e-01 1.5975484e-01
    outer loop
      vertex 7.4450672e-01 -8.8260865e-01 2.4015889e-01
      vertex 6.7605168e-01 -8.8260865e-01 3.7826109e-01
      vertex 6.3043499e-01 -9.0162033e-01 3.5924938e-01
    endloop
  endfacet
  facet normal 3.2589558e-01 -9.3322527e-01 1.5127002e-01
    outer loop
      vertex 6.3043499e-01 -9.0162033e-01 3.5924938e-01
      vertex 6.7605168e-01 -8.8260865e-01 3.7826109e-01
      vertex 6.3043499e-01 -8.9853865e-01 3.7826109e-01
    endloop
  endfacet
  facet normal 3.2690573e-01 -9.3611801e-01 1.2967555e-01
    outer loop
      vertex 6.3043499e-01 -8.9853865e-01 3.7826109e-01
      vertex 6.7605168e-01 -8.8260865e-01 3.7826109e-01
      vertex 6.6309589e-01 -8.8260865e-01 4.1092199e-01
    endloop
  endfacet
  facet normal 2.0676447e-01 -9.4482780e-01 2.5406492e-01
    outer loop
      vertex 6.3043499e-01 -8.9853865e-01 3.7826109e-01
      vertex 6.6309589e-01 -8.8260865e-01 4.1092199e-01
      vertex 6.3043499e-01 -8.8260865e-01 4.3750226e-01
    endloop
  endfacet
  facet normal 3.7237036e-01 -4.6065751e-01 -8.0568910e-01
    outer loop
      vertex 6.3043499e-01 -6.8381369e-01 -6.8381369e-01
      vertex 6.3043499e-01 -6.3043475e-01 -7.1433342e-01
      vertex 8.1196457e-01 -6.3043475e-01 -6.3043475e-01
    endloop
  endfacet
  facet normal 3.7734336e-01 -5.1079428e-01 -7.7246433e-01
    outer loop
      vertex 6.3043499e-01 -6.8381369e-01 -6.8381369e-01
      vertex 8.1196457e-01 -6.3043475e-01 -6.3043475e-01
      vertex 6.3043499e-01 -7.6453763e-01 -6.3043475e-01
    endloop
  endfacet
  facet normal 2.2270356e-01 -9.5679688e-01 -1.8692981e-01
    outer loop
      vertex 6.9397849e-01 -8.1906515e-01 -5.6689125e-01
      vertex 8.8260889e-01 -7.8233552e-01 -5.3016162e-01
      vertex 8.8260889e-01 -8.1201243e-01 -3.7826085e-01
    endloop
  endfacet
  facet normal 2.4896647e-01 -3.9373931e-01 -8.8486445e-01
    outer loop
      vertex 6.9397849e-01 -8.1906515e-01 -5.6689125e-01
      vertex 8.8260889e-01 -6.3043475e-01 -5.9775311e-01
      vertex 8.8260889e-01 -7.8233552e-01 -5.3016162e-01
    endloop
  endfacet
  facet normal 3.6502969e-01 -4.9412578e-01 -7.8904563e-01
    outer loop
      vertex 6.3043499e-01 -7.6453763e-01 -6.3043475e-01
      vertex 8.1196457e-01 -6.3043475e-01 -6.3043475e-01
      vertex 6.9397849e-01 -8.1906515e-01 -5.6689125e-01
    endloop
  endfacet
  facet normal 3.6503005e-01 -4.9412596e-01 -7.8904539e-01
    outer loop
      vertex 8.1196457e-01 -6.3043475e-01 -6.3043475e-01
      vertex 8.8260889e-01 -6.3043475e-01 -5.9775311e-01
      vertex 6.9397849e-01 -8.1906515e-01 -5.6689125e-01
    endloop
  endfacet
  facet normal -3.0258119e-01 5.5247724e-01 7.7666831e-01
    outer loop
      vertex 6.9397855e-01 -8.1906509e-01 -5.6689119e-01
      vertex 6.3043499e-01 -7.6453763e-01 -6.3043475e-01
      vertex 6.3043499e-01 -8.3353084e-01 -5.8135694e-01
    endloop
  endfacet
  facet normal -2.7552441e-01 9.1472811e-01 2.9556522e-01
    outer loop
      vertex 6.9397855e-01 -8.1906509e-01 -5.6689119e-01
      vertex 6.3043499e-01 -8.3353084e-01 -5.8135694e-01
      vertex 6.3043499e-01 -8.8260865e-01 -4.2946878e-01
    endloop
  endfacet
  facet normal 3.1076065e-01 -9.0930206e-01 -2.7676269e-01
    outer loop
      vertex 6.3043499e-01 -8.8260865e-01 -4.2946878e-01
      vertex 6.9397849e-01 -8.1906515e-01 -5.6689125e-01
      vertex 6.7604065e-01 -8.8260865e-01 -3.7826085e-01
    endloop
  endfacet
  facet normal 3.1076071e-01 -9.0930212e-01 -2.7676272e-01
    outer loop
      vertex 6.7604065e-01 -8.8260865e-01 -3.7826085e-01
      vertex 6.9397849e-01 -8.1906515e-01 -5.6689125e-01
      vertex 8.8260889e-01 -8.1201243e-01 -3.7826085e-01
    endloop
  endfacet
  facet normal 3.2990113e-01 -9.4003576e-01 -8.6590990e-02
    outer loop
      vertex 6.9227111e-01 -8.8260865e-01 -3.1642476e-01
      vertex 6.7604065e-01 -8.8260865e-01 -3.7826085e-01
      vertex 8.8260889e-01 -8.3334339e-01 -1.2608695e-01
    endloop
  endfacet
  facet normal 3.2990104e-01 -9.4003576e-01 -8.6590886e-02
    outer loop
      vertex 6.7604065e-01 -8.8260865e-01 -3.7826085e-01
      vertex 8.8260889e-01 -8.1622905e-01 -3.1188124e-01
      vertex 8.8260889e-01 -8.3334339e-01 -1.2608695e-01
    endloop
  endfacet
  facet normal 3.2281032e-01 -9.4455987e-01 -6.0000990e-02
    outer loop
      vertex 8.8260889e-01 -8.1622905e-01 -3.1188124e-01
      vertex 6.7604065e-01 -8.8260865e-01 -3.7826085e-01
      vertex 8.8260889e-01 -8.1201243e-01 -3.7826085e-01
    endloop
  endfacet
  facet normal 3.9222735e-01 -9.0625656e-01 -1.5766026e-01
    outer loop
      vertex 8.8260889e-01 -8.3334339e-01 -1.2608695e-01
      vertex 7.6877958e-01 -8.8260865e-01 -1.2608695e-01
      vertex 6.9227111e-01 -8.8260865e-01 -3.1642476e-01
    endloop
  endfacet
  facet normal 3.9719489e-01 -9.1773432e-01 0.0000000e+00
    outer loop
      vertex 7.6877958e-01 -8.8260865e-01 1.2257785e-02
      vertex 7.6877958e-01 -8.8260865e-01 -1.2608695e-01
      vertex 8.8260889e-01 -8.3334339e-01 1.2608719e-01
    endloop
  endfacet
  facet normal 3.9719489e-01 -9.1773427e-01 0.0000000e+00
    outer loop
      vertex 7.6877958e-01 -8.8260865e-01 -1.2608695e-01
      vertex 8.8260889e-01 -8.3334339e-01 -7.6821610e-02
      vertex 8.8260889e-01 -8.3334339e-01 1.2608719e-01
    endloop
  endfacet
  facet normal 3.9719489e-01 -9.1773427e-01 0.0000000e+00
    outer loop
      vertex 8.8260889e-01 -8.3334339e-01 -7.6821610e-02
      vertex 7.6877958e-01 -8.8260865e-01 -1.2608695e-01
      vertex 8.8260889e-01 -8.3334339e-01 -1.2608695e-01
    endloop
  endfacet
  facet normal 3.9719492e-01 -9.1773427e-01 0.0000000e+00
    outer loop
      vertex 8.8260889e-01 -8.3334339e-01 1.2608719e-01
      vertex 7.6877958e-01 -8.8260865e-01 1.2608719e-01
      vertex 7.6877958e-01 -8.8260865e-01 1.2257785e-02
    endloop
  endfacet
  facet normal 3.8705754e-01 -9.1836989e-01 8.2360417e-02
    outer loop
      vertex 7.4450672e-01 -8.8260865e-01 2.4015889e-01
      vertex 7.6877958e-01 -8.8260865e-01 1.2608719e-01
      vertex 8.8260889e-01 -8.1201875e-01 3.7826109e-01
    endloop
  endfacet
  facet normal 3.8705742e-01 -9.1836995e-01 8.2360461e-02
    outer loop
      vertex 7.6877958e-01 -8.8260865e-01 1.2608719e-01
      vertex 8.8260889e-01 -8.2990772e-01 1.7878813e-01
      vertex 8.8260889e-01 -8.1201875e-01 3.7826109e-01
    endloop
  endfacet
  facet normal 3.9648595e-01 -9.1609615e-01 5.9721999e-02
    outer loop
      vertex 8.8260889e-01 -8.2990772e-01 1.7878813e-01
      vertex 7.6877958e-01 -8.8260865e-01 1.2608719e-01
      vertex 8.8260889e-01 -8.3334339e-01 1.2608719e-01
    endloop
  endfacet
  facet normal 3.1930628e-01 -9.3434072e-01 1.5827498e-01
    outer loop
      vertex 8.8260889e-01 -8.1201875e-01 3.7826109e-01
      vertex 6.7605168e-01 -8.8260865e-01 3.7826109e-01
      vertex 7.4450672e-01 -8.8260865e-01 2.4015889e-01
    endloop
  endfacet
  facet normal 6.1045843e-01 -7.5412327e-01 2.4215400e-01
    outer loop
      vertex 6.6309589e-01 -8.8260865e-01 4.1092199e-01
      vertex 6.7605168e-01 -8.8260865e-01 3.7826109e-01
      vertex 8.8260889e-01 -6.3442707e-01 6.3043499e-01
    endloop
  endfacet
  facet normal 6.1046153e-01 -7.5412172e-01 2.4215119e-01
    outer loop
      vertex 6.7605168e-01 -8.8260865e-01 3.7826109e-01
      vertex 8.8260889e-01 -6.3631535e-01 6.2455440e-01
      vertex 8.8260889e-01 -6.3442707e-01 6.3043499e-01
    endloop
  endfacet
  facet normal 2.6802775e-01 -7.8429168e-01 5.5950654e-01
    outer loop
      vertex 8.8260889e-01 -6.3631535e-01 6.2455440e-01
      vertex 6.7605168e-01 -8.8260865e-01 3.7826109e-01
      vertex 8.8260889e-01 -8.1201875e-01 3.7826109e-01
    endloop
  endfacet
  facet normal 4.8511156e-01 -7.8678143e-01 3.8163033e-01
    outer loop
      vertex 8.7450635e-01 -6.3853729e-01 6.3043499e-01
      vertex 6.3043499e-01 -7.8902614e-01 6.3043499e-01
      vertex 6.3043499e-01 -8.8260865e-01 4.3750226e-01
    endloop
  endfacet
  facet normal 3.9541063e-01 -7.7947688e-01 4.8586658e-01
    outer loop
      vertex 6.3043499e-01 -8.8260865e-01 4.3750226e-01
      vertex 6.6309589e-01 -8.8260865e-01 4.1092199e-01
      vertex 8.7450635e-01 -6.3853729e-01 6.3043499e-01
    endloop
  endfacet
  facet normal 3.9540988e-01 -7.7947640e-01 4.8586789e-01
    outer loop
      vertex 6.6309589e-01 -8.8260865e-01 4.1092199e-01
      vertex 8.8260889e-01 -6.3442707e-01 6.3043499e-01
      vertex 8.7450635e-01 -6.3853729e-01 6.3043499e-01
    endloop
  endfacet
  facet normal 2.0673069e-01 -4.0753150e-01 8.8948333e-01
    outer loop
      vertex 8.7450635e-01 -6.3853729e-01 6.3043499e-01
      vertex 8.8260889e-01 -6.3442707e-01 6.3043499e-01
      vertex 8.8260889e-01 -6.3043475e-01 6.3226414e-01
    endloop
  endfacet
  facet normal 2.9856223e-01 -4.8422512e-01 8.2242727e-01
    outer loop
      vertex 8.7450635e-01 -6.3853729e-01 6.3043499e-01
      vertex 8.8260889e-01 -6.3043475e-01 6.3226414e-01
      vertex 6.3043499e-01 -7.8902614e-01 6.3043499e-01
    endloop
  endfacet
  facet normal 2.9856262e-01 -4.8422572e-01 8.2242680e-01
    outer loop
      vertex 8.8260889e-01 -6.3043475e-01 6.3226414e-01
      vertex 6.9894058e-01 -6.3043475e-01 6.9894058e-01
      vertex 6.3043499e-01 -7.8902614e-01 6.3043499e-01
    endloop
  endfacet
  facet normal 3.6859107e-01 -4.9822301e-01 7.8480214e-01
    outer loop
      vertex 6.3043499e-01 -7.8902614e-01 6.3043499e-01
      vertex 6.9894058e-01 -6.3043475e-01 6.9894058e-01
      vertex 6.3043499e-01 -6.3043475e-01 7.3111498e-01
    endloop
  endfacet
  facet normal 4.3549344e-01 -2.2248736e-01 -8.7226421e-01
    outer loop
      vertex 8.3772498e-01 -4.2314476e-01 -6.7531866e-01
      vertex 8.8260889e-01 -4.0528989e-01 -6.5746379e-01
      vertex 8.8260889e-01 -5.1125753e-01 -6.3043475e-01
    endloop
  endfacet
  facet normal 4.4798133e-01 -2.7565864e-01 -8.5048527e-01
    outer loop
      vertex 8.3772498e-01 -4.2314476e-01 -6.7531866e-01
      vertex 8.8260889e-01 -3.7826085e-01 -6.6622442e-01
      vertex 8.8260889e-01 -4.0528989e-01 -6.5746379e-01
    endloop
  endfacet
  facet normal 5.3360289e-01 -3.8057244e-01 -7.5526989e-01
    outer loop
      vertex 8.3772498e-01 -4.2314476e-01 -6.7531866e-01
      vertex 7.6066536e-01 -3.7826085e-01 -7.5237828e-01
      vertex 8.8260889e-01 -3.7826085e-01 -6.6622442e-01
    endloop
  endfacet
  facet normal 5.2837974e-01 -3.8872024e-01 -7.5479233e-01
    outer loop
      vertex 6.3043499e-01 -5.1892668e-01 -7.7110058e-01
      vertex 6.3043499e-01 -3.7826085e-01 -8.4354389e-01
      vertex 8.3772498e-01 -4.2314476e-01 -6.7531866e-01
    endloop
  endfacet
  facet normal 5.2837986e-01 -3.8871983e-01 -7.5479245e-01
    outer loop
      vertex 6.3043499e-01 -3.7826085e-01 -8.4354389e-01
      vertex 7.6066536e-01 -3.7826085e-01 -7.5237828e-01
      vertex 8.3772498e-01 -4.2314476e-01 -6.7531866e-01
    endloop
  endfacet
  facet normal 5.2780366e-01 -3.8534006e-01 -7.5692558e-01
    outer loop
      vertex 8.3772498e-01 -4.2314476e-01 -6.7531866e-01
      vertex 6.3043499e-01 -6.3043475e-01 -7.1433342e-01
      vertex 6.3043499e-01 -5.1892668e-01 -7.7110058e-01
    endloop
  endfacet
  facet normal 4.0713462e-01 -2.4133600e-01 -8.8090765e-01
    outer loop
      vertex 6.3043499e-01 -6.3043475e-01 -7.1433342e-01
      vertex 8.3772498e-01 -4.2314476e-01 -6.7531866e-01
      vertex 8.1196457e-01 -6.3043475e-01 -6.3043475e-01
    endloop
  endfacet
  facet normal 4.0713468e-01 -2.4133599e-01 -8.8090765e-01
    outer loop
      vertex 8.1196457e-01 -6.3043475e-01 -6.3043475e-01
      vertex 8.3772498e-01 -4.2314476e-01 -6.7531866e-01
      vertex 8.8260889e-01 -5.1125753e-01 -6.3043475e-01
    endloop
  endfacet
  facet normal 4.1213375e-01 -1.9106707e-01 -8.9086431e-01
    outer loop
      vertex 8.8260889e-01 -6.0352463e-01 -6.0352463e-01
      vertex 8.8260889e-01 -6.3043475e-01 -5.9775311e-01
      vertex 8.1196457e-01 -6.3043475e-01 -6.3043475e-01
    endloop
  endfacet
  facet normal 4.2709565e-01 -2.5316820e-01 -8.6804104e-01
    outer loop
      vertex 8.8260889e-01 -6.0352463e-01 -6.0352463e-01
      vertex 8.1196457e-01 -6.3043475e-01 -6.3043475e-01
      vertex 8.8260889e-01 -5.1125753e-01 -6.3043475e-01
    endloop
  endfacet
  facet normal 3.3102918e-01 -2.4275781e-01 9.1185987e-01
    outer loop
      vertex 6.9894058e-01 -6.3043475e-01 6.9894058e-01
      vertex 8.8260889e-01 -6.3043475e-01 6.3226414e-01
      vertex 7.1556866e-01 -5.4530108e-01 7.1556866e-01
    endloop
  endfacet
  facet normal 3.3102915e-01 -2.4275886e-01 9.1185951e-01
    outer loop
      vertex 7.1556866e-01 -5.4530108e-01 7.1556866e-01
      vertex 8.8260889e-01 -6.3043475e-01 6.3226414e-01
      vertex 8.8260889e-01 -6.2794197e-01 6.3292778e-01
    endloop
  endfacet
  facet normal 3.5068944e-01 -2.0494933e-01 9.1379029e-01
    outer loop
      vertex 8.8260889e-01 -3.7826085e-01 6.8892747e-01
      vertex 7.1556866e-01 -5.4530108e-01 7.1556866e-01
      vertex 8.8260889e-01 -6.2794197e-01 6.3292778e-01
    endloop
  endfacet
  facet normal 4.8186177e-01 -3.5402343e-01 8.0154645e-01
    outer loop
      vertex 7.6164609e-01 -3.7826085e-01 7.6164609e-01
      vertex 7.1556866e-01 -5.4530108e-01 7.1556866e-01
      vertex 8.8260889e-01 -3.7826085e-01 6.8892747e-01
    endloop
  endfacet
  facet normal 5.0881088e-01 -3.5650477e-01 7.8359163e-01
    outer loop
      vertex 6.3043499e-01 -4.4387683e-01 8.1699288e-01
      vertex 7.1556866e-01 -5.4530108e-01 7.1556866e-01
      vertex 6.3043499e-01 -3.7826085e-01 8.4684569e-01
    endloop
  endfacet
  facet normal 5.0881124e-01 -3.5650450e-01 7.8359151e-01
    outer loop
      vertex 7.1556866e-01 -5.4530108e-01 7.1556866e-01
      vertex 7.6164609e-01 -3.7826085e-01 7.6164609e-01
      vertex 6.3043499e-01 -3.7826085e-01 8.4684569e-01
    endloop
  endfacet
  facet normal 5.0432056e-01 -3.6108097e-01 7.8439867e-01
    outer loop
      vertex 6.3043499e-01 -4.4387683e-01 8.1699288e-01
      vertex 6.3043499e-01 -6.3043475e-01 7.3111498e-01
      vertex 7.1556866e-01 -5.4530108e-01 7.1556866e-01
    endloop
  endfacet
  facet normal 4.1144884e-01 -2.5147185e-01 8.7605470e-01
    outer loop
      vertex 6.3043499e-01 -6.3043475e-01 7.3111498e-01
      vertex 6.9894058e-01 -6.3043475e-01 6.9894058e-01
      vertex 7.1556866e-01 -5.4530108e-01 7.1556866e-01
    endloop
  endfacet
  facet normal 5.7293278e-01 -1.8029425e-01 -7.9952610e-01
    outer loop
      vertex 6.3043499e-01 -1.5324403e-01 -9.0976572e-01
      vertex 6.3043499e-01 -1.2608695e-01 -9.1588968e-01
      vertex 6.7687857e-01 -1.2608695e-01 -8.8260865e-01
    endloop
  endfacet
  facet normal 5.8445299e-01 -2.1789885e-01 -7.8162313e-01
    outer loop
      vertex 6.3043499e-01 -1.5324403e-01 -9.0976572e-01
      vertex 6.7687857e-01 -1.2608695e-01 -8.8260865e-01
      vertex 6.3043499e-01 -2.5065893e-01 -8.8260865e-01
    endloop
  endfacet
  facet normal 5.7055533e-01 -1.4930651e-01 -8.0757302e-01
    outer loop
      vertex 7.6066536e-01 -3.7826085e-01 -7.5237828e-01
      vertex 7.1033394e-01 -2.9836190e-01 -8.0270970e-01
      vertex 8.8260889e-01 -3.7826085e-01 -6.6622442e-01
    endloop
  endfacet
  facet normal 5.7055521e-01 -1.4930679e-01 -8.0757302e-01
    outer loop
      vertex 8.8260889e-01 -3.7826085e-01 -6.6622442e-01
      vertex 7.1033394e-01 -2.9836190e-01 -8.0270970e-01
      vertex 8.8260889e-01 -1.9564012e-01 -6.9998795e-01
    endloop
  endfacet
  facet normal 5.7588983e-01 -1.6515502e-01 -8.0067140e-01
    outer loop
      vertex 7.1033394e-01 -2.9836190e-01 -8.0270970e-01
      vertex 8.8260889e-01 -1.2608695e-01 -7.1433473e-01
      vertex 8.8260889e-01 -1.9564012e-01 -6.9998795e-01
    endloop
  endfacet
  facet normal 6.1618960e-01 -2.2973105e-01 -7.5334853e-01
    outer loop
      vertex 6.3043499e-01 -2.5065893e-01 -8.8260865e-01
      vertex 6.7687857e-01 -1.2608695e-01 -8.8260865e-01
      vertex 7.1033394e-01 -2.9836190e-01 -8.0270970e-01
    endloop
  endfacet
  facet normal 6.1618972e-01 -2.2973102e-01 -7.5334847e-01
    outer loop
      vertex 6.7687857e-01 -1.2608695e-01 -8.8260865e-01
      vertex 8.8260889e-01 -1.2608695e-01 -7.1433473e-01
      vertex 7.1033394e-01 -2.9836190e-01 -8.0270970e-01
    endloop
  endfacet
  facet normal 6.1960036e-01 -2.2281277e-01 -7.5262874e-01
    outer loop
      vertex 7.1033394e-01 -2.9836190e-01 -8.0270970e-01
      vertex 6.3043499e-01 -3.4911370e-01 -8.5346150e-01
      vertex 6.3043499e-01 -2.5065893e-01 -8.8260865e-01
    endloop
  endfacet
  facet normal 6.2751818e-01 -2.5080603e-01 -7.3710054e-01
    outer loop
      vertex 7.1033394e-01 -2.9836190e-01 -8.0270970e-01
      vertex 6.3043499e-01 -3.7826085e-01 -8.4354389e-01
      vertex 6.3043499e-01 -3.4911370e-01 -8.5346150e-01
    endloop
  endfacet
  facet normal 5.6673056e-01 -1.5297796e-01 -8.0957651e-01
    outer loop
      vertex 7.1033394e-01 -2.9836190e-01 -8.0270970e-01
      vertex 7.6066536e-01 -3.7826085e-01 -7.5237828e-01
      vertex 6.3043499e-01 -3.7826085e-01 -8.4354389e-01
    endloop
  endfacet
  facet normal 5.0926900e-01 -1.5167265e-01 8.4713662e-01
    outer loop
      vertex 7.6164609e-01 -3.7826085e-01 7.6164609e-01
      vertex 8.8260889e-01 -3.7826085e-01 6.8892747e-01
      vertex 7.7816522e-01 -2.3053059e-01 7.7816522e-01
    endloop
  endfacet
  facet normal 5.0926834e-01 -1.5167326e-01 8.4713686e-01
    outer loop
      vertex 7.7816522e-01 -2.3053059e-01 7.7816522e-01
      vertex 8.8260889e-01 -3.7826085e-01 6.8892747e-01
      vertex 8.8260889e-01 -3.0701181e-01 7.0168406e-01
    endloop
  endfacet
  facet normal 5.1775897e-01 -1.3736781e-01 8.4442621e-01
    outer loop
      vertex 8.8260889e-01 -1.2608695e-01 7.3111618e-01
      vertex 7.7816522e-01 -2.3053059e-01 7.7816522e-01
      vertex 8.8260889e-01 -3.0701181e-01 7.0168406e-01
    endloop
  endfacet
  facet normal 5.8561206e-01 -2.3632608e-01 7.7537638e-01
    outer loop
      vertex 7.9630113e-01 -1.2608695e-01 7.9630113e-01
      vertex 7.7816522e-01 -2.3053059e-01 7.7816522e-01
      vertex 8.8260889e-01 -1.2608695e-01 7.3111618e-01
    endloop
  endfacet
  facet normal 5.7824999e-01 -2.3601983e-01 7.8097475e-01
    outer loop
      vertex 6.7973530e-01 -1.2608695e-01 8.8260889e-01
      vertex 7.7816522e-01 -2.3053059e-01 7.7816522e-01
      vertex 7.9630113e-01 -1.2608695e-01 7.9630113e-01
    endloop
  endfacet
  facet normal 5.8668345e-01 -2.2502242e-01 7.7792513e-01
    outer loop
      vertex 6.3043499e-01 -3.7826085e-01 8.4684569e-01
      vertex 7.7816522e-01 -2.3053059e-01 7.7816522e-01
      vertex 6.3043499e-01 -2.5462386e-01 8.8260889e-01
    endloop
  endfacet
  facet normal 5.8668339e-01 -2.2502233e-01 7.7792507e-01
    outer loop
      vertex 7.7816522e-01 -2.3053059e-01 7.7816522e-01
      vertex 6.7973530e-01 -1.2608695e-01 8.8260889e-01
      vertex 6.3043499e-01 -2.5462386e-01 8.8260889e-01
    endloop
  endfacet
  facet normal 5.3819430e-01 -1.5286146e-01 8.2884276e-01
    outer loop
      vertex 6.3043499e-01 -3.7826085e-01 8.4684569e-01
      vertex 7.6164609e-01 -3.7826085e-01 7.6164609e-01
      vertex 7.7816522e-01 -2.3053059e-01 7.7816522e-01
    endloop
  endfacet
  facet normal 5.6616801e-01 -2.1715367e-01 7.9517180e-01
    outer loop
      vertex 6.3043499e-01 -2.5462386e-01 8.8260889e-01
      vertex 6.7973530e-01 -1.2608695e-01 8.8260889e-01
      vertex 6.5093851e-01 -1.2608695e-01 9.0311241e-01
    endloop
  endfacet
  facet normal 5.1669931e-01 -2.1463129e-01 8.2882768e-01
    outer loop
      vertex 6.3043499e-01 -2.5462386e-01 8.8260889e-01
      vertex 6.5093851e-01 -1.2608695e-01 9.0311241e-01
      vertex 6.3043499e-01 -1.2608695e-01 9.1589451e-01
    endloop
  endfacet
  facet normal 5.8247805e-01 0.0000000e+00 -8.1284642e-01
    outer loop
      vertex 6.3043499e-01 9.2806131e-02 -9.1588968e-01
      vertex 6.3043499e-01 1.2608719e-01 -9.1588968e-01
      vertex 6.7687857e-01 1.2608719e-01 -8.8260865e-01
    endloop
  endfacet
  facet normal 5.8247805e-01 0.0000000e+00 -8.1284648e-01
    outer loop
      vertex 6.3043499e-01 9.2806131e-02 -9.1588968e-01
      vertex 6.7687857e-01 1.2608719e-01 -8.8260865e-01
      vertex 6.3043499e-01 -1.2608695e-01 -9.1588968e-01
    endloop
  endfacet
  facet normal 5.8247805e-01 0.0000000e+00 -8.1284648e-01
    outer loop
      vertex 6.7687857e-01 1.2608719e-01 -8.8260865e-01
      vertex 6.7687857e-01 -7.9643339e-02 -8.8260865e-01
      vertex 6.3043499e-01 -1.2608695e-01 -9.1588968e-01
    endloop
  endfacet
  facet normal 5.8247805e-01 0.0000000e+00 -8.1284648e-01
    outer loop
      vertex 6.3043499e-01 -1.2608695e-01 -9.1588968e-01
      vertex 6.7687857e-01 -7.9643339e-02 -8.8260865e-01
      vertex 6.7687857e-01 -1.2608695e-01 -8.8260865e-01
    endloop
  endfacet
  facet normal 6.3312310e-01 0.0000000e+00 -7.7405107e-01
    outer loop
      vertex 8.8260889e-01 4.2187124e-02 -7.1433473e-01
      vertex 8.8260889e-01 -1.2608695e-01 -7.1433473e-01
      vertex 6.7687857e-01 -1.2608695e-01 -8.8260865e-01
    endloop
  endfacet
  facet normal 6.3312310e-01 0.0000000e+00 -7.7405107e-01
    outer loop
      vertex 6.7687857e-01 -1.2608695e-01 -8.8260865e-01
      vertex 6.7687857e-01 -7.9643339e-02 -8.8260865e-01
      vertex 8.8260889e-01 4.2187124e-02 -7.1433473e-01
    endloop
  endfacet
  facet normal 6.3312298e-01 0.0000000e+00 -7.7405113e-01
    outer loop
      vertex 6.7687857e-01 -7.9643339e-02 -8.8260865e-01
      vertex 8.8260889e-01 1.2608719e-01 -7.1433473e-01
      vertex 8.8260889e-01 4.2187124e-02 -7.1433473e-01
    endloop
  endfacet
  facet normal 6.3312304e-01 0.0000000e+00 -7.7405113e-01
    outer loop
      vertex 8.8260889e-01 1.2608719e-01 -7.1433473e-01
      vertex 6.7687857e-01 -7.9643339e-02 -8.8260865e-01
      vertex 6.7687857e-01 1.2608719e-01 -8.8260865e-01
    endloop
  endfacet
  facet normal 6.0268378e-01 -0.0000000e+00 7.9798007e-01
    outer loop
      vertex 7.9630113e-01 -1.2608695e-01 7.9630113e-01
      vertex 8.8260889e-01 -1.2608695e-01 7.3111618e-01
      vertex 7.9630113e-01 3.9779320e-02 7.9630113e-01
    endloop
  endfacet
  facet normal 6.0268384e-01 0.0000000e+00 7.9798007e-01
    outer loop
      vertex 7.9630113e-01 3.9779320e-02 7.9630113e-01
      vertex 8.8260889e-01 -1.2608695e-01 7.3111618e-01
      vertex 8.8260889e-01 -2.5405660e-02 7.3111618e-01
    endloop
  endfacet
  facet normal 6.0268384e-01 0.0000000e+00 7.9798013e-01
    outer loop
      vertex 8.8260889e-01 1.2608719e-01 7.3111618e-01
      vertex 7.9630113e-01 3.9779320e-02 7.9630113e-01
      vertex 8.8260889e-01 -2.5405660e-02 7.3111618e-01
    endloop
  endfacet
  facet normal 6.0268319e-01 9.6730537e-07 7.9798055e-01
    outer loop
      vertex 7.9630107e-01 1.2608719e-01 7.9630107e-01
      vertex 7.9630113e-01 3.9779320e-02 7.9630113e-01
      vertex 8.8260889e-01 1.2608719e-01 7.3111618e-01
    endloop
  endfacet
  facet normal 5.9506202e-01 9.6717520e-07 8.0367982e-01
    outer loop
      vertex 6.7973530e-01 1.2608719e-01 8.8260889e-01
      vertex 7.9630113e-01 3.9779320e-02 7.9630113e-01
      vertex 7.9630107e-01 1.2608719e-01 7.9630107e-01
    endloop
  endfacet
  facet normal 5.9506148e-01 -0.0000000e+00 8.0368018e-01
    outer loop
      vertex 6.7973530e-01 -7.6786593e-02 8.8260889e-01
      vertex 7.9630113e-01 3.9779320e-02 7.9630113e-01
      vertex 6.7973530e-01 1.2608719e-01 8.8260889e-01
    endloop
  endfacet
  facet normal 5.9506154e-01 -0.0000000e+00 8.0368018e-01
    outer loop
      vertex 7.9630113e-01 -1.2608695e-01 7.9630113e-01
      vertex 7.9630113e-01 3.9779320e-02 7.9630113e-01
      vertex 6.7973530e-01 -1.2608695e-01 8.8260889e-01
    endloop
  endfacet
  facet normal 5.9506148e-01 0.0000000e+00 8.0368024e-01
    outer loop
      vertex 7.9630113e-01 3.9779320e-02 7.9630113e-01
      vertex 6.7973530e-01 -7.6786593e-02 8.8260889e-01
      vertex 6.7973530e-01 -1.2608695e-01 8.8260889e-01
    endloop
  endfacet
  facet normal 5.8000845e-01 -0.0000000e+00 8.1461042e-01
    outer loop
      vertex 6.5093851e-01 -1.2608695e-01 9.0311241e-01
      vertex 6.7973530e-01 -1.2608695e-01 8.8260889e-01
      vertex 6.5093851e-01 -1.0558340e-01 9.0311241e-01
    endloop
  endfacet
  facet normal 5.8000845e-01 -0.0000000e+00 8.1461048e-01
    outer loop
      vertex 6.7973530e-01 -1.2608695e-01 8.8260889e-01
      vertex 6.7973530e-01 -7.6786593e-02 8.8260889e-01
      vertex 6.5093851e-01 -1.0558340e-01 9.0311241e-01
    endloop
  endfacet
  facet normal 5.8000851e-01 -0.0000000e+00 8.1461042e-01
    outer loop
      vertex 6.7973530e-01 -7.6786593e-02 8.8260889e-01
      vertex 6.7973530e-01 1.2608719e-01 8.8260889e-01
      vertex 6.5093851e-01 -1.0558340e-01 9.0311241e-01
    endloop
  endfacet
  facet normal 5.8000845e-01 -0.0000000e+00 8.1461048e-01
    outer loop
      vertex 6.5093851e-01 -1.0558340e-01 9.0311241e-01
      vertex 6.7973530e-01 1.2608719e-01 8.8260889e-01
      vertex 6.5093851e-01 1.2608719e-01 9.0311241e-01
    endloop
  endfacet
  facet normal 5.2902830e-01 -0.0000000e+00 8.4860426e-01
    outer loop
      vertex 6.3043499e-01 -9.2801325e-02 9.1589451e-01
      vertex 6.5093851e-01 -1.0558340e-01 9.0311241e-01
      vertex 6.3043499e-01 1.2608719e-01 9.1589451e-01
    endloop
  endfacet
  facet normal 5.2902824e-01 -0.0000000e+00 8.4860426e-01
    outer loop
      vertex 6.5093851e-01 -1.0558340e-01 9.0311241e-01
      vertex 6.5093851e-01 1.2608719e-01 9.0311241e-01
      vertex 6.3043499e-01 1.2608719e-01 9.1589451e-01
    endloop
  endfacet
  facet normal 5.2902824e-01 0.0000000e+00 8.4860426e-01
    outer loop
      vertex 6.3043499e-01 -9.2801325e-02 9.1589451e-01
      vertex 6.3043499e-01 -1.2608695e-01 9.1589451e-01
      vertex 6.5093851e-01 -1.0558340e-01 9.0311241e-01
    endloop
  endfacet
  facet normal 5.2902818e-01 0.0000000e+00 8.4860420e-01
    outer loop
      vertex 6.3043499e-01 -1.2608695e-01 9.1589451e-01
      vertex 6.5093851e-01 -1.2608695e-01 9.0311241e-01
      vertex 6.5093851e-01 -1.0558340e-01 9.0311241e-01
    endloop
  endfacet
  facet normal 5.2000535e-01 2.2046830e-01 -8.2522005e-01
    outer loop
      vertex 6.3043499e-01 1.2608719e-01 -9.1588968e-01
      vertex 6.3043499e-01 2.5065917e-01 -8.8260865e-01
      vertex 6.6752499e-01 1.6317719e-01 -8.8260865e-01
    endloop
  endfacet
  facet normal 5.7629371e-01 1.4533316e-01 -8.0421627e-01
    outer loop
      vertex 6.3043499e-01 1.2608719e-01 -9.1588968e-01
      vertex 6.6752499e-01 1.6317719e-01 -8.8260865e-01
      vertex 6.7687857e-01 1.2608719e-01 -8.8260865e-01
    endloop
  endfacet
  facet normal 6.2650877e-01 1.4417019e-01 -7.6596451e-01
    outer loop
      vertex 8.8260889e-01 3.3337733e-01 -6.7531848e-01
      vertex 8.8260889e-01 1.2608719e-01 -7.1433473e-01
      vertex 6.7687857e-01 1.2608719e-01 -8.8260865e-01
    endloop
  endfacet
  facet normal 6.1865515e-01 1.5601614e-01 -7.7001607e-01
    outer loop
      vertex 6.7687857e-01 1.2608719e-01 -8.8260865e-01
      vertex 6.6752499e-01 1.6317719e-01 -8.8260865e-01
      vertex 8.8260889e-01 3.3337733e-01 -6.7531854e-01
    endloop
  endfacet
  facet normal 6.1865491e-01 1.5601668e-01 -7.7001625e-01
    outer loop
      vertex 6.6752499e-01 1.6317719e-01 -8.8260865e-01
      vertex 8.8260889e-01 3.7826109e-01 -6.6622442e-01
      vertex 8.8260889e-01 3.3337733e-01 -6.7531854e-01
    endloop
  endfacet
  facet normal 5.6049412e-01 2.3763444e-01 -7.9333234e-01
    outer loop
      vertex 6.6752499e-01 1.6317719e-01 -8.8260865e-01
      vertex 6.3043499e-01 2.5065917e-01 -8.8260865e-01
      vertex 8.8260889e-01 3.7826109e-01 -6.6622442e-01
    endloop
  endfacet
  facet normal 5.6049424e-01 2.3763426e-01 -7.9333234e-01
    outer loop
      vertex 6.3043499e-01 2.5065917e-01 -8.8260865e-01
      vertex 7.6066536e-01 3.7826109e-01 -7.5237828e-01
      vertex 8.8260889e-01 3.7826109e-01 -6.6622442e-01
    endloop
  endfacet
  facet normal 5.5625308e-01 2.4326615e-01 -7.9460937e-01
    outer loop
      vertex 7.6066536e-01 3.7826109e-01 -7.5237828e-01
      vertex 6.3043499e-01 2.5065917e-01 -8.8260865e-01
      vertex 6.3043499e-01 3.7826109e-01 -8.4354389e-01
    endloop
  endfacet
  facet normal 5.9638458e-01 1.4419699e-01 7.8964084e-01
    outer loop
      vertex 7.9630107e-01 1.2608719e-01 7.9630107e-01
      vertex 8.8260889e-01 1.2608719e-01 7.3111618e-01
      vertex 7.8067106e-01 2.7632326e-01 7.8067106e-01
    endloop
  endfacet
  facet normal 5.9638447e-01 1.4419688e-01 7.8964090e-01
    outer loop
      vertex 7.8067106e-01 2.7632326e-01 7.8067106e-01
      vertex 8.8260889e-01 1.2608719e-01 7.3111618e-01
      vertex 8.8260889e-01 2.1122186e-01 7.1556967e-01
    endloop
  endfacet
  facet normal 5.9027267e-01 1.2713934e-01 7.9712838e-01
    outer loop
      vertex 8.8260889e-01 3.7826109e-01 6.8892747e-01
      vertex 7.8067106e-01 2.7632326e-01 7.8067106e-01
      vertex 8.8260889e-01 2.1122186e-01 7.1556967e-01
    endloop
  endfacet
  facet normal 4.9912018e-01 2.4810529e-01 8.3025461e-01
    outer loop
      vertex 7.6164609e-01 3.7826109e-01 7.6164609e-01
      vertex 7.8067106e-01 2.7632326e-01 7.8067106e-01
      vertex 8.8260889e-01 3.7826109e-01 6.8892747e-01
    endloop
  endfacet
  facet normal 5.2730542e-01 2.4997255e-01 8.1207311e-01
    outer loop
      vertex 6.3043499e-01 3.5091543e-01 8.5526323e-01
      vertex 7.8067106e-01 2.7632326e-01 7.8067106e-01
      vertex 6.3043499e-01 3.7826109e-01 8.4684569e-01
    endloop
  endfacet
  facet normal 5.2730525e-01 2.4997230e-01 8.1207323e-01
    outer loop
      vertex 7.8067106e-01 2.7632326e-01 7.8067106e-01
      vertex 7.6164609e-01 3.7826109e-01 7.6164609e-01
      vertex 6.3043499e-01 3.7826109e-01 8.4684569e-01
    endloop
  endfacet
  facet normal 5.2277714e-01 2.3288284e-01 8.2004243e-01
    outer loop
      vertex 6.3043499e-01 3.5091543e-01 8.5526323e-01
      vertex 6.3043499e-01 2.5462410e-01 8.8260889e-01
      vertex 7.8067106e-01 2.7632326e-01 7.8067106e-01
    endloop
  endfacet
  facet normal 5.2277720e-01 2.3288260e-01 8.2004243e-01
    outer loop
      vertex 7.8067106e-01 2.7632326e-01 7.8067106e-01
      vertex 6.3043499e-01 2.5462410e-01 8.8260889e-01
      vertex 6.7004806e-01 1.6570029e-01 8.8260889e-01
    endloop
  endfacet
  facet normal 5.8885980e-01 1.4400321e-01 7.9530329e-01
    outer loop
      vertex 7.9630107e-01 1.2608719e-01 7.9630107e-01
      vertex 7.8067106e-01 2.7632326e-01 7.8067106e-01
      vertex 6.7973530e-01 1.2608719e-01 8.8260889e-01
    endloop
  endfacet
  facet normal 5.8885950e-01 1.4400360e-01 7.9530340e-01
    outer loop
      vertex 7.8067106e-01 2.7632326e-01 7.8067106e-01
      vertex 6.7004806e-01 1.6570029e-01 8.8260889e-01
      vertex 6.7973530e-01 1.2608719e-01 8.8260889e-01
    endloop
  endfacet
  facet normal 5.7413369e-01 1.4196821e-01 8.0635947e-01
    outer loop
      vertex 6.5093851e-01 1.2608719e-01 9.0311241e-01
      vertex 6.7973530e-01 1.2608719e-01 8.8260889e-01
      vertex 6.4902657e-01 1.4467880e-01 9.0120047e-01
    endloop
  endfacet
  facet normal 5.7353592e-01 1.4025621e-01 8.0708408e-01
    outer loop
      vertex 6.7973530e-01 1.2608719e-01 8.8260889e-01
      vertex 6.7004806e-01 1.6570029e-01 8.8260889e-01
      vertex 6.4902657e-01 1.4467880e-01 9.0120047e-01
    endloop
  endfacet
  facet normal 5.0834900e-01 2.2645526e-01 8.3084255e-01
    outer loop
      vertex 6.7004806e-01 1.6570029e-01 8.8260889e-01
      vertex 6.3043499e-01 2.5462410e-01 8.8260889e-01
      vertex 6.4902657e-01 1.4467880e-01 9.0120047e-01
    endloop
  endfacet
  facet normal 4.9160108e-01 2.2536667e-01 8.4115297e-01
    outer loop
      vertex 6.3043499e-01 2.5462410e-01 8.8260889e-01
      vertex 6.3043499e-01 1.5324838e-01 9.0977007e-01
      vertex 6.4902657e-01 1.4467880e-01 9.0120047e-01
    endloop
  endfacet
  facet normal 4.8261771e-01 1.9264983e-01 8.5438055e-01
    outer loop
      vertex 6.3043499e-01 1.5324838e-01 9.0977007e-01
      vertex 6.3043499e-01 1.2608719e-01 9.1589451e-01
      vertex 6.4902657e-01 1.4467880e-01 9.0120047e-01
    endloop
  endfacet
  facet normal 5.2379763e-01 1.4027323e-01 8.4021395e-01
    outer loop
      vertex 6.3043499e-01 1.2608719e-01 9.1589451e-01
      vertex 6.5093851e-01 1.2608719e-01 9.0311241e-01
      vertex 6.4902657e-01 1.4467880e-01 9.0120047e-01
    endloop
  endfacet
  facet normal 5.6357223e-01 2.1465969e-01 -7.9768896e-01
    outer loop
      vertex 7.6066536e-01 3.7826109e-01 -7.5237828e-01
      vertex 8.8260889e-01 5.1125777e-01 -6.3043475e-01
      vertex 8.8260889e-01 3.7826109e-01 -6.6622442e-01
    endloop
  endfacet
  facet normal 3.8032222e-01 4.2213747e-01 -8.2289433e-01
    outer loop
      vertex 6.3043499e-01 4.5816156e-01 -8.0270815e-01
      vertex 6.3043499e-01 6.3043499e-01 -7.1433342e-01
      vertex 8.1196457e-01 6.3043499e-01 -6.3043475e-01
    endloop
  endfacet
  facet normal 3.8184845e-01 4.2060637e-01 -8.2297146e-01
    outer loop
      vertex 6.3043499e-01 4.5816156e-01 -8.0270815e-01
      vertex 8.1196457e-01 6.3043499e-01 -6.3043475e-01
      vertex 6.3043499e-01 3.7826109e-01 -8.4354389e-01
    endloop
  endfacet
  facet normal 3.8184920e-01 4.2060584e-01 -8.2297146e-01
    outer loop
      vertex 8.1196457e-01 6.3043499e-01 -6.3043475e-01
      vertex 8.4899271e-01 5.9681880e-01 -6.3043475e-01
      vertex 6.3043499e-01 3.7826109e-01 -8.4354389e-01
    endloop
  endfacet
  facet normal 5.5945551e-01 2.1980511e-01 -7.9918402e-01
    outer loop
      vertex 6.3043499e-01 3.7826109e-01 -8.4354389e-01
      vertex 8.4899271e-01 5.9681880e-01 -6.3043475e-01
      vertex 7.6066536e-01 3.7826109e-01 -7.5237828e-01
    endloop
  endfacet
  facet normal 5.5945545e-01 2.1980517e-01 -7.9918408e-01
    outer loop
      vertex 8.4899271e-01 5.9681880e-01 -6.3043475e-01
      vertex 8.8260889e-01 5.1125777e-01 -6.3043475e-01
      vertex 7.6066536e-01 3.7826109e-01 -7.5237828e-01
    endloop
  endfacet
  facet normal 5.5840194e-01 2.1939124e-01 -8.0003428e-01
    outer loop
      vertex 8.8260889e-01 6.3043499e-01 -5.9775311e-01
      vertex 8.8260889e-01 5.1125777e-01 -6.3043475e-01
      vertex 8.4899271e-01 5.9681880e-01 -6.3043475e-01
    endloop
  endfacet
  facet normal 3.8108674e-01 4.1976592e-01 -8.2375324e-01
    outer loop
      vertex 8.8260889e-01 6.3043499e-01 -5.9775311e-01
      vertex 8.4899271e-01 5.9681880e-01 -6.3043475e-01
      vertex 8.1196457e-01 6.3043499e-01 -6.3043475e-01
    endloop
  endfacet
  facet normal 5.0087732e-01 2.3438662e-01 8.3317757e-01
    outer loop
      vertex 7.6164609e-01 3.7826109e-01 7.6164609e-01
      vertex 8.8260889e-01 3.7826109e-01 6.8892747e-01
      vertex 7.4203801e-01 4.8986411e-01 7.4203801e-01
    endloop
  endfacet
  facet normal 5.0087726e-01 2.3438649e-01 8.3317757e-01
    outer loop
      vertex 7.4203801e-01 4.8986411e-01 7.4203801e-01
      vertex 8.8260889e-01 3.7826109e-01 6.8892747e-01
      vertex 8.8260889e-01 4.2391139e-01 6.7608529e-01
    endloop
  endfacet
  facet normal 4.8609427e-01 1.8112536e-01 8.5493040e-01
    outer loop
      vertex 8.8260889e-01 6.3043499e-01 6.3233125e-01
      vertex 7.4203801e-01 4.8986411e-01 7.4203801e-01
      vertex 8.8260889e-01 4.2391139e-01 6.7608529e-01
    endloop
  endfacet
  facet normal 3.1737399e-01 3.6552617e-01 8.7502247e-01
    outer loop
      vertex 6.9894636e-01 6.3043499e-01 6.9894636e-01
      vertex 7.4203801e-01 4.8986411e-01 7.4203801e-01
      vertex 8.8260889e-01 6.3043499e-01 6.3233125e-01
    endloop
  endfacet
  facet normal 3.9355570e-01 3.7758499e-01 8.3817869e-01
    outer loop
      vertex 6.3043499e-01 5.2599120e-01 7.7816510e-01
      vertex 7.4203801e-01 4.8986411e-01 7.4203801e-01
      vertex 6.3043499e-01 6.3043499e-01 7.3111498e-01
    endloop
  endfacet
  facet normal 3.9355594e-01 3.7758514e-01 8.3817852e-01
    outer loop
      vertex 7.4203801e-01 4.8986411e-01 7.4203801e-01
      vertex 6.9894636e-01 6.3043499e-01 6.9894636e-01
      vertex 6.3043499e-01 6.3043499e-01 7.3111498e-01
    endloop
  endfacet
  facet normal 3.9503309e-01 3.8728592e-01 8.3304173e-01
    outer loop
      vertex 6.3043499e-01 5.2599120e-01 7.7816510e-01
      vertex 6.3043499e-01 3.7826109e-01 8.4684569e-01
      vertex 7.4203801e-01 4.8986411e-01 7.4203801e-01
    endloop
  endfacet
  facet normal 5.2918988e-01 2.3616298e-01 8.1497556e-01
    outer loop
      vertex 6.3043499e-01 3.7826109e-01 8.4684569e-01
      vertex 7.6164609e-01 3.7826109e-01 7.6164609e-01
      vertex 7.4203801e-01 4.8986411e-01 7.4203801e-01
    endloop
  endfacet
  facet normal 2.3180567e-01 5.1593590e-01 -8.2466739e-01
    outer loop
      vertex 6.3043499e-01 6.3043499e-01 -7.1433342e-01
      vertex 6.3043499e-01 7.6453787e-01 -6.3043475e-01
      vertex 7.2296494e-01 7.2296494e-01 -6.3043475e-01
    endloop
  endfacet
  facet normal 3.8905364e-01 3.7420997e-01 -8.4178632e-01
    outer loop
      vertex 6.3043499e-01 6.3043499e-01 -7.1433342e-01
      vertex 7.2296494e-01 7.2296494e-01 -6.3043475e-01
      vertex 8.1196457e-01 6.3043499e-01 -6.3043475e-01
    endloop
  endfacet
  facet normal 2.8284320e-01 7.3905385e-01 -6.1139113e-01
    outer loop
      vertex 8.1196457e-01 6.3043499e-01 -6.3043475e-01
      vertex 7.5551093e-01 7.5551093e-01 -5.0535882e-01
      vertex 8.8260889e-01 6.3043499e-01 -5.9775311e-01
    endloop
  endfacet
  facet normal 2.8284302e-01 7.3905379e-01 -6.1139143e-01
    outer loop
      vertex 7.5551093e-01 7.5551093e-01 -5.0535882e-01
      vertex 8.8260889e-01 8.1201267e-01 -3.7826085e-01
      vertex 8.8260889e-01 6.3043499e-01 -5.9775311e-01
    endloop
  endfacet
  facet normal 6.7639387e-01 6.5058720e-01 -3.4529346e-01
    outer loop
      vertex 8.1196457e-01 6.3043499e-01 -6.3043475e-01
      vertex 7.2296494e-01 7.2296494e-01 -6.3043475e-01
      vertex 7.5551093e-01 7.5551093e-01 -5.0535882e-01
    endloop
  endfacet
  facet normal 3.8753891e-01 8.6255556e-01 -3.2528681e-01
    outer loop
      vertex 7.2296494e-01 7.2296494e-01 -6.3043475e-01
      vertex 6.3043499e-01 7.6453787e-01 -6.3043475e-01
      vertex 7.5551093e-01 7.5551093e-01 -5.0535882e-01
    endloop
  endfacet
  facet normal 4.9440703e-01 7.4945444e-01 -4.4031760e-01
    outer loop
      vertex 6.3043499e-01 7.6453787e-01 -6.3043475e-01
      vertex 6.3043499e-01 8.8260889e-01 -4.2946878e-01
      vertex 7.5551093e-01 7.5551093e-01 -5.0535882e-01
    endloop
  endfacet
  facet normal 4.9440697e-01 7.4945450e-01 -4.4031775e-01
    outer loop
      vertex 7.5551093e-01 7.5551093e-01 -5.0535882e-01
      vertex 6.3043499e-01 8.8260889e-01 -4.2946878e-01
      vertex 6.7604065e-01 8.8260889e-01 -3.7826085e-01
    endloop
  endfacet
  facet normal 2.7588841e-01 7.6042074e-01 -5.8791655e-01
    outer loop
      vertex 8.2761586e-01 8.2761586e-01 -3.7826085e-01
      vertex 7.5551093e-01 7.5551093e-01 -5.0535882e-01
      vertex 6.7604065e-01 8.8260889e-01 -3.7826085e-01
    endloop
  endfacet
  facet normal 2.2354831e-01 7.8789049e-01 -5.7380718e-01
    outer loop
      vertex 8.8260889e-01 8.1201267e-01 -3.7826085e-01
      vertex 7.5551093e-01 7.5551093e-01 -5.0535882e-01
      vertex 8.2761586e-01 8.2761586e-01 -3.7826085e-01
    endloop
  endfacet
  facet normal 2.7917898e-01 9.5820260e-01 -6.2504478e-02
    outer loop
      vertex 8.8260889e-01 8.2990575e-01 -1.7879009e-01
      vertex 8.4242928e-01 8.4242928e-01 -1.6626653e-01
      vertex 8.8260889e-01 8.3334363e-01 -1.2608695e-01
    endloop
  endfacet
  facet normal 2.7194530e-01 9.5846432e-01 -8.5976727e-02
    outer loop
      vertex 8.2761586e-01 8.2761586e-01 -3.7826085e-01
      vertex 8.4242928e-01 8.4242928e-01 -1.6626653e-01
      vertex 8.8260889e-01 8.1201267e-01 -3.7826085e-01
    endloop
  endfacet
  facet normal 2.7194446e-01 9.5846450e-01 -8.5976906e-02
    outer loop
      vertex 8.4242928e-01 8.4242928e-01 -1.6626653e-01
      vertex 8.8260889e-01 8.2990575e-01 -1.7879009e-01
      vertex 8.8260889e-01 8.1201267e-01 -3.7826085e-01
    endloop
  endfacet
  facet normal 3.3969861e-01 9.3629849e-01 -8.9162223e-02
    outer loop
      vertex 8.2761586e-01 8.2761586e-01 -3.7826085e-01
      vertex 6.7604065e-01 8.8260889e-01 -3.7826085e-01
      vertex 8.4242928e-01 8.4242928e-01 -1.6626653e-01
    endloop
  endfacet
  facet normal 3.3969924e-01 9.3629825e-01 -8.9162715e-02
    outer loop
      vertex 8.4242928e-01 8.4242928e-01 -1.6626653e-01
      vertex 6.7604065e-01 8.8260889e-01 -3.7826085e-01
      vertex 6.9227111e-01 8.8260889e-01 -3.1642476e-01
    endloop
  endfacet
  facet normal 4.0302014e-01 9.0073919e-01 -1.6199857e-01
    outer loop
      vertex 7.6877958e-01 8.8260889e-01 -1.2608695e-01
      vertex 8.4242928e-01 8.4242928e-01 -1.6626653e-01
      vertex 6.9227111e-01 8.8260889e-01 -3.1642476e-01
    endloop
  endfacet
  facet normal 4.0280777e-01 9.0076029e-01 -1.6240902e-01
    outer loop
      vertex 8.4743518e-01 8.4743518e-01 -1.2608695e-01
      vertex 8.4242928e-01 8.4242928e-01 -1.6626653e-01
      vertex 7.6877958e-01 8.8260889e-01 -1.2608695e-01
    endloop
  endfacet
  facet normal 3.6710748e-01 9.1633165e-01 -1.5990119e-01
    outer loop
      vertex 8.8260889e-01 8.3334363e-01 -1.2608695e-01
      vertex 8.4242928e-01 8.4242928e-01 -1.6626653e-01
      vertex 8.4743518e-01 8.4743518e-01 -1.2608695e-01
    endloop
  endfacet
  facet normal 3.7191075e-01 9.2826843e-01 -6.2924963e-05
    outer loop
      vertex 8.8260889e-01 8.3336884e-01 7.6847106e-02
      vertex 8.4745443e-01 8.4745443e-01 9.0932712e-02
      vertex 8.8260889e-01 8.3337218e-01 1.2608719e-01
    endloop
  endfacet
  facet normal 3.7189263e-01 9.2827570e-01 -1.1534084e-04
    outer loop
      vertex 8.4743518e-01 8.4743518e-01 -1.2608695e-01
      vertex 8.4745443e-01 8.4745443e-01 9.0932712e-02
      vertex 8.8260889e-01 8.3334363e-01 -1.2608695e-01
    endloop
  endfacet
  facet normal 3.7189266e-01 9.2827570e-01 -1.1533592e-04
    outer loop
      vertex 8.4745443e-01 8.4745443e-01 9.0932712e-02
      vertex 8.8260889e-01 8.3336884e-01 7.6847106e-02
      vertex 8.8260889e-01 8.3334363e-01 -1.2608695e-01
    endloop
  endfacet
  facet normal 4.0822762e-01 9.1288024e-01 -1.1719844e-04
    outer loop
      vertex 8.4743518e-01 8.4743518e-01 -1.2608695e-01
      vertex 7.6877958e-01 8.8260889e-01 -1.2608695e-01
      vertex 8.4745443e-01 8.4745443e-01 9.0932712e-02
    endloop
  endfacet
  facet normal 4.0822816e-01 9.1287994e-01 -1.1746112e-04
    outer loop
      vertex 8.4745443e-01 8.4745443e-01 9.0932712e-02
      vertex 7.6877958e-01 8.8260889e-01 -1.2608695e-01
      vertex 7.6881939e-01 8.8260889e-01 1.2297571e-02
    endloop
  endfacet
  facet normal 4.0813032e-01 9.1292369e-01 0.0000000e+00
    outer loop
      vertex 7.6881939e-01 8.8260889e-01 1.2608719e-01
      vertex 8.4745443e-01 8.4745443e-01 9.0932712e-02
      vertex 7.6881939e-01 8.8260889e-01 1.2297571e-02
    endloop
  endfacet
  facet normal 4.0813032e-01 9.1292369e-01 0.0000000e+00
    outer loop
      vertex 8.4745443e-01 8.4745443e-01 1.2608719e-01
      vertex 8.4745443e-01 8.4745443e-01 9.0932712e-02
      vertex 7.6881939e-01 8.8260889e-01 1.2608719e-01
    endloop
  endfacet
  facet normal 3.7185654e-01 9.2829019e-01 0.0000000e+00
    outer loop
      vertex 8.8260889e-01 8.3337218e-01 1.2608719e-01
      vertex 8.4745443e-01 8.4745443e-01 9.0932712e-02
      vertex 8.4745443e-01 8.4745443e-01 1.2608719e-01
    endloop
  endfacet
  facet normal 3.6000612e-01 8.9870715e-01 -2.5044164e-01
    outer loop
      vertex 8.8260889e-01 8.8260889e-01 3.0277261e-01
      vertex 8.8260889e-01 8.3337218e-01 1.2608719e-01
      vertex 8.4745443e-01 8.4745443e-01 1.2608719e-01
    endloop
  endfacet
  facet normal 3.9472273e-01 8.8293314e-01 -2.5421059e-01
    outer loop
      vertex 8.8260889e-01 8.8260889e-01 3.0277261e-01
      vertex 8.4745443e-01 8.4745443e-01 1.2608719e-01
      vertex 7.6881939e-01 8.8260889e-01 1.2608719e-01
    endloop
  endfacet
  facet normal 9.2618197e-02 2.5400037e-01 9.6275938e-01
    outer loop
      vertex 8.8260889e-01 8.3148766e-01 5.7931376e-01
      vertex 8.3510369e-01 8.3510369e-01 5.8292979e-01
      vertex 8.8260889e-01 6.3771844e-01 6.3043499e-01
    endloop
  endfacet
  facet normal 9.7580545e-02 9.3147349e-01 3.5047856e-01
    outer loop
      vertex 8.8260889e-01 8.8260889e-01 4.4344789e-01
      vertex 8.3510369e-01 8.3510369e-01 5.8292979e-01
      vertex 8.8260889e-01 8.3148766e-01 5.7931376e-01
    endloop
  endfacet
  facet normal -1.9422188e-02 9.4842595e-01 3.1640312e-01
    outer loop
      vertex 6.8339306e-01 8.8260889e-01 4.3121916e-01
      vertex 8.3510369e-01 8.3510369e-01 5.8292979e-01
      vertex 8.8260889e-01 8.8260889e-01 4.4344789e-01
    endloop
  endfacet
  facet normal 3.2433614e-02 9.6259809e-01 2.6898506e-01
    outer loop
      vertex 6.3043499e-01 8.4049362e-01 5.8831972e-01
      vertex 8.3510369e-01 8.3510369e-01 5.8292979e-01
      vertex 6.3043499e-01 8.8260889e-01 4.3760473e-01
    endloop
  endfacet
  facet normal 3.2433622e-02 9.6259815e-01 2.6898509e-01
    outer loop
      vertex 8.3510369e-01 8.3510369e-01 5.8292979e-01
      vertex 6.8339306e-01 8.8260889e-01 4.3121916e-01
      vertex 6.3043499e-01 8.8260889e-01 4.3760473e-01
    endloop
  endfacet
  facet normal 3.7033789e-02 6.3298655e-01 7.7327651e-01
    outer loop
      vertex 6.3043499e-01 8.4049362e-01 5.8831972e-01
      vertex 6.3043499e-01 7.8904426e-01 6.3043499e-01
      vertex 8.3510369e-01 8.3510369e-01 5.8292979e-01
    endloop
  endfacet
  facet normal 3.7033837e-02 6.3298637e-01 7.7327657e-01
    outer loop
      vertex 8.3510369e-01 8.3510369e-01 5.8292979e-01
      vertex 6.3043499e-01 7.8904426e-01 6.3043499e-01
      vertex 7.8027749e-01 7.8027749e-01 6.3043499e-01
    endloop
  endfacet
  facet normal 4.2851952e-01 3.0759889e-01 8.4956110e-01
    outer loop
      vertex 8.8260889e-01 6.3771844e-01 6.3043499e-01
      vertex 8.3510369e-01 8.3510369e-01 5.8292979e-01
      vertex 7.8027749e-01 7.8027749e-01 6.3043499e-01
    endloop
  endfacet
  facet normal 3.3295867e-01 2.1548070e-01 9.1799051e-01
    outer loop
      vertex 6.9894636e-01 6.3043499e-01 6.9894636e-01
      vertex 8.8260889e-01 6.3043499e-01 6.3233125e-01
      vertex 6.8887913e-01 6.8887913e-01 6.8887913e-01
    endloop
  endfacet
  facet normal 3.3295828e-01 2.1547994e-01 9.1799086e-01
    outer loop
      vertex 6.8887913e-01 6.8887913e-01 6.8887913e-01
      vertex 8.8260889e-01 6.3043499e-01 6.3233125e-01
      vertex 8.8260889e-01 6.3197076e-01 6.3197076e-01
    endloop
  endfacet
  facet normal 3.3840740e-01 2.4291480e-01 9.0910548e-01
    outer loop
      vertex 7.8027749e-01 7.8027749e-01 6.3043499e-01
      vertex 6.8887913e-01 6.8887913e-01 6.8887913e-01
      vertex 8.8260889e-01 6.3771844e-01 6.3043499e-01
    endloop
  endfacet
  facet normal 3.3840707e-01 2.4291231e-01 9.0910631e-01
    outer loop
      vertex 6.8887913e-01 6.8887913e-01 6.8887913e-01
      vertex 8.8260889e-01 6.3197076e-01 6.3197076e-01
      vertex 8.8260889e-01 6.3771844e-01 6.3043499e-01
    endloop
  endfacet
  facet normal 3.0238392e-02 5.1683754e-01 8.5554928e-01
    outer loop
      vertex 7.8027749e-01 7.8027749e-01 6.3043499e-01
      vertex 6.3043499e-01 7.8904426e-01 6.3043499e-01
      vertex 6.8887913e-01 6.8887913e-01 6.8887913e-01
    endloop
  endfacet
  facet normal 1.8820237e-01 5.7456696e-01 7.9652542e-01
    outer loop
      vertex 6.3043499e-01 7.8904426e-01 6.3043499e-01
      vertex 6.3043499e-01 6.9690144e-01 6.9690144e-01
      vertex 6.8887913e-01 6.8887913e-01 6.8887913e-01
    endloop
  endfacet
  facet normal 1.8178681e-01 4.5004803e-01 8.7430567e-01
    outer loop
      vertex 6.3043499e-01 6.9690144e-01 6.9690144e-01
      vertex 6.3043499e-01 6.3043499e-01 7.3111498e-01
      vertex 6.8887913e-01 6.8887913e-01 6.8887913e-01
    endloop
  endfacet
  facet normal 4.1428176e-01 2.2334452e-01 8.8231963e-01
    outer loop
      vertex 6.3043499e-01 6.3043499e-01 7.3111498e-01
      vertex 6.9894636e-01 6.3043499e-01 6.9894636e-01
      vertex 6.8887913e-01 6.8887913e-01 6.8887913e-01
    endloop
  endfacet
  facet normal 3.2685670e-01 9.0243405e-01 -2.8067344e-01
    outer loop
      vertex 6.3043499e-01 8.8260889e-01 -4.2946878e-01
      vertex 6.3043499e-01 8.9853549e-01 -3.7826085e-01
      vertex 6.4212686e-01 8.9430076e-01 -3.7826085e-01
    endloop
  endfacet
  facet normal 3.1300747e-01 9.0791911e-01 -2.7876371e-01
    outer loop
      vertex 6.3043499e-01 8.8260889e-01 -4.2946878e-01
      vertex 6.4212686e-01 8.9430076e-01 -3.7826085e-01
      vertex 6.7604065e-01 8.8260889e-01 -3.7826085e-01
    endloop
  endfacet
  facet normal 3.2770851e-01 9.4085521e-01 -8.6015478e-02
    outer loop
      vertex 6.9227111e-01 8.8260889e-01 -3.1642476e-01
      vertex 6.7604065e-01 8.8260889e-01 -3.7826085e-01
      vertex 6.4307326e-01 8.9524716e-01 -3.6562255e-01
    endloop
  endfacet
  facet normal 3.2446030e-01 9.4113952e-01 -9.4772756e-02
    outer loop
      vertex 6.7604065e-01 8.8260889e-01 -3.7826085e-01
      vertex 6.4212686e-01 8.9430076e-01 -3.7826085e-01
      vertex 6.4307326e-01 8.9524716e-01 -3.6562255e-01
    endloop
  endfacet
  facet normal 3.3898997e-01 9.3593329e-01 -9.5470957e-02
    outer loop
      vertex 6.4212686e-01 8.9430076e-01 -3.7826085e-01
      vertex 6.3043499e-01 8.9853549e-01 -3.7826085e-01
      vertex 6.4307326e-01 8.9524716e-01 -3.6562255e-01
    endloop
  endfacet
  facet normal 3.8475707e-01 9.1112500e-01 -1.4769277e-01
    outer loop
      vertex 6.3043499e-01 8.9853549e-01 -3.7826085e-01
      vertex 6.3043499e-01 9.0161663e-01 -3.5925311e-01
      vertex 6.4307326e-01 8.9524716e-01 -3.6562255e-01
    endloop
  endfacet
  facet normal 3.8069439e-01 9.1143596e-01 -1.5606494e-01
    outer loop
      vertex 6.3043499e-01 9.0161663e-01 -3.5925311e-01
      vertex 6.3043499e-01 9.4154161e-01 -1.2608695e-01
      vertex 6.4307326e-01 8.9524716e-01 -3.6562255e-01
    endloop
  endfacet
  facet normal 3.8069436e-01 9.1143596e-01 -1.5606496e-01
    outer loop
      vertex 6.4307326e-01 8.9524716e-01 -3.6562255e-01
      vertex 6.3043499e-01 9.4154161e-01 -1.2608695e-01
      vertex 6.7200464e-01 9.2417854e-01 -1.2608695e-01
    endloop
  endfacet
  facet normal 3.8980260e-01 9.0747100e-01 -1.5668562e-01
    outer loop
      vertex 6.9227111e-01 8.8260889e-01 -3.1642476e-01
      vertex 6.4307326e-01 8.9524716e-01 -3.6562255e-01
      vertex 7.6877958e-01 8.8260889e-01 -1.2608695e-01
    endloop
  endfacet
  facet normal 3.8980365e-01 9.0747041e-01 -1.5668620e-01
    outer loop
      vertex 6.4307326e-01 8.9524716e-01 -3.6562255e-01
      vertex 6.7200464e-01 9.2417854e-01 -1.2608695e-01
      vertex 7.6877958e-01 8.8260889e-01 -1.2608695e-01
    endloop
  endfacet
  facet normal 3.9473373e-01 9.1879559e-01 -1.1357252e-04
    outer loop
      vertex 7.6881939e-01 8.8260889e-01 1.2297571e-02
      vertex 7.6877958e-01 8.8260889e-01 -1.2608695e-01
      vertex 6.7201304e-01 9.2418694e-01 -8.4508844e-02
    endloop
  endfacet
  facet normal 3.9467856e-01 9.1881925e-01 -2.6551628e-04
    outer loop
      vertex 7.6877958e-01 8.8260889e-01 -1.2608695e-01
      vertex 6.7200464e-01 9.2417854e-01 -1.2608695e-01
      vertex 6.7201304e-01 9.2418694e-01 -8.4508844e-02
    endloop
  endfacet
  facet normal 3.8541687e-01 9.2274249e-01 -2.6442049e-04
    outer loop
      vertex 6.7200464e-01 9.2417854e-01 -1.2608695e-01
      vertex 6.3043499e-01 9.4154161e-01 -1.2608695e-01
      vertex 6.7201304e-01 9.2418694e-01 -8.4508844e-02
    endloop
  endfacet
  facet normal 3.8519174e-01 9.2283660e-01 -0.0000000e+00
    outer loop
      vertex 6.3043499e-01 9.4154161e-01 -1.2608695e-01
      vertex 6.3043499e-01 9.4154161e-01 -6.7154184e-02
      vertex 6.7201304e-01 9.2418694e-01 -8.4508844e-02
    endloop
  endfacet
  facet normal 3.8519171e-01 9.2283654e-01 -0.0000000e+00
    outer loop
      vertex 6.3043499e-01 9.4154161e-01 -6.7154184e-02
      vertex 6.3043499e-01 9.4154161e-01 1.2608719e-01
      vertex 6.7201304e-01 9.2418694e-01 -8.4508844e-02
    endloop
  endfacet
  facet normal 3.8519171e-01 9.2283654e-01 -0.0000000e+00
    outer loop
      vertex 6.7201304e-01 9.2418694e-01 -8.4508844e-02
      vertex 6.3043499e-01 9.4154161e-01 1.2608719e-01
      vertex 6.7201304e-01 9.2418694e-01 1.2608719e-01
    endloop
  endfacet
  facet normal 3.9463779e-01 9.1883677e-01 -0.0000000e+00
    outer loop
      vertex 7.6881939e-01 8.8260889e-01 1.2297571e-02
      vertex 6.7201304e-01 9.2418694e-01 -8.4508844e-02
      vertex 7.6881939e-01 8.8260889e-01 1.2608719e-01
    endloop
  endfacet
  facet normal 3.9463782e-01 9.1883677e-01 -0.0000000e+00
    outer loop
      vertex 6.7201304e-01 9.2418694e-01 -8.4508844e-02
      vertex 6.7201304e-01 9.2418694e-01 1.2608719e-01
      vertex 7.6881939e-01 8.8260889e-01 1.2608719e-01
    endloop
  endfacet
  facet normal 3.9969149e-01 8.7976497e-01 -2.5741056e-01
    outer loop
      vertex 7.6881939e-01 8.8260889e-01 1.2608719e-01
      vertex 6.8455297e-01 9.3672687e-01 1.8020514e-01
      vertex 8.8260889e-01 8.8260889e-01 3.0277261e-01
    endloop
  endfacet
  facet normal 3.9969131e-01 8.7976521e-01 -2.5741026e-01
    outer loop
      vertex 6.8455297e-01 9.3672687e-01 1.8020514e-01
      vertex 8.8260889e-01 9.0469605e-01 3.7826109e-01
      vertex 8.8260889e-01 8.8260889e-01 3.0277261e-01
    endloop
  endfacet
  facet normal 3.7753931e-01 8.7902629e-01 -2.9116473e-01
    outer loop
      vertex 7.6881939e-01 8.8260889e-01 1.2608719e-01
      vertex 6.7201304e-01 9.2418694e-01 1.2608719e-01
      vertex 6.8455297e-01 9.3672687e-01 1.8020514e-01
    endloop
  endfacet
  facet normal 3.6863181e-01 8.8316262e-01 -2.9005915e-01
    outer loop
      vertex 6.7201304e-01 9.2418694e-01 1.2608719e-01
      vertex 6.3043499e-01 9.4154161e-01 1.2608719e-01
      vertex 6.8455297e-01 9.3672687e-01 1.8020514e-01
    endloop
  endfacet
  facet normal -7.0148900e-02 9.8497945e-01 1.5778022e-01
    outer loop
      vertex 6.3043499e-01 9.4154161e-01 1.2608719e-01
      vertex 6.3043499e-01 9.3340480e-01 1.7688310e-01
      vertex 6.8455297e-01 9.3672687e-01 1.8020514e-01
    endloop
  endfacet
  facet normal -7.0772424e-02 9.8289573e-01 1.7002141e-01
    outer loop
      vertex 6.3043499e-01 9.3340480e-01 1.7688310e-01
      vertex 6.3043499e-01 8.9857042e-01 3.7826109e-01
      vertex 6.8455297e-01 9.3672687e-01 1.8020514e-01
    endloop
  endfacet
  facet normal -7.0772193e-02 9.8289573e-01 1.7002146e-01
    outer loop
      vertex 6.8455297e-01 9.3672687e-01 1.8020514e-01
      vertex 6.3043499e-01 8.9857042e-01 3.7826109e-01
      vertex 6.4763498e-01 8.9980888e-01 3.7826109e-01
    endloop
  endfacet
  facet normal -2.0456433e-02 9.8354149e-01 1.7952079e-01
    outer loop
      vertex 8.8260889e-01 9.0469605e-01 3.7826109e-01
      vertex 6.8455297e-01 9.3672687e-01 1.8020514e-01
      vertex 6.4763498e-01 8.9980888e-01 3.7826109e-01
    endloop
  endfacet
  facet normal -2.5606418e-02 9.0847725e-01 4.1714919e-01
    outer loop
      vertex 6.8339306e-01 8.8260889e-01 4.3121916e-01
      vertex 8.8260889e-01 8.8260889e-01 4.4344789e-01
      vertex 6.4638501e-01 8.9855891e-01 3.9421111e-01
    endloop
  endfacet
  facet normal -2.5606260e-02 9.0847754e-01 4.1714856e-01
    outer loop
      vertex 6.4638501e-01 8.9855891e-01 3.9421111e-01
      vertex 8.8260889e-01 8.8260889e-01 4.4344789e-01
      vertex 8.8260889e-01 9.0312189e-01 3.9877412e-01
    endloop
  endfacet
  facet normal -2.0733323e-02 9.9685431e-01 7.6496489e-02
    outer loop
      vertex 6.4763498e-01 8.9980888e-01 3.7826109e-01
      vertex 6.4638501e-01 8.9855891e-01 3.9421111e-01
      vertex 8.8260889e-01 9.0469605e-01 3.7826109e-01
    endloop
  endfacet
  facet normal -2.0733217e-02 9.9685413e-01 7.6498047e-02
    outer loop
      vertex 6.4638501e-01 8.9855891e-01 3.9421111e-01
      vertex 8.8260889e-01 9.0312189e-01 3.9877412e-01
      vertex 8.8260889e-01 9.0469605e-01 3.7826109e-01
    endloop
  endfacet
  facet normal -7.1629703e-02 9.9480408e-01 7.2347187e-02
    outer loop
      vertex 6.4763498e-01 8.9980888e-01 3.7826109e-01
      vertex 6.3043499e-01 8.9857042e-01 3.7826109e-01
      vertex 6.4638501e-01 8.9855891e-01 3.9421111e-01
    endloop
  endfacet
  facet normal -2.4576870e-01 9.3747675e-01 2.4644484e-01
    outer loop
      vertex 6.3043499e-01 8.9857042e-01 3.7826109e-01
      vertex 6.3043499e-01 8.9524788e-01 3.9090005e-01
      vertex 6.4638501e-01 8.9855891e-01 3.9421111e-01
    endloop
  endfacet
  facet normal -2.4673551e-01 9.3543583e-01 2.5314295e-01
    outer loop
      vertex 6.3043499e-01 8.9524788e-01 3.9090005e-01
      vertex 6.3043499e-01 8.8260889e-01 4.3760473e-01
      vertex 6.4638501e-01 8.9855891e-01 3.9421111e-01
    endloop
  endfacet
  facet normal 4.3244094e-02 9.3247342e-01 3.5864076e-01
    outer loop
      vertex 6.3043499e-01 8.8260889e-01 4.3760473e-01
      vertex 6.8339306e-01 8.8260889e-01 4.3121916e-01
      vertex 6.4638501e-01 8.9855891e-01 3.9421111e-01
    endloop
  endfacet
  facet normal 7.5543839e-01 -2.6637328e-01 -5.9863025e-01
    outer loop
      vertex 8.8260889e-01 -7.8233552e-01 -5.3016162e-01
      vertex 8.8260889e-01 -6.3043475e-01 -5.9775311e-01
      vertex 1.0565406e+00 -6.3043475e-01 -3.7826085e-01
    endloop
  endfacet
  facet normal 7.1564180e-01 -6.8550724e-01 -1.3392782e-01
    outer loop
      vertex 8.8260889e-01 -7.8233552e-01 -5.3016162e-01
      vertex 1.0565406e+00 -6.3043475e-01 -3.7826085e-01
      vertex 8.8260889e-01 -8.1201243e-01 -3.7826085e-01
    endloop
  endfacet
  facet normal 7.2138923e-01 -6.9101262e-01 -4.5814916e-02
    outer loop
      vertex 8.8260889e-01 -8.1201243e-01 -3.7826085e-01
      vertex 1.0565406e+00 -6.3043475e-01 -3.7826085e-01
      vertex 1.0683360e+00 -6.3043475e-01 -1.9253370e-01
    endloop
  endfacet
  facet normal 7.2052872e-01 -6.9203019e-01 -4.3959621e-02
    outer loop
      vertex 8.8260889e-01 -8.1201243e-01 -3.7826085e-01
      vertex 1.0683360e+00 -6.3043475e-01 -1.9253370e-01
      vertex 8.8260889e-01 -8.1622905e-01 -3.1188124e-01
    endloop
  endfacet
  facet normal 7.2052884e-01 -6.9203007e-01 -4.3959830e-02
    outer loop
      vertex 1.0683360e+00 -6.3043475e-01 -1.9253370e-01
      vertex 1.0723900e+00 -6.3043475e-01 -1.2608695e-01
      vertex 8.8260889e-01 -8.1622905e-01 -3.1188124e-01
    endloop
  endfacet
  facet normal 7.2889578e-01 -6.8173850e-01 -6.2797971e-02
    outer loop
      vertex 8.8260889e-01 -8.1622905e-01 -3.1188124e-01
      vertex 1.0723900e+00 -6.3043475e-01 -1.2608695e-01
      vertex 8.8260889e-01 -8.3334339e-01 -1.2608695e-01
    endloop
  endfacet
  facet normal 7.3033726e-01 -6.8308669e-01 0.0000000e+00
    outer loop
      vertex 8.8260889e-01 -8.3334339e-01 -1.2608695e-01
      vertex 1.0723900e+00 -6.3043475e-01 -1.2608695e-01
      vertex 1.0723900e+00 -6.3043475e-01 6.3694313e-02
    endloop
  endfacet
  facet normal 7.3033726e-01 -6.8308675e-01 0.0000000e+00
    outer loop
      vertex 8.8260889e-01 -8.3334339e-01 -1.2608695e-01
      vertex 1.0723900e+00 -6.3043475e-01 6.3694313e-02
      vertex 8.8260889e-01 -8.3334339e-01 -7.6821610e-02
    endloop
  endfacet
  facet normal 7.3033726e-01 -6.8308669e-01 0.0000000e+00
    outer loop
      vertex 1.0723900e+00 -6.3043475e-01 6.3694313e-02
      vertex 1.0723900e+00 -6.3043475e-01 1.2608719e-01
      vertex 8.8260889e-01 -8.3334339e-01 -7.6821610e-02
    endloop
  endfacet
  facet normal 7.3033726e-01 -6.8308669e-01 0.0000000e+00
    outer loop
      vertex 8.8260889e-01 -8.3334339e-01 -7.6821610e-02
      vertex 1.0723900e+00 -6.3043475e-01 1.2608719e-01
      vertex 8.8260889e-01 -8.3334339e-01 1.2608719e-01
    endloop
  endfacet
  facet normal 7.2954929e-01 -6.8234968e-01 4.6439976e-02
    outer loop
      vertex 8.8260889e-01 -8.3334339e-01 1.2608719e-01
      vertex 1.0723900e+00 -6.3043475e-01 1.2608719e-01
      vertex 1.0610323e+00 -6.3043475e-01 3.0451059e-01
    endloop
  endfacet
  facet normal 7.3052722e-01 -6.8143702e-01 4.4424139e-02
    outer loop
      vertex 8.8260889e-01 -8.3334339e-01 1.2608719e-01
      vertex 1.0610323e+00 -6.3043475e-01 3.0451059e-01
      vertex 8.8260889e-01 -8.2990772e-01 1.7878813e-01
    endloop
  endfacet
  facet normal 7.3052710e-01 -6.8143719e-01 4.4424582e-02
    outer loop
      vertex 1.0610323e+00 -6.3043475e-01 3.0451059e-01
      vertex 1.0565474e+00 -6.3043475e-01 3.7826109e-01
      vertex 8.8260889e-01 -8.2990772e-01 1.7878813e-01
    endloop
  endfacet
  facet normal 7.2076046e-01 -6.9041330e-01 6.1917052e-02
    outer loop
      vertex 8.8260889e-01 -8.2990772e-01 1.7878813e-01
      vertex 1.0565474e+00 -6.3043475e-01 3.7826109e-01
      vertex 8.8260889e-01 -8.1201875e-01 3.7826109e-01
    endloop
  endfacet
  facet normal 7.2048759e-01 -6.9015193e-01 6.7733735e-02
    outer loop
      vertex 8.8260889e-01 -8.1201875e-01 3.7826109e-01
      vertex 1.0565474e+00 -6.3043475e-01 3.7826109e-01
      vertex 1.0416005e+00 -6.3043475e-01 5.3725266e-01
    endloop
  endfacet
  facet normal 3.2951012e-01 -7.6861328e-01 5.4832172e-01
    outer loop
      vertex 8.8260889e-01 -8.1201875e-01 3.7826109e-01
      vertex 1.0416005e+00 -6.3043475e-01 5.3725266e-01
      vertex 8.8260889e-01 -6.3631535e-01 6.2455440e-01
    endloop
  endfacet
  facet normal 3.2950976e-01 -7.6861399e-01 5.4832095e-01
    outer loop
      vertex 1.0416005e+00 -6.3043475e-01 5.3725266e-01
      vertex 8.8654035e-01 -6.3043475e-01 6.3043499e-01
      vertex 8.8260889e-01 -6.3631535e-01 6.2455440e-01
    endloop
  endfacet
  facet normal 6.9509286e-01 -6.8449730e-01 2.1979399e-01
    outer loop
      vertex 8.8260889e-01 -6.3631535e-01 6.2455440e-01
      vertex 8.8654035e-01 -6.3043475e-01 6.3043499e-01
      vertex 8.8260889e-01 -6.3442707e-01 6.3043499e-01
    endloop
  endfacet
  facet normal 4.2031404e-01 -4.1390705e-01 8.0747569e-01
    outer loop
      vertex 8.8260889e-01 -6.3442707e-01 6.3043499e-01
      vertex 8.8654035e-01 -6.3043475e-01 6.3043499e-01
      vertex 8.8395476e-01 -6.3043475e-01 6.3178086e-01
    endloop
  endfacet
  facet normal 3.1032953e-01 -3.9596498e-01 8.6423796e-01
    outer loop
      vertex 8.8260889e-01 -6.3442707e-01 6.3043499e-01
      vertex 8.8395476e-01 -6.3043475e-01 6.3178086e-01
      vertex 8.8260889e-01 -6.3043475e-01 6.3226414e-01
    endloop
  endfacet
  facet normal 5.0424522e-01 -2.6626003e-01 -8.2148790e-01
    outer loop
      vertex 8.8260889e-01 -4.0528989e-01 -6.5746379e-01
      vertex 8.8260889e-01 -3.7826085e-01 -6.6622442e-01
      vertex 9.4091541e-01 -3.7826085e-01 -6.3043475e-01
    endloop
  endfacet
  facet normal 4.9109459e-01 -2.1529868e-01 -8.4408092e-01
    outer loop
      vertex 8.8260889e-01 -4.0528989e-01 -6.5746379e-01
      vertex 9.4091541e-01 -3.7826085e-01 -6.3043475e-01
      vertex 8.8260889e-01 -5.1125753e-01 -6.3043475e-01
    endloop
  endfacet
  facet normal 8.4981239e-01 -3.7256271e-01 -3.7284842e-01
    outer loop
      vertex 8.8260889e-01 -5.1125753e-01 -6.3043475e-01
      vertex 9.4091541e-01 -3.7826085e-01 -6.3043475e-01
      vertex 9.8649430e-01 -3.7826085e-01 -5.2654934e-01
    endloop
  endfacet
  facet normal 7.9675096e-01 -1.6919973e-01 -5.8013731e-01
    outer loop
      vertex 8.8260889e-01 -5.1125753e-01 -6.3043475e-01
      vertex 9.8649430e-01 -3.7826085e-01 -5.2654934e-01
      vertex 8.8260889e-01 -6.0352463e-01 -6.0352463e-01
    endloop
  endfacet
  facet normal 7.9675102e-01 -1.6919973e-01 -5.8013725e-01
    outer loop
      vertex 9.8649430e-01 -3.7826085e-01 -5.2654934e-01
      vertex 1.0944674e+00 -3.7826085e-01 -3.7826085e-01
      vertex 8.8260889e-01 -6.0352463e-01 -6.0352463e-01
    endloop
  endfacet
  facet normal 7.8391385e-01 -1.3019942e-01 -6.0706437e-01
    outer loop
      vertex 8.8260889e-01 -6.0352463e-01 -6.0352463e-01
      vertex 1.0944674e+00 -3.7826085e-01 -3.7826085e-01
      vertex 8.8260889e-01 -6.3043475e-01 -5.9775311e-01
    endloop
  endfacet
  facet normal 7.8391409e-01 -1.3019986e-01 -6.0706401e-01
    outer loop
      vertex 1.0944674e+00 -3.7826085e-01 -3.7826085e-01
      vertex 1.0864378e+00 -4.2660576e-01 -3.7826085e-01
      vertex 8.8260889e-01 -6.3043475e-01 -5.9775311e-01
    endloop
  endfacet
  facet normal 7.7862740e-01 -1.1420745e-01 -6.1700583e-01
    outer loop
      vertex 8.8260889e-01 -6.3043475e-01 -5.9775311e-01
      vertex 1.0864378e+00 -4.2660576e-01 -3.7826085e-01
      vertex 1.0565406e+00 -6.3043475e-01 -3.7826085e-01
    endloop
  endfacet
  facet normal 9.8080051e-01 -1.8479812e-01 -6.2289957e-02
    outer loop
      vertex 1.0683360e+00 -6.3043475e-01 -1.9253370e-01
      vertex 1.0565406e+00 -6.3043475e-01 -3.7826085e-01
      vertex 1.1151146e+00 -3.9792913e-01 -1.4575522e-01
    endloop
  endfacet
  facet normal 9.8409212e-01 -1.4434460e-01 -1.0357273e-01
    outer loop
      vertex 1.0565406e+00 -6.3043475e-01 -3.7826085e-01
      vertex 1.0864378e+00 -4.2660576e-01 -3.7826085e-01
      vertex 1.1151146e+00 -3.9792913e-01 -1.4575522e-01
    endloop
  endfacet
  facet normal 9.8144722e-01 -1.6300805e-01 -1.0094463e-01
    outer loop
      vertex 1.0864378e+00 -4.2660576e-01 -3.7826085e-01
      vertex 1.0944674e+00 -3.7826085e-01 -3.7826085e-01
      vertex 1.1151146e+00 -3.9792913e-01 -1.4575522e-01
    endloop
  endfacet
  facet normal 9.8144782e-01 -1.6300450e-01 -1.0094438e-01
    outer loop
      vertex 1.1151146e+00 -3.9792913e-01 -1.4575522e-01
      vertex 1.0944674e+00 -3.7826085e-01 -3.7826085e-01
      vertex 1.1187557e+00 -3.7826085e-01 -1.4211401e-01
    endloop
  endfacet
  facet normal 9.8057854e-01 -1.6072266e-01 -1.1240079e-01
    outer loop
      vertex 1.1205928e+00 -3.7826085e-01 -1.2608695e-01
      vertex 1.1151146e+00 -3.9792913e-01 -1.4575522e-01
      vertex 1.1187557e+00 -3.7826085e-01 -1.4211401e-01
    endloop
  endfacet
  facet normal 9.7507447e-01 -2.1437371e-01 -5.7216629e-02
    outer loop
      vertex 1.1165940e+00 -3.9644966e-01 -1.2608695e-01
      vertex 1.1151146e+00 -3.9792913e-01 -1.4575522e-01
      vertex 1.1205928e+00 -3.7826085e-01 -1.2608695e-01
    endloop
  endfacet
  facet normal 9.8085779e-01 -1.8530205e-01 -5.9842635e-02
    outer loop
      vertex 1.0683360e+00 -6.3043475e-01 -1.9253370e-01
      vertex 1.1151146e+00 -3.9792913e-01 -1.4575522e-01
      vertex 1.0723900e+00 -6.3043475e-01 -1.2608695e-01
    endloop
  endfacet
  facet normal 9.8085815e-01 -1.8530175e-01 -5.9838496e-02
    outer loop
      vertex 1.1151146e+00 -3.9792913e-01 -1.4575522e-01
      vertex 1.1165940e+00 -3.9644966e-01 -1.2608695e-01
      vertex 1.0723900e+00 -6.3043475e-01 -1.2608695e-01
    endloop
  endfacet
  facet normal 9.8261887e-01 -1.8563440e-01 0.0000000e+00
    outer loop
      vertex 1.0723900e+00 -6.3043475e-01 6.3694313e-02
      vertex 1.0723900e+00 -6.3043475e-01 -1.2608695e-01
      vertex 1.1165940e+00 -3.9644966e-01 1.0789837e-01
    endloop
  endfacet
  facet normal 9.8261887e-01 -1.8563437e-01 0.0000000e+00
    outer loop
      vertex 1.0723900e+00 -6.3043475e-01 -1.2608695e-01
      vertex 1.1165940e+00 -3.9644966e-01 -1.2608695e-01
      vertex 1.1165940e+00 -3.9644966e-01 1.0789837e-01
    endloop
  endfacet
  facet normal 9.7667438e-01 -2.1472546e-01 0.0000000e+00
    outer loop
      vertex 1.1165940e+00 -3.9644966e-01 -1.2608695e-01
      vertex 1.1205928e+00 -3.7826085e-01 -1.2608695e-01
      vertex 1.1165940e+00 -3.9644966e-01 1.0789837e-01
    endloop
  endfacet
  facet normal 9.7667444e-01 -2.1472546e-01 0.0000000e+00
    outer loop
      vertex 1.1165940e+00 -3.9644966e-01 1.0789837e-01
      vertex 1.1205928e+00 -3.7826085e-01 -1.2608695e-01
      vertex 1.1205928e+00 -3.7826085e-01 1.1189726e-01
    endloop
  endfacet
  facet normal 9.7667450e-01 -2.1472548e-01 0.0000000e+00
    outer loop
      vertex 1.1205928e+00 -3.7826085e-01 1.2608719e-01
      vertex 1.1165940e+00 -3.9644966e-01 1.0789837e-01
      vertex 1.1205928e+00 -3.7826085e-01 1.1189726e-01
    endloop
  endfacet
  facet normal 9.7667444e-01 -2.1472546e-01 0.0000000e+00
    outer loop
      vertex 1.1165940e+00 -3.9644966e-01 1.2608719e-01
      vertex 1.1165940e+00 -3.9644966e-01 1.0789837e-01
      vertex 1.1205928e+00 -3.7826085e-01 1.2608719e-01
    endloop
  endfacet
  facet normal 9.8261887e-01 -1.8563440e-01 0.0000000e+00
    outer loop
      vertex 1.0723900e+00 -6.3043475e-01 6.3694313e-02
      vertex 1.1165940e+00 -3.9644966e-01 1.0789837e-01
      vertex 1.0723900e+00 -6.3043475e-01 1.2608719e-01
    endloop
  endfacet
  facet normal 9.8261893e-01 -1.8563440e-01 0.0000000e+00
    outer loop
      vertex 1.1165940e+00 -3.9644966e-01 1.0789837e-01
      vertex 1.1165940e+00 -3.9644966e-01 1.2608719e-01
      vertex 1.0723900e+00 -6.3043475e-01 1.2608719e-01
    endloop
  endfacet
  facet normal 9.8740202e-01 -1.4521219e-01 6.2853754e-02
    outer loop
      vertex 1.0610323e+00 -6.3043475e-01 3.0451059e-01
      vertex 1.0723900e+00 -6.3043475e-01 1.2608719e-01
      vertex 1.0896599e+00 -4.2338365e-01 3.3313829e-01
    endloop
  endfacet
  facet normal 9.7738022e-01 -1.8464471e-01 1.0312220e-01
    outer loop
      vertex 1.0723900e+00 -6.3043475e-01 1.2608719e-01
      vertex 1.1165940e+00 -3.9644966e-01 1.2608719e-01
      vertex 1.0896599e+00 -4.2338365e-01 3.3313829e-01
    endloop
  endfacet
  facet normal 9.7191197e-01 -2.1367843e-01 9.8634049e-02
    outer loop
      vertex 1.1165940e+00 -3.9644966e-01 1.2608719e-01
      vertex 1.1205928e+00 -3.7826085e-01 1.2608719e-01
      vertex 1.0896599e+00 -4.2338365e-01 3.3313829e-01
    endloop
  endfacet
  facet normal 9.7191161e-01 -2.1368037e-01 9.8633580e-02
    outer loop
      vertex 1.0896599e+00 -4.2338365e-01 3.3313829e-01
      vertex 1.1205928e+00 -3.7826085e-01 1.2608719e-01
      vertex 1.0986664e+00 -3.7826085e-01 3.4214470e-01
    endloop
  endfacet
  facet normal 9.6986473e-01 -2.1606076e-01 1.1260647e-01
    outer loop
      vertex 1.0944731e+00 -3.7826085e-01 3.7826109e-01
      vertex 1.0896599e+00 -4.2338365e-01 3.3313829e-01
      vertex 1.0986664e+00 -3.7826085e-01 3.4214470e-01
    endloop
  endfacet
  facet normal 9.8479462e-01 -1.6356909e-01 5.8522247e-02
    outer loop
      vertex 1.0864444e+00 -4.2659923e-01 3.7826109e-01
      vertex 1.0896599e+00 -4.2338365e-01 3.3313829e-01
      vertex 1.0944731e+00 -3.7826085e-01 3.7826109e-01
    endloop
  endfacet
  facet normal 9.8762816e-01 -1.4485708e-01 6.0059331e-02
    outer loop
      vertex 1.0610323e+00 -6.3043475e-01 3.0451059e-01
      vertex 1.0896599e+00 -4.2338365e-01 3.3313829e-01
      vertex 1.0565474e+00 -6.3043475e-01 3.7826109e-01
    endloop
  endfacet
  facet normal 9.8762822e-01 -1.4485747e-01 6.0057625e-02
    outer loop
      vertex 1.0896599e+00 -4.2338365e-01 3.3313829e-01
      vertex 1.0864444e+00 -4.2659923e-01 3.7826109e-01
      vertex 1.0565474e+00 -6.3043475e-01 3.7826109e-01
    endloop
  endfacet
  facet normal 9.9254739e-01 -7.8375846e-02 9.3310252e-02
    outer loop
      vertex 1.0416005e+00 -6.3043475e-01 5.3725266e-01
      vertex 1.0565474e+00 -6.3043475e-01 3.7826109e-01
      vertex 1.0539690e+00 -4.5907462e-01 5.4962122e-01
    endloop
  endfacet
  facet normal 9.7698677e-01 -1.4329664e-01 1.5799692e-01
    outer loop
      vertex 1.0565474e+00 -6.3043475e-01 3.7826109e-01
      vertex 1.0864444e+00 -4.2659923e-01 3.7826109e-01
      vertex 1.0539690e+00 -4.5907462e-01 5.4962122e-01
    endloop
  endfacet
  facet normal 9.7471106e-01 -1.6189428e-01 1.5404113e-01
    outer loop
      vertex 1.0864444e+00 -4.2659923e-01 3.7826109e-01
      vertex 1.0944731e+00 -3.7826085e-01 3.7826109e-01
      vertex 1.0539690e+00 -4.5907462e-01 5.4962122e-01
    endloop
  endfacet
  facet normal 9.7471100e-01 -1.6189453e-01 1.5404098e-01
    outer loop
      vertex 1.0539690e+00 -4.5907462e-01 5.4962122e-01
      vertex 1.0944731e+00 -3.7826085e-01 3.7826109e-01
      vertex 1.0655600e+00 -3.7826085e-01 5.6121212e-01
    endloop
  endfacet
  facet normal 6.0252380e-01 -1.9733402e-01 7.7332038e-01
    outer loop
      vertex 9.7671461e-01 -3.7826085e-01 6.3043499e-01
      vertex 1.0539690e+00 -4.5907462e-01 5.4962122e-01
      vertex 1.0655600e+00 -3.7826085e-01 5.6121212e-01
    endloop
  endfacet
  facet normal 5.9088272e-01 -2.1321474e-01 7.7807277e-01
    outer loop
      vertex 8.8747627e-01 -6.2556738e-01 6.3043499e-01
      vertex 1.0539690e+00 -4.5907462e-01 5.4962122e-01
      vertex 9.7671461e-01 -3.7826085e-01 6.3043499e-01
    endloop
  endfacet
  facet normal 5.1258200e-01 -9.8563291e-02 8.5296243e-01
    outer loop
      vertex 1.0416005e+00 -6.3043475e-01 5.3725266e-01
      vertex 1.0539690e+00 -4.5907462e-01 5.4962122e-01
      vertex 8.8654035e-01 -6.3043475e-01 6.3043499e-01
    endloop
  endfacet
  facet normal 5.1258063e-01 -9.8560221e-02 8.5296363e-01
    outer loop
      vertex 1.0539690e+00 -4.5907462e-01 5.4962122e-01
      vertex 8.8747627e-01 -6.2556738e-01 6.3043499e-01
      vertex 8.8654035e-01 -6.3043475e-01 6.3043499e-01
    endloop
  endfacet
  facet normal 4.5807946e-01 -1.2535691e-01 8.8002783e-01
    outer loop
      vertex 8.8395476e-01 -6.3043475e-01 6.3178086e-01
      vertex 8.8654035e-01 -6.3043475e-01 6.3043499e-01
      vertex 8.8409388e-01 -6.2894976e-01 6.3191998e-01
    endloop
  endfacet
  facet normal 4.7556257e-01 -9.1442466e-02 8.7491626e-01
    outer loop
      vertex 8.8654035e-01 -6.3043475e-01 6.3043499e-01
      vertex 8.8747627e-01 -6.2556738e-01 6.3043499e-01
      vertex 8.8409388e-01 -6.2894976e-01 6.3191998e-01
    endloop
  endfacet
  facet normal 5.5473226e-01 -2.0017017e-01 8.0759144e-01
    outer loop
      vertex 8.8747627e-01 -6.2556738e-01 6.3043499e-01
      vertex 9.7671461e-01 -3.7826085e-01 6.3043499e-01
      vertex 8.8409388e-01 -6.2894976e-01 6.3191998e-01
    endloop
  endfacet
  facet normal 5.5473560e-01 -2.0017143e-01 8.0758888e-01
    outer loop
      vertex 8.8409388e-01 -6.2894976e-01 6.3191998e-01
      vertex 9.7671461e-01 -3.7826085e-01 6.3043499e-01
      vertex 9.2092854e-01 -3.7826085e-01 6.6875464e-01
    endloop
  endfacet
  facet normal 4.5692265e-01 -1.9466667e-01 8.6794382e-01
    outer loop
      vertex 8.8260889e-01 -6.2794197e-01 6.3292778e-01
      vertex 8.8409388e-01 -6.2894976e-01 6.3191998e-01
      vertex 8.8260889e-01 -3.7826085e-01 6.8892747e-01
    endloop
  endfacet
  facet normal 4.5691797e-01 -1.9466725e-01 8.6794621e-01
    outer loop
      vertex 8.8409388e-01 -6.2894976e-01 6.3191998e-01
      vertex 9.2092854e-01 -3.7826085e-01 6.6875464e-01
      vertex 8.8260889e-01 -3.7826085e-01 6.8892747e-01
    endloop
  endfacet
  facet normal 4.3362397e-01 -2.3181798e-01 8.7076437e-01
    outer loop
      vertex 8.8260889e-01 -6.2794197e-01 6.3292778e-01
      vertex 8.8260889e-01 -6.3043475e-01 6.3226414e-01
      vertex 8.8409388e-01 -6.2894976e-01 6.3191998e-01
    endloop
  endfacet
  facet normal 3.3555129e-01 -1.1897924e-01 9.3447810e-01
    outer loop
      vertex 8.8260889e-01 -6.3043475e-01 6.3226414e-01
      vertex 8.8395476e-01 -6.3043475e-01 6.3178086e-01
      vertex 8.8409388e-01 -6.2894976e-01 6.3191998e-01
    endloop
  endfacet
  facet normal 5.7790834e-01 -1.6486703e-01 -7.9927516e-01
    outer loop
      vertex 8.8260889e-01 -1.9564012e-01 -6.9998795e-01
      vertex 8.8260889e-01 -1.2608695e-01 -7.1433473e-01
      vertex 9.9864662e-01 -1.2608695e-01 -6.3043475e-01
    endloop
  endfacet
  facet normal 5.7257348e-01 -1.4905122e-01 -8.0619067e-01
    outer loop
      vertex 8.8260889e-01 -1.9564012e-01 -6.9998795e-01
      vertex 9.9864662e-01 -1.2608695e-01 -6.3043475e-01
      vertex 8.8260889e-01 -3.7826085e-01 -6.6622442e-01
    endloop
  endfacet
  facet normal 5.7257324e-01 -1.4905107e-01 -8.0619079e-01
    outer loop
      vertex 9.9864662e-01 -1.2608695e-01 -6.3043475e-01
      vertex 9.5073593e-01 -3.1013379e-01 -6.3043475e-01
      vertex 8.8260889e-01 -3.7826085e-01 -6.6622442e-01
    endloop
  endfacet
  facet normal 5.2164841e-01 -7.5195611e-02 -8.4984028e-01
    outer loop
      vertex 8.8260889e-01 -3.7826085e-01 -6.6622442e-01
      vertex 9.5073593e-01 -3.1013379e-01 -6.3043475e-01
      vertex 9.4091541e-01 -3.7826085e-01 -6.3043475e-01
    endloop
  endfacet
  facet normal 8.9891094e-01 -1.9082862e-01 -3.9438999e-01
    outer loop
      vertex 9.8649430e-01 -3.7826085e-01 -5.2654934e-01
      vertex 9.4091541e-01 -3.7826085e-01 -6.3043475e-01
      vertex 1.0496911e+00 -2.1117862e-01 -4.6335250e-01
    endloop
  endfacet
  facet normal 8.8467616e-01 -1.2752612e-01 -4.4842523e-01
    outer loop
      vertex 9.4091541e-01 -3.7826085e-01 -6.3043475e-01
      vertex 9.5073593e-01 -3.1013379e-01 -6.3043475e-01
      vertex 1.0496911e+00 -2.1117862e-01 -4.6335250e-01
    endloop
  endfacet
  facet normal 8.9098424e-01 -2.3193915e-01 -3.9032215e-01
    outer loop
      vertex 9.5073593e-01 -3.1013379e-01 -6.3043475e-01
      vertex 9.9864662e-01 -1.2608695e-01 -6.3043475e-01
      vertex 1.0496911e+00 -2.1117862e-01 -4.6335250e-01
    endloop
  endfacet
  facet normal 8.9098406e-01 -2.3193944e-01 -3.9032224e-01
    outer loop
      vertex 1.0496911e+00 -2.1117862e-01 -4.6335250e-01
      vertex 9.9864662e-01 -1.2608695e-01 -6.3043475e-01
      vertex 1.0891111e+00 -1.2608695e-01 -4.2393255e-01
    endloop
  endfacet
  facet normal 8.1768996e-01 -1.1776505e-01 -5.6348431e-01
    outer loop
      vertex 1.1205842e+00 -1.2608695e-01 -3.7826085e-01
      vertex 1.0496911e+00 -2.1117862e-01 -4.6335250e-01
      vertex 1.0891111e+00 -1.2608695e-01 -4.2393255e-01
    endloop
  endfacet
  facet normal 8.0853450e-01 -9.2486307e-02 -5.8113527e-01
    outer loop
      vertex 1.1187503e+00 -1.4211942e-01 -3.7826085e-01
      vertex 1.0496911e+00 -2.1117862e-01 -4.6335250e-01
      vertex 1.1205842e+00 -1.2608695e-01 -3.7826085e-01
    endloop
  endfacet
  facet normal 8.0562794e-01 -8.2844101e-02 -5.8660084e-01
    outer loop
      vertex 9.8649430e-01 -3.7826085e-01 -5.2654934e-01
      vertex 1.0496911e+00 -2.1117862e-01 -4.6335250e-01
      vertex 1.0944674e+00 -3.7826085e-01 -3.7826085e-01
    endloop
  endfacet
  facet normal 8.0562758e-01 -8.2844414e-02 -5.8660126e-01
    outer loop
      vertex 1.0496911e+00 -2.1117862e-01 -4.6335250e-01
      vertex 1.1187503e+00 -1.4211942e-01 -3.7826085e-01
      vertex 1.0944674e+00 -3.7826085e-01 -3.7826085e-01
    endloop
  endfacet
  facet normal 9.8686659e-01 -1.2566501e-01 -1.0150171e-01
    outer loop
      vertex 1.1187557e+00 -3.7826085e-01 -1.4211401e-01
      vertex 1.0944674e+00 -3.7826085e-01 -3.7826085e-01
      vertex 1.1347828e+00 -2.6534295e-01 -1.2608695e-01
    endloop
  endfacet
  facet normal 9.8686659e-01 -1.2566493e-01 -1.0150176e-01
    outer loop
      vertex 1.0944674e+00 -3.7826085e-01 -3.7826085e-01
      vertex 1.1347828e+00 -2.0312111e-01 -2.0312111e-01
      vertex 1.1347828e+00 -2.6534295e-01 -1.2608695e-01
    endloop
  endfacet
  facet normal 9.8686618e-01 -1.0148157e-01 -1.2568501e-01
    outer loop
      vertex 1.0944674e+00 -3.7826085e-01 -3.7826085e-01
      vertex 1.1187503e+00 -1.4211942e-01 -3.7826085e-01
      vertex 1.1347828e+00 -2.0312111e-01 -2.0312111e-01
    endloop
  endfacet
  facet normal 9.8686618e-01 -1.0148119e-01 -1.2568487e-01
    outer loop
      vertex 1.1187503e+00 -1.4211942e-01 -3.7826085e-01
      vertex 1.1347828e+00 -1.2608695e-01 -2.6532048e-01
      vertex 1.1347828e+00 -2.0312111e-01 -2.0312111e-01
    endloop
  endfacet
  facet normal 9.8586100e-01 -1.1277025e-01 -1.2393963e-01
    outer loop
      vertex 1.1347828e+00 -1.2608695e-01 -2.6532048e-01
      vertex 1.1187503e+00 -1.4211942e-01 -3.7826085e-01
      vertex 1.1205842e+00 -1.2608695e-01 -3.7826085e-01
    endloop
  endfacet
  facet normal 9.8584080e-01 -1.2388682e-01 -1.1300398e-01
    outer loop
      vertex 1.1347828e+00 -2.6534295e-01 -1.2608695e-01
      vertex 1.1205928e+00 -3.7826085e-01 -1.2608695e-01
      vertex 1.1187557e+00 -3.7826085e-01 -1.4211401e-01
    endloop
  endfacet
  facet normal 9.9219626e-01 -1.2468550e-01 0.0000000e+00
    outer loop
      vertex 1.1205928e+00 -3.7826085e-01 1.1189726e-01
      vertex 1.1205928e+00 -3.7826085e-01 -1.2608695e-01
      vertex 1.1347828e+00 -2.6534295e-01 1.2608719e-01
    endloop
  endfacet
  facet normal 9.9219632e-01 -1.2468550e-01 0.0000000e+00
    outer loop
      vertex 1.1205928e+00 -3.7826085e-01 -1.2608695e-01
      vertex 1.1347828e+00 -2.6534295e-01 -1.3168916e-02
      vertex 1.1347828e+00 -2.6534295e-01 1.2608719e-01
    endloop
  endfacet
  facet normal 9.9219632e-01 -1.2468550e-01 0.0000000e+00
    outer loop
      vertex 1.1347828e+00 -2.6534295e-01 -1.3168916e-02
      vertex 1.1205928e+00 -3.7826085e-01 -1.2608695e-01
      vertex 1.1347828e+00 -2.6534295e-01 -1.2608695e-01
    endloop
  endfacet
  facet normal 9.9219632e-01 -1.2468550e-01 0.0000000e+00
    outer loop
      vertex 1.1347828e+00 -2.6534295e-01 1.2608719e-01
      vertex 1.1205928e+00 -3.7826085e-01 1.2608719e-01
      vertex 1.1205928e+00 -3.7826085e-01 1.1189726e-01
    endloop
  endfacet
  facet normal 9.8985779e-01 -1.0045087e-01 1.0045483e-01
    outer loop
      vertex 1.0986664e+00 -3.7826085e-01 3.4214470e-01
      vertex 1.1205928e+00 -3.7826085e-01 1.2608719e-01
      vertex 1.1205919e+00 -1.4027789e-01 3.6407015e-01
    endloop
  endfacet
  facet normal 9.8457205e-01 -1.2372739e-01 1.2373134e-01
    outer loop
      vertex 1.1205928e+00 -3.7826085e-01 1.2608719e-01
      vertex 1.1347828e+00 -2.6534295e-01 1.2608719e-01
      vertex 1.1205919e+00 -1.4027789e-01 3.6407015e-01
    endloop
  endfacet
  facet normal 9.8457217e-01 -1.2372679e-01 1.2373102e-01
    outer loop
      vertex 1.1205919e+00 -1.4027789e-01 3.6407015e-01
      vertex 1.1347828e+00 -2.6534295e-01 1.2608719e-01
      vertex 1.1347828e+00 -1.2608695e-01 2.6533842e-01
    endloop
  endfacet
  facet normal 9.8192614e-01 -1.4626868e-01 1.2011071e-01
    outer loop
      vertex 1.1224754e+00 -1.2608695e-01 3.6595362e-01
      vertex 1.1205919e+00 -1.4027789e-01 3.6407015e-01
      vertex 1.1347828e+00 -1.2608695e-01 2.6533842e-01
    endloop
  endfacet
  facet normal 9.7732741e-01 -1.4960317e-01 1.4983305e-01
    outer loop
      vertex 1.1205885e+00 -1.2608695e-01 3.7826109e-01
      vertex 1.1205919e+00 -1.4027789e-01 3.6407015e-01
      vertex 1.1224754e+00 -1.2608695e-01 3.6595362e-01
    endloop
  endfacet
  facet normal 9.8714274e-01 -1.1290850e-01 1.1314070e-01
    outer loop
      vertex 1.1187553e+00 -1.4211436e-01 3.7826109e-01
      vertex 1.1205919e+00 -1.4027789e-01 3.6407015e-01
      vertex 1.1205885e+00 -1.2608695e-01 3.7826109e-01
    endloop
  endfacet
  facet normal 9.8818576e-01 -1.0161234e-01 1.1473364e-01
    outer loop
      vertex 1.0986664e+00 -3.7826085e-01 3.4214470e-01
      vertex 1.1205919e+00 -1.4027789e-01 3.6407015e-01
      vertex 1.0944731e+00 -3.7826085e-01 3.7826109e-01
    endloop
  endfacet
  facet normal 9.8818535e-01 -1.0161205e-01 1.1473752e-01
    outer loop
      vertex 1.1205919e+00 -1.4027789e-01 3.6407015e-01
      vertex 1.1187553e+00 -1.4211436e-01 3.7826109e-01
      vertex 1.0944731e+00 -3.7826085e-01 3.7826109e-01
    endloop
  endfacet
  facet normal 9.8579443e-01 -6.2753156e-02 1.5579258e-01
    outer loop
      vertex 1.0655600e+00 -3.7826085e-01 5.6121212e-01
      vertex 1.0944731e+00 -3.7826085e-01 3.7826109e-01
      vertex 1.0762018e+00 -1.8466796e-01 5.7185400e-01
    endloop
  endfacet
  facet normal 9.7614926e-01 -1.0037442e-01 1.9250354e-01
    outer loop
      vertex 1.0944731e+00 -3.7826085e-01 3.7826109e-01
      vertex 1.1187553e+00 -1.4211436e-01 3.7826109e-01
      vertex 1.0762018e+00 -1.8466796e-01 5.7185400e-01
    endloop
  endfacet
  facet normal 9.7544587e-01 -1.1157063e-01 1.8988790e-01
    outer loop
      vertex 1.1187553e+00 -1.4211436e-01 3.7826109e-01
      vertex 1.1205885e+00 -1.2608695e-01 3.7826109e-01
      vertex 1.0762018e+00 -1.8466796e-01 5.7185400e-01
    endloop
  endfacet
  facet normal 9.7544616e-01 -1.1156496e-01 1.8988967e-01
    outer loop
      vertex 1.0762018e+00 -1.8466796e-01 5.7185400e-01
      vertex 1.1205885e+00 -1.2608695e-01 3.7826109e-01
      vertex 1.0818101e+00 -1.2608695e-01 5.7746238e-01
    endloop
  endfacet
  facet normal 6.6334921e-01 -1.3398975e-01 7.3621643e-01
    outer loop
      vertex 1.0230186e+00 -1.2608695e-01 6.3043499e-01
      vertex 1.0762018e+00 -1.8466796e-01 5.7185400e-01
      vertex 1.0818101e+00 -1.2608695e-01 5.7746238e-01
    endloop
  endfacet
  facet normal 6.5385050e-01 -1.4833726e-01 7.4194044e-01
    outer loop
      vertex 9.9022263e-01 -2.7064711e-01 6.3043499e-01
      vertex 1.0762018e+00 -1.8466796e-01 5.7185400e-01
      vertex 1.0230186e+00 -1.2608695e-01 6.3043499e-01
    endloop
  endfacet
  facet normal 6.1278838e-01 -7.6918922e-02 7.8649467e-01
    outer loop
      vertex 1.0655600e+00 -3.7826085e-01 5.6121212e-01
      vertex 1.0762018e+00 -1.8466796e-01 5.7185400e-01
      vertex 9.7671461e-01 -3.7826085e-01 6.3043499e-01
    endloop
  endfacet
  facet normal 6.1278880e-01 -7.6919235e-02 7.8649431e-01
    outer loop
      vertex 1.0762018e+00 -1.8466796e-01 5.7185400e-01
      vertex 9.9022263e-01 -2.7064711e-01 6.3043499e-01
      vertex 9.7671461e-01 -3.7826085e-01 6.3043499e-01
    endloop
  endfacet
  facet normal 5.6414849e-01 -8.4944248e-02 8.2129222e-01
    outer loop
      vertex 9.2092854e-01 -3.7826085e-01 6.6875464e-01
      vertex 9.7671461e-01 -3.7826085e-01 6.3043499e-01
      vertex 9.2343146e-01 -3.3743826e-01 6.7125756e-01
    endloop
  endfacet
  facet normal 5.7139748e-01 -7.1723640e-02 8.1753325e-01
    outer loop
      vertex 9.7671461e-01 -3.7826085e-01 6.3043499e-01
      vertex 9.9022263e-01 -2.7064711e-01 6.3043499e-01
      vertex 9.2343146e-01 -3.3743826e-01 6.7125756e-01
    endloop
  endfacet
  facet normal 6.1411393e-01 -1.3932233e-01 7.7682263e-01
    outer loop
      vertex 9.9022263e-01 -2.7064711e-01 6.3043499e-01
      vertex 1.0230186e+00 -1.2608695e-01 6.3043499e-01
      vertex 9.2343146e-01 -3.3743826e-01 6.7125756e-01
    endloop
  endfacet
  facet normal 6.1411470e-01 -1.3932288e-01 7.7682179e-01
    outer loop
      vertex 9.2343146e-01 -3.3743826e-01 6.7125756e-01
      vertex 1.0230186e+00 -1.2608695e-01 6.3043499e-01
      vertex 9.4460142e-01 -1.2608695e-01 6.9242752e-01
    endloop
  endfacet
  facet normal 5.2447128e-01 -1.3670976e-01 8.4038103e-01
    outer loop
      vertex 8.8260889e-01 -3.0701181e-01 7.0168406e-01
      vertex 9.2343146e-01 -3.3743826e-01 6.7125756e-01
      vertex 8.8260889e-01 -1.2608695e-01 7.3111618e-01
    endloop
  endfacet
  facet normal 5.2447027e-01 -1.3671011e-01 8.4038162e-01
    outer loop
      vertex 9.2343146e-01 -3.3743826e-01 6.7125756e-01
      vertex 9.4460142e-01 -1.2608695e-01 6.9242752e-01
      vertex 8.8260889e-01 -1.2608695e-01 7.3111618e-01
    endloop
  endfacet
  facet normal 5.1595092e-01 -1.5097015e-01 8.4320974e-01
    outer loop
      vertex 8.8260889e-01 -3.0701181e-01 7.0168406e-01
      vertex 8.8260889e-01 -3.7826085e-01 6.8892747e-01
      vertex 9.2343146e-01 -3.3743826e-01 6.7125756e-01
    endloop
  endfacet
  facet normal 4.6424037e-01 -8.2531929e-02 8.8185561e-01
    outer loop
      vertex 8.8260889e-01 -3.7826085e-01 6.8892747e-01
      vertex 9.2092854e-01 -3.7826085e-01 6.6875464e-01
      vertex 9.2343146e-01 -3.3743826e-01 6.7125756e-01
    endloop
  endfacet
  facet normal 5.8592623e-01 0.0000000e+00 -8.1036437e-01
    outer loop
      vertex 8.8260889e-01 4.2187124e-02 -7.1433473e-01
      vertex 8.8260889e-01 1.2608719e-01 -7.1433473e-01
      vertex 9.9864662e-01 1.2608719e-01 -6.3043475e-01
    endloop
  endfacet
  facet normal 5.8592629e-01 0.0000000e+00 -8.1036437e-01
    outer loop
      vertex 8.8260889e-01 4.2187124e-02 -7.1433473e-01
      vertex 9.9864662e-01 1.2608719e-01 -6.3043475e-01
      vertex 8.8260889e-01 -1.2608695e-01 -7.1433473e-01
    endloop
  endfacet
  facet normal 5.8592623e-01 0.0000000e+00 -8.1036437e-01
    outer loop
      vertex 9.9864662e-01 1.2608719e-01 -6.3043475e-01
      vertex 9.9864662e-01 -1.0049097e-02 -6.3043475e-01
      vertex 8.8260889e-01 -1.2608695e-01 -7.1433473e-01
    endloop
  endfacet
  facet normal 5.8592629e-01 0.0000000e+00 -8.1036437e-01
    outer loop
      vertex 8.8260889e-01 -1.2608695e-01 -7.1433473e-01
      vertex 9.9864662e-01 -1.0049097e-02 -6.3043475e-01
      vertex 9.9864662e-01 -1.2608695e-01 -6.3043475e-01
    endloop
  endfacet
  facet normal 9.1596216e-01 0.0000000e+00 -4.0126467e-01
    outer loop
      vertex 1.0891111e+00 -1.2608695e-01 -4.2393255e-01
      vertex 9.9864662e-01 -1.2608695e-01 -6.3043475e-01
      vertex 1.0891111e+00 8.0415457e-02 -4.2393255e-01
    endloop
  endfacet
  facet normal 9.1596216e-01 0.0000000e+00 -4.0126464e-01
    outer loop
      vertex 9.9864662e-01 -1.2608695e-01 -6.3043475e-01
      vertex 9.9864662e-01 -1.0049097e-02 -6.3043475e-01
      vertex 1.0891111e+00 8.0415457e-02 -4.2393255e-01
    endloop
  endfacet
  facet normal 9.1596216e-01 0.0000000e+00 -4.0126467e-01
    outer loop
      vertex 9.9864662e-01 -1.0049097e-02 -6.3043475e-01
      vertex 9.9864662e-01 1.2608719e-01 -6.3043475e-01
      vertex 1.0891111e+00 8.0415457e-02 -4.2393255e-01
    endloop
  endfacet
  facet normal 9.1596216e-01 0.0000000e+00 -4.0126467e-01
    outer loop
      vertex 1.0891111e+00 8.0415457e-02 -4.2393255e-01
      vertex 9.9864662e-01 1.2608719e-01 -6.3043475e-01
      vertex 1.0891111e+00 1.2608719e-01 -4.2393255e-01
    endloop
  endfacet
  facet normal 8.2341981e-01 0.0000000e+00 -5.6743276e-01
    outer loop
      vertex 1.1205842e+00 1.2608719e-01 -3.7826085e-01
      vertex 1.0891111e+00 8.0415457e-02 -4.2393255e-01
      vertex 1.0891111e+00 1.2608719e-01 -4.2393255e-01
    endloop
  endfacet
  facet normal 8.2341975e-01 0.0000000e+00 -5.6743282e-01
    outer loop
      vertex 1.1205842e+00 1.1188864e-01 -3.7826085e-01
      vertex 1.0891111e+00 8.0415457e-02 -4.2393255e-01
      vertex 1.1205842e+00 1.2608719e-01 -3.7826085e-01
    endloop
  endfacet
  facet normal 8.2341969e-01 0.0000000e+00 -5.6743276e-01
    outer loop
      vertex 1.0891111e+00 -1.2608695e-01 -4.2393255e-01
      vertex 1.0891111e+00 8.0415457e-02 -4.2393255e-01
      vertex 1.1205842e+00 -1.2608695e-01 -3.7826085e-01
    endloop
  endfacet
  facet normal 8.2341969e-01 0.0000000e+00 -5.6743276e-01
    outer loop
      vertex 1.0891111e+00 8.0415457e-02 -4.2393255e-01
      vertex 1.1205842e+00 1.1188864e-01 -3.7826085e-01
      vertex 1.1205842e+00 -1.2608695e-01 -3.7826085e-01
    endloop
  endfacet
  facet normal 9.9219006e-01 0.0000000e+00 -1.2473531e-01
    outer loop
      vertex 1.1347828e+00 -1.3146475e-02 -2.6532048e-01
      vertex 1.1347828e+00 -1.2608695e-01 -2.6532048e-01
      vertex 1.1205842e+00 -1.2608695e-01 -3.7826085e-01
    endloop
  endfacet
  facet normal 9.9219006e-01 0.0000000e+00 -1.2473530e-01
    outer loop
      vertex 1.1205842e+00 -1.2608695e-01 -3.7826085e-01
      vertex 1.1205842e+00 1.1188864e-01 -3.7826085e-01
      vertex 1.1347828e+00 -1.3146475e-02 -2.6532048e-01
    endloop
  endfacet
  facet normal 9.9219006e-01 0.0000000e+00 -1.2473532e-01
    outer loop
      vertex 1.1205842e+00 1.1188864e-01 -3.7826085e-01
      vertex 1.1347828e+00 1.2608719e-01 -2.6532048e-01
      vertex 1.1347828e+00 -1.3146475e-02 -2.6532048e-01
    endloop
  endfacet
  facet normal 9.9219000e-01 0.0000000e+00 -1.2473531e-01
    outer loop
      vertex 1.1347828e+00 1.2608719e-01 -2.6532048e-01
      vertex 1.1205842e+00 1.1188864e-01 -3.7826085e-01
      vertex 1.1205842e+00 1.2608719e-01 -3.7826085e-01
    endloop
  endfacet
  facet normal 9.9260163e-01 -0.0000000e+00 1.2141655e-01
    outer loop
      vertex 1.1224754e+00 -1.2608695e-01 3.6595362e-01
      vertex 1.1347828e+00 -1.2608695e-01 2.6533842e-01
      vertex 1.1224754e+00 1.1377972e-01 3.6595362e-01
    endloop
  endfacet
  facet normal 9.9260169e-01 0.0000000e+00 1.2141655e-01
    outer loop
      vertex 1.1224754e+00 1.1377972e-01 3.6595362e-01
      vertex 1.1347828e+00 -1.2608695e-01 2.6533842e-01
      vertex 1.1347828e+00 1.3164431e-02 2.6533842e-01
    endloop
  endfacet
  facet normal 9.9260169e-01 0.0000000e+00 1.2141655e-01
    outer loop
      vertex 1.1347828e+00 1.2608719e-01 2.6533842e-01
      vertex 1.1224754e+00 1.1377972e-01 3.6595362e-01
      vertex 1.1347828e+00 1.3164431e-02 2.6533842e-01
    endloop
  endfacet
  facet normal 9.9260169e-01 0.0000000e+00 1.2141656e-01
    outer loop
      vertex 1.1224754e+00 1.2608719e-01 3.6595362e-01
      vertex 1.1224754e+00 1.1377972e-01 3.6595362e-01
      vertex 1.1347828e+00 1.2608719e-01 2.6533842e-01
    endloop
  endfacet
  facet normal 9.8845142e-01 0.0000000e+00 1.5153845e-01
    outer loop
      vertex 1.1205885e+00 1.2608719e-01 3.7826109e-01
      vertex 1.1224754e+00 1.1377972e-01 3.6595362e-01
      vertex 1.1224754e+00 1.2608719e-01 3.6595362e-01
    endloop
  endfacet
  facet normal 9.8845136e-01 -0.0000000e+00 1.5153845e-01
    outer loop
      vertex 1.1205885e+00 1.1189290e-01 3.7826109e-01
      vertex 1.1224754e+00 1.1377972e-01 3.6595362e-01
      vertex 1.1205885e+00 1.2608719e-01 3.7826109e-01
    endloop
  endfacet
  facet normal 9.8845130e-01 -0.0000000e+00 1.5153843e-01
    outer loop
      vertex 1.1224754e+00 -1.2608695e-01 3.6595362e-01
      vertex 1.1224754e+00 1.1377972e-01 3.6595362e-01
      vertex 1.1205885e+00 -1.2608695e-01 3.7826109e-01
    endloop
  endfacet
  facet normal 9.8845136e-01 0.0000000e+00 1.5153845e-01
    outer loop
      vertex 1.1224754e+00 1.1377972e-01 3.6595362e-01
      vertex 1.1205885e+00 1.1189290e-01 3.7826109e-01
      vertex 1.1205885e+00 -1.2608695e-01 3.7826109e-01
    endloop
  endfacet
  facet normal 9.8157400e-01 -0.0000000e+00 1.9108257e-01
    outer loop
      vertex 1.0818101e+00 -1.2608695e-01 5.7746238e-01
      vertex 1.1205885e+00 -1.2608695e-01 3.7826109e-01
      vertex 1.0818101e+00 7.3114514e-02 5.7746238e-01
    endloop
  endfacet
  facet normal 9.8157394e-01 -0.0000000e+00 1.9108255e-01
    outer loop
      vertex 1.1205885e+00 -1.2608695e-01 3.7826109e-01
      vertex 1.1205885e+00 1.1189290e-01 3.7826109e-01
      vertex 1.0818101e+00 7.3114514e-02 5.7746238e-01
    endloop
  endfacet
  facet normal 9.8157400e-01 -0.0000000e+00 1.9108255e-01
    outer loop
      vertex 1.1205885e+00 1.1189290e-01 3.7826109e-01
      vertex 1.1205885e+00 1.2608719e-01 3.7826109e-01
      vertex 1.0818101e+00 7.3114514e-02 5.7746238e-01
    endloop
  endfacet
  facet normal 9.8157394e-01 -0.0000000e+00 1.9108255e-01
    outer loop
      vertex 1.0818101e+00 7.3114514e-02 5.7746238e-01
      vertex 1.1205885e+00 1.2608719e-01 3.7826109e-01
      vertex 1.0818101e+00 1.2608719e-01 5.7746238e-01
    endloop
  endfacet
  facet normal 6.6938525e-01 0.0000000e+00 7.4291551e-01
    outer loop
      vertex 1.0230186e+00 1.2608719e-01 6.3043499e-01
      vertex 1.0818101e+00 7.3114514e-02 5.7746238e-01
      vertex 1.0818101e+00 1.2608719e-01 5.7746238e-01
    endloop
  endfacet
  facet normal 6.6938525e-01 -0.0000000e+00 7.4291551e-01
    outer loop
      vertex 1.0230186e+00 1.4322951e-02 6.3043499e-01
      vertex 1.0818101e+00 7.3114514e-02 5.7746238e-01
      vertex 1.0230186e+00 1.2608719e-01 6.3043499e-01
    endloop
  endfacet
  facet normal 6.6938525e-01 -0.0000000e+00 7.4291545e-01
    outer loop
      vertex 1.0818101e+00 -1.2608695e-01 5.7746238e-01
      vertex 1.0818101e+00 7.3114514e-02 5.7746238e-01
      vertex 1.0230186e+00 -1.2608695e-01 6.3043499e-01
    endloop
  endfacet
  facet normal 6.6938531e-01 0.0000000e+00 7.4291545e-01
    outer loop
      vertex 1.0818101e+00 7.3114514e-02 5.7746238e-01
      vertex 1.0230186e+00 1.4322951e-02 6.3043499e-01
      vertex 1.0230186e+00 -1.2608695e-01 6.3043499e-01
    endloop
  endfacet
  facet normal 6.2016320e-01 -0.0000000e+00 7.8447276e-01
    outer loop
      vertex 9.4460142e-01 -1.2608695e-01 6.9242752e-01
      vertex 1.0230186e+00 -1.2608695e-01 6.3043499e-01
      vertex 9.4460142e-01 -6.4094350e-02 6.9242752e-01
    endloop
  endfacet
  facet normal 6.2016320e-01 -0.0000000e+00 7.8447282e-01
    outer loop
      vertex 1.0230186e+00 -1.2608695e-01 6.3043499e-01
      vertex 1.0230186e+00 1.4322951e-02 6.3043499e-01
      vertex 9.4460142e-01 -6.4094350e-02 6.9242752e-01
    endloop
  endfacet
  facet normal 6.2016320e-01 -0.0000000e+00 7.8447282e-01
    outer loop
      vertex 1.0230186e+00 1.4322951e-02 6.3043499e-01
      vertex 1.0230186e+00 1.2608719e-01 6.3043499e-01
      vertex 9.4460142e-01 -6.4094350e-02 6.9242752e-01
    endloop
  endfacet
  facet normal 6.2016320e-01 -0.0000000e+00 7.8447282e-01
    outer loop
      vertex 9.4460142e-01 -6.4094350e-02 6.9242752e-01
      vertex 1.0230186e+00 1.2608719e-01 6.3043499e-01
      vertex 9.4460142e-01 1.2608719e-01 6.9242752e-01
    endloop
  endfacet
  facet normal 5.2944118e-01 -0.0000000e+00 8.4834665e-01
    outer loop
      vertex 8.8260889e-01 -2.5405660e-02 7.3111618e-01
      vertex 9.4460142e-01 -6.4094350e-02 6.9242752e-01
      vertex 8.8260889e-01 1.2608719e-01 7.3111618e-01
    endloop
  endfacet
  facet normal 5.2944118e-01 -0.0000000e+00 8.4834671e-01
    outer loop
      vertex 9.4460142e-01 -6.4094350e-02 6.9242752e-01
      vertex 9.4460142e-01 1.2608719e-01 6.9242752e-01
      vertex 8.8260889e-01 1.2608719e-01 7.3111618e-01
    endloop
  endfacet
  facet normal 5.2944118e-01 0.0000000e+00 8.4834665e-01
    outer loop
      vertex 8.8260889e-01 -2.5405660e-02 7.3111618e-01
      vertex 8.8260889e-01 -1.2608695e-01 7.3111618e-01
      vertex 9.4460142e-01 -6.4094350e-02 6.9242752e-01
    endloop
  endfacet
  facet normal 5.2944118e-01 0.0000000e+00 8.4834665e-01
    outer loop
      vertex 8.8260889e-01 -1.2608695e-01 7.3111618e-01
      vertex 9.4460142e-01 -1.2608695e-01 6.9242752e-01
      vertex 9.4460142e-01 -6.4094350e-02 6.9242752e-01
    endloop
  endfacet
  facet normal 5.1550031e-01 1.7016092e-01 -8.3982420e-01
    outer loop
      vertex 8.8260889e-01 3.3337733e-01 -6.7531854e-01
      vertex 8.8260889e-01 3.7826109e-01 -6.6622442e-01
      vertex 9.4091541e-01 3.7826109e-01 -6.3043475e-01
    endloop
  endfacet
  facet normal 5.2331364e-01 1.5762223e-01 -8.3743542e-01
    outer loop
      vertex 8.8260889e-01 3.3337733e-01 -6.7531854e-01
      vertex 9.4091541e-01 3.7826109e-01 -6.3043475e-01
      vertex 8.8260889e-01 1.2608719e-01 -7.1433473e-01
    endloop
  endfacet
  facet normal 5.2331316e-01 1.5762244e-01 -8.3743572e-01
    outer loop
      vertex 9.4091541e-01 3.7826109e-01 -6.3043475e-01
      vertex 9.8579168e-01 2.2926995e-01 -6.3043475e-01
      vertex 8.8260889e-01 1.2608719e-01 -7.1433473e-01
    endloop
  endfacet
  facet normal 5.8437139e-01 7.2803378e-02 -8.0821395e-01
    outer loop
      vertex 8.8260889e-01 1.2608719e-01 -7.1433473e-01
      vertex 9.8579168e-01 2.2926995e-01 -6.3043475e-01
      vertex 9.9864662e-01 1.2608719e-01 -6.3043475e-01
    endloop
  endfacet
  facet normal 9.0329534e-01 1.6573100e-01 -3.9571556e-01
    outer loop
      vertex 1.0891111e+00 1.2608719e-01 -4.2393255e-01
      vertex 9.9864662e-01 1.2608719e-01 -6.3043475e-01
      vertex 1.0382819e+00 2.8176016e-01 -4.7476178e-01
    endloop
  endfacet
  facet normal 9.2875427e-01 1.1570804e-01 -3.5217464e-01
    outer loop
      vertex 9.9864662e-01 1.2608719e-01 -6.3043475e-01
      vertex 9.8579168e-01 2.2926995e-01 -6.3043475e-01
      vertex 1.0382819e+00 2.8176016e-01 -4.7476178e-01
    endloop
  endfacet
  facet normal 8.8277483e-01 2.6589265e-01 -3.8731080e-01
    outer loop
      vertex 9.8579168e-01 2.2926995e-01 -6.3043475e-01
      vertex 9.4091541e-01 3.7826109e-01 -6.3043475e-01
      vertex 1.0382819e+00 2.8176016e-01 -4.7476178e-01
    endloop
  endfacet
  facet normal 8.8277483e-01 2.6589319e-01 -3.8731039e-01
    outer loop
      vertex 1.0382819e+00 2.8176016e-01 -4.7476178e-01
      vertex 9.4091541e-01 3.7826109e-01 -6.3043475e-01
      vertex 9.8649430e-01 3.7826109e-01 -5.2654934e-01
    endloop
  endfacet
  facet normal 8.0284166e-01 1.1713566e-01 -5.8457208e-01
    outer loop
      vertex 1.0944674e+00 3.7826109e-01 -3.7826085e-01
      vertex 1.0382819e+00 2.8176016e-01 -4.7476178e-01
      vertex 9.8649430e-01 3.7826109e-01 -5.2654934e-01
    endloop
  endfacet
  facet normal 8.1628186e-01 9.4594263e-02 -5.6985593e-01
    outer loop
      vertex 1.0986542e+00 3.4213239e-01 -3.7826085e-01
      vertex 1.0382819e+00 2.8176016e-01 -4.7476178e-01
      vertex 1.0944674e+00 3.7826109e-01 -3.7826085e-01
    endloop
  endfacet
  facet normal 8.2055843e-01 8.3292276e-02 -5.6546098e-01
    outer loop
      vertex 1.0891111e+00 1.2608719e-01 -4.2393255e-01
      vertex 1.0382819e+00 2.8176016e-01 -4.7476178e-01
      vertex 1.1205842e+00 1.2608719e-01 -3.7826085e-01
    endloop
  endfacet
  facet normal 8.2055855e-01 8.3292425e-02 -5.6546080e-01
    outer loop
      vertex 1.0382819e+00 2.8176016e-01 -4.7476178e-01
      vertex 1.0986542e+00 3.4213239e-01 -3.7826085e-01
      vertex 1.1205842e+00 1.2608719e-01 -3.7826085e-01
    endloop
  endfacet
  facet normal 9.8456270e-01 1.2375668e-01 -1.2377641e-01
    outer loop
      vertex 1.1205842e+00 1.2608719e-01 -3.7826085e-01
      vertex 1.1205890e+00 3.6406738e-01 -1.4028066e-01
      vertex 1.1347828e+00 1.2608719e-01 -2.6532048e-01
    endloop
  endfacet
  facet normal 9.8456270e-01 1.2375695e-01 -1.2377694e-01
    outer loop
      vertex 1.1205890e+00 3.6406738e-01 -1.4028066e-01
      vertex 1.1347828e+00 2.6534319e-01 -1.2608695e-01
      vertex 1.1347828e+00 1.2608719e-01 -2.6532048e-01
    endloop
  endfacet
  facet normal 9.8985094e-01 1.0047679e-01 -1.0049663e-01
    outer loop
      vertex 1.1205842e+00 1.2608719e-01 -3.7826085e-01
      vertex 1.0986542e+00 3.4213239e-01 -3.7826085e-01
      vertex 1.1205890e+00 3.6406738e-01 -1.4028066e-01
    endloop
  endfacet
  facet normal 9.8820800e-01 1.1451781e-01 -1.0163938e-01
    outer loop
      vertex 1.0986542e+00 3.4213239e-01 -3.7826085e-01
      vertex 1.0944674e+00 3.7826109e-01 -3.7826085e-01
      vertex 1.1205890e+00 3.6406738e-01 -1.4028066e-01
    endloop
  endfacet
  facet normal 9.8820859e-01 1.1451273e-01 -1.0163974e-01
    outer loop
      vertex 1.1205890e+00 3.6406738e-01 -1.4028066e-01
      vertex 1.0944674e+00 3.7826109e-01 -3.7826085e-01
      vertex 1.1187557e+00 3.7826109e-01 -1.4211401e-01
    endloop
  endfacet
  facet normal 9.8714364e-01 1.1288802e-01 -1.1315333e-01
    outer loop
      vertex 1.1205928e+00 3.7826109e-01 -1.2608695e-01
      vertex 1.1205890e+00 3.6406738e-01 -1.4028066e-01
      vertex 1.1187557e+00 3.7826109e-01 -1.4211401e-01
    endloop
  endfacet
  facet normal 9.7733253e-01 1.4957015e-01 -1.4983284e-01
    outer loop
      vertex 1.1224762e+00 3.6595452e-01 -1.2608695e-01
      vertex 1.1205890e+00 3.6406738e-01 -1.4028066e-01
      vertex 1.1205928e+00 3.7826109e-01 -1.2608695e-01
    endloop
  endfacet
  facet normal 9.8188943e-01 1.2010270e-01 -1.4652090e-01
    outer loop
      vertex 1.1347828e+00 2.6534319e-01 -1.2608695e-01
      vertex 1.1205890e+00 3.6406738e-01 -1.4028066e-01
      vertex 1.1224762e+00 3.6595452e-01 -1.2608695e-01
    endloop
  endfacet
  facet normal 9.9260205e-01 1.2141309e-01 3.2044444e-08
    outer loop
      vertex 1.1347828e+00 2.6534328e-01 1.3169266e-02
      vertex 1.1224762e+00 3.6595455e-01 1.1378063e-01
      vertex 1.1347828e+00 2.6534325e-01 1.2608719e-01
    endloop
  endfacet
  facet normal 9.9260205e-01 1.2141305e-01 -1.5084952e-08
    outer loop
      vertex 1.1224762e+00 3.6595452e-01 -1.2608695e-01
      vertex 1.1224762e+00 3.6595455e-01 1.1378063e-01
      vertex 1.1347828e+00 2.6534319e-01 -1.2608695e-01
    endloop
  endfacet
  facet normal 9.9260205e-01 1.2141319e-01 -7.4227849e-08
    outer loop
      vertex 1.1224762e+00 3.6595455e-01 1.1378063e-01
      vertex 1.1347828e+00 2.6534328e-01 1.3169266e-02
      vertex 1.1347828e+00 2.6534319e-01 -1.2608695e-01
    endloop
  endfacet
  facet normal 9.8849124e-01 1.5127788e-01 -1.8795506e-08
    outer loop
      vertex 1.1224762e+00 3.6595452e-01 -1.2608695e-01
      vertex 1.1205928e+00 3.7826109e-01 -1.2608695e-01
      vertex 1.1224762e+00 3.6595455e-01 1.1378063e-01
    endloop
  endfacet
  facet normal 9.8849118e-01 1.5127826e-01 0.0000000e+00
    outer loop
      vertex 1.1224762e+00 3.6595455e-01 1.1378063e-01
      vertex 1.1205928e+00 3.7826109e-01 -1.2608695e-01
      vertex 1.1205928e+00 3.7826109e-01 1.1189727e-01
    endloop
  endfacet
  facet normal 9.8849124e-01 1.5127826e-01 0.0000000e+00
    outer loop
      vertex 1.1205928e+00 3.7826109e-01 1.2608719e-01
      vertex 1.1224762e+00 3.6595455e-01 1.1378063e-01
      vertex 1.1205928e+00 3.7826109e-01 1.1189727e-01
    endloop
  endfacet
  facet normal 9.8849118e-01 1.5127824e-01 0.0000000e+00
    outer loop
      vertex 1.1224762e+00 3.6595455e-01 1.2608719e-01
      vertex 1.1224762e+00 3.6595455e-01 1.1378063e-01
      vertex 1.1205928e+00 3.7826109e-01 1.2608719e-01
    endloop
  endfacet
  facet normal 9.9260205e-01 1.2141308e-01 0.0000000e+00
    outer loop
      vertex 1.1347828e+00 2.6534325e-01 1.2608719e-01
      vertex 1.1224762e+00 3.6595455e-01 1.1378063e-01
      vertex 1.1224762e+00 3.6595455e-01 1.2608719e-01
    endloop
  endfacet
  facet normal 9.8788035e-01 9.7418509e-02 1.2083904e-01
    outer loop
      vertex 1.1224754e+00 1.2608719e-01 3.6595362e-01
      vertex 1.1347828e+00 1.2608719e-01 2.6533842e-01
      vertex 1.1031016e+00 3.4657991e-01 3.4657991e-01
    endloop
  endfacet
  facet normal 9.8788029e-01 9.7418308e-02 1.2083960e-01
    outer loop
      vertex 1.1031016e+00 3.4657991e-01 3.4657991e-01
      vertex 1.1347828e+00 1.2608719e-01 2.6533842e-01
      vertex 1.1347828e+00 2.0318434e-01 2.0318434e-01
    endloop
  endfacet
  facet normal 9.8788029e-01 1.2083553e-01 9.7422451e-02
    outer loop
      vertex 1.1224762e+00 3.6595455e-01 1.2608719e-01
      vertex 1.1031016e+00 3.4657991e-01 3.4657991e-01
      vertex 1.1347828e+00 2.6534325e-01 1.2608719e-01
    endloop
  endfacet
  facet normal 9.8788035e-01 1.2083542e-01 9.7422495e-02
    outer loop
      vertex 1.1031016e+00 3.4657991e-01 3.4657991e-01
      vertex 1.1347828e+00 2.0318434e-01 2.0318434e-01
      vertex 1.1347828e+00 2.6534325e-01 1.2608719e-01
    endloop
  endfacet
  facet normal 9.8357081e-01 1.5052523e-01 9.9652596e-02
    outer loop
      vertex 1.1224762e+00 3.6595455e-01 1.2608719e-01
      vertex 1.1205928e+00 3.7826109e-01 1.2608719e-01
      vertex 1.1031016e+00 3.4657991e-01 3.4657991e-01
    endloop
  endfacet
  facet normal 9.8357165e-01 1.5052025e-01 9.9651940e-02
    outer loop
      vertex 1.1031016e+00 3.4657991e-01 3.4657991e-01
      vertex 1.1205928e+00 3.7826109e-01 1.2608719e-01
      vertex 1.0986993e+00 3.7826109e-01 3.4217757e-01
    endloop
  endfacet
  facet normal 9.8175216e-01 1.5225258e-01 1.1393808e-01
    outer loop
      vertex 1.0945116e+00 3.7826109e-01 3.7826109e-01
      vertex 1.1031016e+00 3.4657991e-01 3.4657991e-01
      vertex 1.0986993e+00 3.7826109e-01 3.4217757e-01
    endloop
  endfacet
  facet normal 9.8174328e-01 1.1370190e-01 1.5248637e-01
    outer loop
      vertex 1.0986916e+00 3.4216985e-01 3.7826109e-01
      vertex 1.1031016e+00 3.4657991e-01 3.4657991e-01
      vertex 1.0945116e+00 3.7826109e-01 3.7826109e-01
    endloop
  endfacet
  facet normal 9.8352969e-01 9.9667355e-02 1.5078391e-01
    outer loop
      vertex 1.1224754e+00 1.2608719e-01 3.6595362e-01
      vertex 1.1031016e+00 3.4657991e-01 3.4657991e-01
      vertex 1.1205885e+00 1.2608719e-01 3.7826109e-01
    endloop
  endfacet
  facet normal 9.8353010e-01 9.9667028e-02 1.5078141e-01
    outer loop
      vertex 1.1031016e+00 3.4657991e-01 3.4657991e-01
      vertex 1.0986916e+00 3.4216985e-01 3.7826109e-01
      vertex 1.1205885e+00 1.2608719e-01 3.7826109e-01
    endloop
  endfacet
  facet normal 9.7971880e-01 6.1452374e-02 1.9072142e-01
    outer loop
      vertex 1.0818101e+00 1.2608719e-01 5.7746238e-01
      vertex 1.1205885e+00 1.2608719e-01 3.7826109e-01
      vertex 1.0718731e+00 3.1535137e-01 5.6752527e-01
    endloop
  endfacet
  facet normal 9.8312539e-01 9.9626027e-02 1.5342459e-01
    outer loop
      vertex 1.1205885e+00 1.2608719e-01 3.7826109e-01
      vertex 1.0986916e+00 3.4216985e-01 3.7826109e-01
      vertex 1.0718731e+00 3.1535137e-01 5.6752527e-01
    endloop
  endfacet
  facet normal 9.8133010e-01 1.1365405e-01 1.5515797e-01
    outer loop
      vertex 1.0986916e+00 3.4216985e-01 3.7826109e-01
      vertex 1.0945116e+00 3.7826109e-01 3.7826109e-01
      vertex 1.0718731e+00 3.1535137e-01 5.6752527e-01
    endloop
  endfacet
  facet normal 9.8133016e-01 1.1365420e-01 1.5515803e-01
    outer loop
      vertex 1.0718731e+00 3.1535137e-01 5.6752527e-01
      vertex 1.0945116e+00 3.7826109e-01 3.7826109e-01
      vertex 1.0655818e+00 3.7826109e-01 5.6123400e-01
    endloop
  endfacet
  facet normal 6.0852259e-01 1.3898584e-01 7.8127021e-01
    outer loop
      vertex 9.7673601e-01 3.7826109e-01 6.3043499e-01
      vertex 1.0718731e+00 3.1535137e-01 5.6752527e-01
      vertex 1.0655818e+00 3.7826109e-01 5.6123400e-01
    endloop
  endfacet
  facet normal 6.1517268e-01 1.5789303e-01 7.7241981e-01
    outer loop
      vertex 1.0090159e+00 2.5249419e-01 6.3043499e-01
      vertex 1.0718731e+00 3.1535137e-01 5.6752527e-01
      vertex 9.7673601e-01 3.7826109e-01 6.3043499e-01
    endloop
  endfacet
  facet normal 6.6755259e-01 7.3948078e-02 7.4088144e-01
    outer loop
      vertex 1.0818101e+00 1.2608719e-01 5.7746238e-01
      vertex 1.0718731e+00 3.1535137e-01 5.6752527e-01
      vertex 1.0230186e+00 1.2608719e-01 6.3043499e-01
    endloop
  endfacet
  facet normal 6.6755289e-01 7.3947884e-02 7.4088120e-01
    outer loop
      vertex 1.0718731e+00 3.1535137e-01 5.6752527e-01
      vertex 1.0090159e+00 2.5249419e-01 6.3043499e-01
      vertex 1.0230186e+00 1.2608719e-01 6.3043499e-01
    endloop
  endfacet
  facet normal 6.1806482e-01 8.2194857e-02 7.8181839e-01
    outer loop
      vertex 9.4460142e-01 1.2608719e-01 6.9242752e-01
      vertex 1.0230186e+00 1.2608719e-01 6.3043499e-01
      vertex 9.4116336e-01 1.8464166e-01 6.8898946e-01
    endloop
  endfacet
  facet normal 6.1209917e-01 6.7805022e-02 7.8786868e-01
    outer loop
      vertex 1.0230186e+00 1.2608719e-01 6.3043499e-01
      vertex 1.0090159e+00 2.5249419e-01 6.3043499e-01
      vertex 9.4116336e-01 1.8464166e-01 6.8898946e-01
    endloop
  endfacet
  facet normal 5.6020528e-01 1.4378485e-01 8.1577933e-01
    outer loop
      vertex 1.0090159e+00 2.5249419e-01 6.3043499e-01
      vertex 9.7673601e-01 3.7826109e-01 6.3043499e-01
      vertex 9.4116336e-01 1.8464166e-01 6.8898946e-01
    endloop
  endfacet
  facet normal 5.6020552e-01 1.4378478e-01 8.1577927e-01
    outer loop
      vertex 9.4116336e-01 1.8464166e-01 6.8898946e-01
      vertex 9.7673601e-01 3.7826109e-01 6.3043499e-01
      vertex 9.2093092e-01 3.7826109e-01 6.6875702e-01
    endloop
  endfacet
  facet normal 4.6119347e-01 1.3975488e-01 8.7622434e-01
    outer loop
      vertex 8.8260889e-01 2.1122186e-01 7.1556967e-01
      vertex 9.4116336e-01 1.8464166e-01 6.8898946e-01
      vertex 8.8260889e-01 3.7826109e-01 6.8892747e-01
    endloop
  endfacet
  facet normal 4.6119285e-01 1.3975467e-01 8.7622470e-01
    outer loop
      vertex 9.4116336e-01 1.8464166e-01 6.8898946e-01
      vertex 9.2093092e-01 3.7826109e-01 6.6875702e-01
      vertex 8.8260889e-01 3.7826109e-01 6.8892747e-01
    endloop
  endfacet
  facet normal 4.6698228e-01 1.5884972e-01 8.6988175e-01
    outer loop
      vertex 8.8260889e-01 2.1122186e-01 7.1556967e-01
      vertex 8.8260889e-01 1.2608719e-01 7.3111618e-01
      vertex 9.4116336e-01 1.8464166e-01 6.8898946e-01
    endloop
  endfacet
  facet normal 5.2771717e-01 8.0634080e-02 8.4558427e-01
    outer loop
      vertex 8.8260889e-01 1.2608719e-01 7.3111618e-01
      vertex 9.4460142e-01 1.2608719e-01 6.9242752e-01
      vertex 9.4116336e-01 1.8464166e-01 6.8898946e-01
    endloop
  endfacet
  facet normal 4.0399081e-01 2.3770805e-01 -8.8333815e-01
    outer loop
      vertex 8.8260889e-01 3.7826109e-01 -6.6622442e-01
      vertex 8.8260889e-01 5.1125777e-01 -6.3043475e-01
      vertex 9.3187559e-01 4.2752779e-01 -6.3043475e-01
    endloop
  endfacet
  facet normal 5.2073610e-01 9.5548563e-02 -8.4835392e-01
    outer loop
      vertex 8.8260889e-01 3.7826109e-01 -6.6622442e-01
      vertex 9.3187559e-01 4.2752779e-01 -6.3043475e-01
      vertex 9.4091541e-01 3.7826109e-01 -6.3043475e-01
    endloop
  endfacet
  facet normal 8.8386214e-01 2.6155043e-01 -3.8778746e-01
    outer loop
      vertex 9.8649430e-01 3.7826109e-01 -5.2654934e-01
      vertex 9.4091541e-01 3.7826109e-01 -6.3043475e-01
      vertex 9.5063055e-01 4.4628277e-01 -5.6241310e-01
    endloop
  endfacet
  facet normal 9.3652546e-01 1.7184064e-01 -3.0559924e-01
    outer loop
      vertex 9.4091541e-01 3.7826109e-01 -6.3043475e-01
      vertex 9.3187559e-01 4.2752779e-01 -6.3043475e-01
      vertex 9.5063055e-01 4.4628277e-01 -5.6241310e-01
    endloop
  endfacet
  facet normal 8.0634195e-01 4.7445136e-01 -3.5314107e-01
    outer loop
      vertex 9.3187559e-01 4.2752779e-01 -6.3043475e-01
      vertex 8.8260889e-01 5.1125777e-01 -6.3043475e-01
      vertex 9.5063055e-01 4.4628277e-01 -5.6241310e-01
    endloop
  endfacet
  facet normal 7.7262980e-01 1.6789652e-01 -6.1225325e-01
    outer loop
      vertex 8.8260889e-01 5.1125777e-01 -6.3043475e-01
      vertex 8.8260889e-01 6.3043499e-01 -5.9775311e-01
      vertex 9.5063055e-01 4.4628277e-01 -5.6241310e-01
    endloop
  endfacet
  facet normal 7.7262980e-01 1.6789658e-01 -6.1225319e-01
    outer loop
      vertex 9.5063055e-01 4.4628277e-01 -5.6241310e-01
      vertex 8.8260889e-01 6.3043499e-01 -5.9775311e-01
      vertex 1.0565406e+00 6.3043499e-01 -3.7826085e-01
    endloop
  endfacet
  facet normal 7.9454541e-01 1.3503781e-01 -5.9199858e-01
    outer loop
      vertex 1.0679066e+00 5.6355882e-01 -3.7826085e-01
      vertex 9.5063055e-01 4.4628277e-01 -5.6241310e-01
      vertex 1.0565406e+00 6.3043499e-01 -3.7826085e-01
    endloop
  endfacet
  facet normal 8.0303329e-01 1.1510798e-01 -5.8471161e-01
    outer loop
      vertex 9.8649430e-01 3.7826109e-01 -5.2654934e-01
      vertex 9.5063055e-01 4.4628277e-01 -5.6241310e-01
      vertex 1.0944674e+00 3.7826109e-01 -3.7826085e-01
    endloop
  endfacet
  facet normal 8.0303329e-01 1.1510769e-01 -5.8471167e-01
    outer loop
      vertex 9.5063055e-01 4.4628277e-01 -5.6241310e-01
      vertex 1.0679066e+00 5.6355882e-01 -3.7826085e-01
      vertex 1.0944674e+00 3.7826109e-01 -3.7826085e-01
    endloop
  endfacet
  facet normal 9.7847444e-01 1.8016556e-01 -1.0063856e-01
    outer loop
      vertex 1.1187557e+00 3.7826109e-01 -1.4211401e-01
      vertex 1.0944674e+00 3.7826109e-01 -3.7826085e-01
      vertex 1.0785426e+00 5.7419479e-01 -1.8232714e-01
    endloop
  endfacet
  facet normal 9.8801947e-01 1.4162381e-01 -6.1321024e-02
    outer loop
      vertex 1.0944674e+00 3.7826109e-01 -3.7826085e-01
      vertex 1.0679066e+00 5.6355882e-01 -3.7826085e-01
      vertex 1.0785426e+00 5.7419479e-01 -1.8232714e-01
    endloop
  endfacet
  facet normal 9.8393631e-01 1.6722593e-01 -6.2489137e-02
    outer loop
      vertex 1.0679066e+00 5.6355882e-01 -3.7826085e-01
      vertex 1.0565406e+00 6.3043499e-01 -3.7826085e-01
      vertex 1.0785426e+00 5.7419479e-01 -1.8232714e-01
    endloop
  endfacet
  facet normal 9.8393625e-01 1.6722603e-01 -6.2489100e-02
    outer loop
      vertex 1.0785426e+00 5.7419479e-01 -1.8232714e-01
      vertex 1.0565406e+00 6.3043499e-01 -3.7826085e-01
      vertex 1.0683360e+00 6.3043499e-01 -1.9253369e-01
    endloop
  endfacet
  facet normal 9.8401099e-01 1.6768497e-01 -6.0035028e-02
    outer loop
      vertex 1.0723900e+00 6.3043499e-01 -1.2608695e-01
      vertex 1.0785426e+00 5.7419479e-01 -1.8232714e-01
      vertex 1.0683360e+00 6.3043499e-01 -1.9253369e-01
    endloop
  endfacet
  facet normal 9.6834528e-01 2.2133690e-01 -1.1540078e-01
    outer loop
      vertex 1.0839980e+00 5.7965016e-01 -1.2608695e-01
      vertex 1.0785426e+00 5.7419479e-01 -1.8232714e-01
      vertex 1.0723900e+00 6.3043499e-01 -1.2608695e-01
    endloop
  endfacet
  facet normal 9.7769004e-01 1.7765847e-01 -1.1206968e-01
    outer loop
      vertex 1.1187557e+00 3.7826109e-01 -1.4211401e-01
      vertex 1.0785426e+00 5.7419479e-01 -1.8232714e-01
      vertex 1.1205928e+00 3.7826109e-01 -1.2608695e-01
    endloop
  endfacet
  facet normal 9.7769004e-01 1.7765829e-01 -1.1207036e-01
    outer loop
      vertex 1.0785426e+00 5.7419479e-01 -1.8232714e-01
      vertex 1.0839980e+00 5.7965016e-01 -1.2608695e-01
      vertex 1.1205928e+00 3.7826109e-01 -1.2608695e-01
    endloop
  endfacet
  facet normal 9.8392731e-01 1.7856942e-01 0.0000000e+00
    outer loop
      vertex 1.1205928e+00 3.7826109e-01 1.1189727e-01
      vertex 1.1205928e+00 3.7826109e-01 -1.2608695e-01
      vertex 1.0840365e+00 5.7968867e-01 7.5340852e-02
    endloop
  endfacet
  facet normal 9.8388821e-01 1.7878456e-01 -2.2224987e-04
    outer loop
      vertex 1.1205928e+00 3.7826109e-01 -1.2608695e-01
      vertex 1.0839980e+00 5.7965016e-01 -1.2608695e-01
      vertex 1.0840365e+00 5.7968867e-01 7.5340852e-02
    endloop
  endfacet
  facet normal 9.7485828e-01 2.2282562e-01 -2.2894726e-04
    outer loop
      vertex 1.0839980e+00 5.7965016e-01 -1.2608695e-01
      vertex 1.0723900e+00 6.3043499e-01 -1.2608695e-01
      vertex 1.0840365e+00 5.7968867e-01 7.5340852e-02
    endloop
  endfacet
  facet normal 9.7485834e-01 2.2282556e-01 -2.2896289e-04
    outer loop
      vertex 1.0840365e+00 5.7968867e-01 7.5340852e-02
      vertex 1.0723900e+00 6.3043499e-01 -1.2608695e-01
      vertex 1.0724345e+00 6.3043499e-01 6.3738912e-02
    endloop
  endfacet
  facet normal 9.7485006e-01 2.2286195e-01 -6.1508821e-05
    outer loop
      vertex 1.0724385e+00 6.3043499e-01 1.2608719e-01
      vertex 1.0840365e+00 5.7968867e-01 7.5340852e-02
      vertex 1.0724345e+00 6.3043499e-01 6.3738912e-02
    endloop
  endfacet
  facet normal 9.7486341e-01 2.2280349e-01 0.0000000e+00
    outer loop
      vertex 1.0840365e+00 5.7968867e-01 1.2608719e-01
      vertex 1.0840365e+00 5.7968867e-01 7.5340852e-02
      vertex 1.0724385e+00 6.3043499e-01 1.2608719e-01
    endloop
  endfacet
  facet normal 9.8392731e-01 1.7856942e-01 -0.0000000e+00
    outer loop
      vertex 1.1205928e+00 3.7826109e-01 1.1189727e-01
      vertex 1.0840365e+00 5.7968867e-01 7.5340852e-02
      vertex 1.1205928e+00 3.7826109e-01 1.2608719e-01
    endloop
  endfacet
  facet normal 9.8392731e-01 1.7856942e-01 -0.0000000e+00
    outer loop
      vertex 1.0840365e+00 5.7968867e-01 7.5340852e-02
      vertex 1.0840365e+00 5.7968867e-01 1.2608719e-01
      vertex 1.1205928e+00 3.7826109e-01 1.2608719e-01
    endloop
  endfacet
  facet normal 9.3718117e-01 -3.3567181e-01 9.4951838e-02
    outer loop
      vertex 1.0986993e+00 3.7826109e-01 3.4217757e-01
      vertex 1.1205928e+00 3.7826109e-01 1.2608719e-01
      vertex 1.1347828e+00 4.8921153e-01 3.7826109e-01
    endloop
  endfacet
  facet normal 9.3718052e-01 -3.3567354e-01 9.4952635e-02
    outer loop
      vertex 1.1205928e+00 3.7826109e-01 1.2608719e-01
      vertex 1.1347828e+00 4.3350577e-01 1.8133186e-01
      vertex 1.1347828e+00 4.8921153e-01 3.7826109e-01
    endloop
  endfacet
  facet normal 9.0347767e-01 1.6396889e-01 -3.9603317e-01
    outer loop
      vertex 1.1205928e+00 3.7826109e-01 1.2608719e-01
      vertex 1.0840365e+00 5.7968867e-01 1.2608719e-01
      vertex 1.1347828e+00 4.3350577e-01 1.8133186e-01
    endloop
  endfacet
  facet normal 9.0347791e-01 1.6396917e-01 -3.9603254e-01
    outer loop
      vertex 1.0840365e+00 5.7968867e-01 1.2608719e-01
      vertex 1.1347828e+00 6.3043499e-01 2.6286638e-01
      vertex 1.1347828e+00 4.3350577e-01 1.8133186e-01
    endloop
  endfacet
  facet normal 8.9087421e-01 2.0360792e-01 -4.0606278e-01
    outer loop
      vertex 1.1347828e+00 6.3043499e-01 2.6286638e-01
      vertex 1.0840365e+00 5.7968867e-01 1.2608719e-01
      vertex 1.0724385e+00 6.3043499e-01 1.2608719e-01
    endloop
  endfacet
  facet normal 9.3445182e-01 -3.3917361e-01 1.0844859e-01
    outer loop
      vertex 1.1347828e+00 4.8921153e-01 3.7826109e-01
      vertex 1.0945116e+00 3.7826109e-01 3.7826109e-01
      vertex 1.0986993e+00 3.7826109e-01 3.4217757e-01
    endloop
  endfacet
  facet normal 9.5746547e-01 -2.4564725e-01 1.5138477e-01
    outer loop
      vertex 1.0655818e+00 3.7826109e-01 5.6123400e-01
      vertex 1.0945116e+00 3.7826109e-01 3.7826109e-01
      vertex 1.1176516e+00 6.1330378e-01 6.1330378e-01
    endloop
  endfacet
  facet normal 9.1222042e-01 -3.3110440e-01 2.4129629e-01
    outer loop
      vertex 1.0945116e+00 3.7826109e-01 3.7826109e-01
      vertex 1.1347828e+00 4.8921153e-01 3.7826109e-01
      vertex 1.1176516e+00 6.1330378e-01 6.1330378e-01
    endloop
  endfacet
  facet normal 9.1222024e-01 -3.3110461e-01 2.4129640e-01
    outer loop
      vertex 1.1176516e+00 6.1330378e-01 6.1330378e-01
      vertex 1.1347828e+00 4.8921153e-01 3.7826109e-01
      vertex 1.1347828e+00 6.3043499e-01 5.7204658e-01
    endloop
  endfacet
  facet normal 9.2688364e-01 -2.4923293e-02 3.7452060e-01
    outer loop
      vertex 1.1179796e+00 6.3043499e-01 6.1363190e-01
      vertex 1.1176516e+00 6.1330378e-01 6.1330378e-01
      vertex 1.1347828e+00 6.3043499e-01 5.7204658e-01
    endloop
  endfacet
  facet normal 7.9286404e-02 -2.0607563e-02 9.9663889e-01
    outer loop
      vertex 9.0676302e-01 6.3043499e-01 6.3043499e-01
      vertex 1.1176516e+00 6.1330378e-01 6.1330378e-01
      vertex 1.1179796e+00 6.3043499e-01 6.1363190e-01
    endloop
  endfacet
  facet normal 9.9669017e-02 2.6896665e-01 9.5797855e-01
    outer loop
      vertex 1.0731325e+00 5.6878465e-01 6.3043499e-01
      vertex 1.1176516e+00 6.1330378e-01 6.1330378e-01
      vertex 9.0676302e-01 6.3043499e-01 6.3043499e-01
    endloop
  endfacet
  facet normal 5.8678132e-01 -2.9688525e-01 7.5335699e-01
    outer loop
      vertex 1.0655818e+00 3.7826109e-01 5.6123400e-01
      vertex 1.1176516e+00 6.1330378e-01 6.1330378e-01
      vertex 9.7673601e-01 3.7826109e-01 6.3043499e-01
    endloop
  endfacet
  facet normal 5.8678234e-01 -2.9688594e-01 7.5335598e-01
    outer loop
      vertex 1.1176516e+00 6.1330378e-01 6.1330378e-01
      vertex 1.0731325e+00 5.6878465e-01 6.3043499e-01
      vertex 9.7673601e-01 3.7826109e-01 6.3043499e-01
    endloop
  endfacet
  facet normal 5.6116748e-01 -1.3155967e-01 8.1718004e-01
    outer loop
      vertex 9.2093092e-01 3.7826109e-01 6.6875702e-01
      vertex 9.7673601e-01 3.7826109e-01 6.3043499e-01
      vertex 9.2497462e-01 4.2062682e-01 6.7280072e-01
    endloop
  endfacet
  facet normal 4.8558310e-01 -2.4568357e-01 8.3895683e-01
    outer loop
      vertex 9.7673601e-01 3.7826109e-01 6.3043499e-01
      vertex 1.0731325e+00 5.6878465e-01 6.3043499e-01
      vertex 9.2497462e-01 4.2062682e-01 6.7280072e-01
    endloop
  endfacet
  facet normal 7.5467549e-02 2.0365660e-01 9.7612941e-01
    outer loop
      vertex 1.0731325e+00 5.6878465e-01 6.3043499e-01
      vertex 9.0676302e-01 6.3043499e-01 6.3043499e-01
      vertex 9.2497462e-01 4.2062682e-01 6.7280072e-01
    endloop
  endfacet
  facet normal 7.5467937e-02 2.0365666e-01 9.7612935e-01
    outer loop
      vertex 9.2497462e-01 4.2062682e-01 6.7280072e-01
      vertex 9.0676302e-01 6.3043499e-01 6.3043499e-01
      vertex 8.8434231e-01 6.3043499e-01 6.3216841e-01
    endloop
  endfacet
  facet normal 9.1528364e-02 2.0638946e-01 9.7417963e-01
    outer loop
      vertex 8.8260889e-01 4.2391139e-01 6.7608529e-01
      vertex 9.2497462e-01 4.2062682e-01 6.7280072e-01
      vertex 8.8260889e-01 6.3043499e-01 6.3233125e-01
    endloop
  endfacet
  facet normal 9.1514498e-02 2.0638752e-01 9.7418135e-01
    outer loop
      vertex 9.2497462e-01 4.2062682e-01 6.7280072e-01
      vertex 8.8434231e-01 6.3043499e-01 6.3216841e-01
      vertex 8.8260889e-01 6.3043499e-01 6.3233125e-01
    endloop
  endfacet
  facet normal 9.5193073e-02 2.6957503e-01 9.5826286e-01
    outer loop
      vertex 8.8260889e-01 4.2391139e-01 6.7608529e-01
      vertex 8.8260889e-01 3.7826109e-01 6.8892747e-01
      vertex 9.2497462e-01 4.2062682e-01 6.7280072e-01
    endloop
  endfacet
  facet normal 4.6194088e-01 -1.2786007e-01 8.7764597e-01
    outer loop
      vertex 8.8260889e-01 3.7826109e-01 6.8892747e-01
      vertex 9.2093092e-01 3.7826109e-01 6.6875702e-01
      vertex 9.2497462e-01 4.2062682e-01 6.7280072e-01
    endloop
  endfacet
  facet normal 2.4119563e-01 7.4776852e-01 -6.1860073e-01
    outer loop
      vertex 8.8260889e-01 6.3043499e-01 -5.9775311e-01
      vertex 8.8260889e-01 8.1201267e-01 -3.7826085e-01
      vertex 1.0199021e+00 7.6772821e-01 -3.7826085e-01
    endloop
  endfacet
  facet normal 7.6715511e-01 2.0472544e-01 -6.0791487e-01
    outer loop
      vertex 8.8260889e-01 6.3043499e-01 -5.9775311e-01
      vertex 1.0199021e+00 7.6772821e-01 -3.7826085e-01
      vertex 1.0565406e+00 6.3043499e-01 -3.7826085e-01
    endloop
  endfacet
  facet normal 9.5578074e-01 2.8774732e-01 -6.0700964e-02
    outer loop
      vertex 1.0683360e+00 6.3043499e-01 -1.9253369e-01
      vertex 1.0565406e+00 6.3043499e-01 -3.7826085e-01
      vertex 1.0231540e+00 7.7098012e-01 -2.3771571e-01
    endloop
  endfacet
  facet normal 9.6580040e-01 2.5773653e-01 -2.8309995e-02
    outer loop
      vertex 1.0565406e+00 6.3043499e-01 -3.7826085e-01
      vertex 1.0199021e+00 7.6772821e-01 -3.7826085e-01
      vertex 1.0231540e+00 7.7098012e-01 -2.3771571e-01
    endloop
  endfacet
  facet normal 3.0684963e-01 9.5131266e-01 -2.9111151e-02
    outer loop
      vertex 1.0199021e+00 7.6772821e-01 -3.7826085e-01
      vertex 8.8260889e-01 8.1201267e-01 -3.7826085e-01
      vertex 1.0231540e+00 7.7098012e-01 -2.3771571e-01
    endloop
  endfacet
  facet normal 3.5532337e-01 9.3100524e-01 -8.3513729e-02
    outer loop
      vertex 8.8260889e-01 8.1201267e-01 -3.7826085e-01
      vertex 8.8260889e-01 8.2990575e-01 -1.7879009e-01
      vertex 1.0231540e+00 7.7098012e-01 -2.3771571e-01
    endloop
  endfacet
  facet normal 3.6422190e-01 9.2933714e-01 -6.0621556e-02
    outer loop
      vertex 8.8260889e-01 8.2990575e-01 -1.7879009e-01
      vertex 8.8260889e-01 8.3334363e-01 -1.2608695e-01
      vertex 1.0231540e+00 7.7098012e-01 -2.3771571e-01
    endloop
  endfacet
  facet normal 3.6422193e-01 9.2933708e-01 -6.0621470e-02
    outer loop
      vertex 1.0231540e+00 7.7098012e-01 -2.3771571e-01
      vertex 8.8260889e-01 8.3334363e-01 -1.2608695e-01
      vertex 1.0283854e+00 7.7621150e-01 -1.2608695e-01
    endloop
  endfacet
  facet normal 9.5570517e-01 2.8849226e-01 -5.8308072e-02
    outer loop
      vertex 1.0683360e+00 6.3043499e-01 -1.9253369e-01
      vertex 1.0231540e+00 7.7098012e-01 -2.3771571e-01
      vertex 1.0723900e+00 6.3043499e-01 -1.2608695e-01
    endloop
  endfacet
  facet normal 9.5570517e-01 2.8849220e-01 -5.8308180e-02
    outer loop
      vertex 1.0231540e+00 7.7098012e-01 -2.3771571e-01
      vertex 1.0283854e+00 7.7621150e-01 -1.2608695e-01
      vertex 1.0723900e+00 6.3043499e-01 -1.2608695e-01
    endloop
  endfacet
  facet normal 9.5745260e-01 2.8859049e-01 -2.2487626e-04
    outer loop
      vertex 1.0724345e+00 6.3043499e-01 6.3738912e-02
      vertex 1.0723900e+00 6.3043499e-01 -1.2608695e-01
      vertex 1.0284619e+00 7.7628803e-01 1.9766197e-02
    endloop
  endfacet
  facet normal 9.5733374e-01 2.8898382e-01 -6.5397250e-04
    outer loop
      vertex 1.0723900e+00 6.3043499e-01 -1.2608695e-01
      vertex 1.0283854e+00 7.7621150e-01 -1.2608695e-01
      vertex 1.0284619e+00 7.7628803e-01 1.9766197e-02
    endloop
  endfacet
  facet normal 3.6489296e-01 9.3104923e-01 -6.8000943e-04
    outer loop
      vertex 1.0283854e+00 7.7621150e-01 -1.2608695e-01
      vertex 8.8260889e-01 8.3334363e-01 -1.2608695e-01
      vertex 1.0284619e+00 7.7628803e-01 1.9766197e-02
    endloop
  endfacet
  facet normal 3.6440372e-01 9.3124115e-01 -1.1569849e-04
    outer loop
      vertex 8.8260889e-01 8.3334363e-01 -1.2608695e-01
      vertex 8.8260889e-01 8.3336884e-01 7.6847106e-02
      vertex 1.0284619e+00 7.7628803e-01 1.9766197e-02
    endloop
  endfacet
  facet normal 3.6442155e-01 9.3123412e-01 -6.3125997e-05
    outer loop
      vertex 8.8260889e-01 8.3336884e-01 7.6847106e-02
      vertex 8.8260889e-01 8.3337218e-01 1.2608719e-01
      vertex 1.0284619e+00 7.7628803e-01 1.9766197e-02
    endloop
  endfacet
  facet normal 3.6442199e-01 9.3123394e-01 -6.2466795e-05
    outer loop
      vertex 1.0284619e+00 7.7628803e-01 1.9766197e-02
      vertex 8.8260889e-01 8.3337218e-01 1.2608719e-01
      vertex 1.0284671e+00 7.7629316e-01 1.2608719e-01
    endloop
  endfacet
  facet normal 9.5743901e-01 2.8863597e-01 -6.0410257e-05
    outer loop
      vertex 1.0724345e+00 6.3043499e-01 6.3738912e-02
      vertex 1.0284619e+00 7.7628803e-01 1.9766197e-02
      vertex 1.0724385e+00 6.3043499e-01 1.2608719e-01
    endloop
  endfacet
  facet normal 9.5743883e-01 2.8863621e-01 -6.0076378e-05
    outer loop
      vertex 1.0284619e+00 7.7628803e-01 1.9766197e-02
      vertex 1.0284671e+00 7.7629316e-01 1.2608719e-01
      vertex 1.0724385e+00 6.3043499e-01 1.2608719e-01
    endloop
  endfacet
  facet normal 8.9189953e-01 -1.9811219e-01 -4.0653011e-01
    outer loop
      vertex 1.1347828e+00 7.2239822e-01 2.1805042e-01
      vertex 1.1347828e+00 6.3043499e-01 2.6286638e-01
      vertex 1.0724385e+00 6.3043499e-01 1.2608719e-01
    endloop
  endfacet
  facet normal 6.9841433e-01 2.1054885e-01 -6.8402243e-01
    outer loop
      vertex 1.0724385e+00 6.3043499e-01 1.2608719e-01
      vertex 1.0284671e+00 7.7629316e-01 1.2608719e-01
      vertex 1.1347828e+00 7.2239822e-01 2.1805042e-01
    endloop
  endfacet
  facet normal 6.9841433e-01 2.1054901e-01 -6.8402231e-01
    outer loop
      vertex 1.0284671e+00 7.7629316e-01 1.2608719e-01
      vertex 1.1347828e+00 8.8260889e-01 2.6736489e-01
      vertex 1.1347828e+00 7.2239822e-01 2.1805042e-01
    endloop
  endfacet
  facet normal 2.6092353e-01 6.6675693e-01 -6.9810754e-01
    outer loop
      vertex 1.0284671e+00 7.7629316e-01 1.2608719e-01
      vertex 8.8260889e-01 8.3337218e-01 1.2608719e-01
      vertex 1.1347828e+00 8.8260889e-01 2.6736489e-01
    endloop
  endfacet
  facet normal 2.6092359e-01 6.6675675e-01 -6.9810760e-01
    outer loop
      vertex 8.8260889e-01 8.3337218e-01 1.2608719e-01
      vertex 9.5770067e-01 8.8260889e-01 2.0117895e-01
      vertex 1.1347828e+00 8.8260889e-01 2.6736489e-01
    endloop
  endfacet
  facet normal -3.4136450e-01 9.0543193e-01 -2.5231564e-01
    outer loop
      vertex 9.5770067e-01 8.8260889e-01 2.0117895e-01
      vertex 8.8260889e-01 8.3337218e-01 1.2608719e-01
      vertex 8.8260889e-01 8.8260889e-01 3.0277261e-01
    endloop
  endfacet
  facet normal 8.1134033e-01 -4.8399568e-01 3.2783365e-01
    outer loop
      vertex 1.1347828e+00 6.6998428e-01 6.3043499e-01
      vertex 1.1179796e+00 6.3043499e-01 6.1363190e-01
      vertex 1.1347828e+00 6.3043499e-01 5.7204658e-01
    endloop
  endfacet
  facet normal -5.4809147e-01 7.8283745e-01 2.9455242e-01
    outer loop
      vertex 9.8309851e-01 8.8260889e-01 6.3043499e-01
      vertex 8.8260889e-01 8.8260889e-01 4.4344789e-01
      vertex 8.8260889e-01 8.3148766e-01 5.7931376e-01
    endloop
  endfacet
  facet normal -5.2796012e-01 2.1664590e-01 8.2117158e-01
    outer loop
      vertex 9.8309851e-01 8.8260889e-01 6.3043499e-01
      vertex 8.8260889e-01 8.3148766e-01 5.7931376e-01
      vertex 8.8260889e-01 6.3771844e-01 6.3043499e-01
    endloop
  endfacet
  facet normal 7.2122186e-02 -4.1581744e-01 9.0658379e-01
    outer loop
      vertex 1.1347828e+00 6.6998428e-01 6.3043499e-01
      vertex 9.0676302e-01 6.3043499e-01 6.3043499e-01
      vertex 1.1179796e+00 6.3043499e-01 6.1363190e-01
    endloop
  endfacet
  facet normal 7.3442005e-02 -3.0372399e-01 9.4992524e-01
    outer loop
      vertex 8.8434231e-01 6.3043499e-01 6.3216841e-01
      vertex 9.0676302e-01 6.3043499e-01 6.3043499e-01
      vertex 8.8507390e-01 6.3290000e-01 6.3290000e-01
    endloop
  endfacet
  facet normal 6.3711330e-02 -3.6732498e-01 9.2790800e-01
    outer loop
      vertex 9.0676302e-01 6.3043499e-01 6.3043499e-01
      vertex 1.1347828e+00 6.6998428e-01 6.3043499e-01
      vertex 8.8507390e-01 6.3290000e-01 6.3290000e-01
    endloop
  endfacet
  facet normal 6.3711002e-02 -3.6732277e-01 9.2790890e-01
    outer loop
      vertex 8.8507390e-01 6.3290000e-01 6.3290000e-01
      vertex 1.1347828e+00 6.6998428e-01 6.3043499e-01
      vertex 1.1347828e+00 8.8260889e-01 7.1460474e-01
    endloop
  endfacet
  facet normal -4.7586659e-01 1.9526957e-01 8.5756671e-01
    outer loop
      vertex 8.8260889e-01 6.3771844e-01 6.3043499e-01
      vertex 8.8507390e-01 6.3290000e-01 6.3290000e-01
      vertex 9.8309851e-01 8.8260889e-01 6.3043499e-01
    endloop
  endfacet
  facet normal -4.7586510e-01 1.9526897e-01 8.5756767e-01
    outer loop
      vertex 8.8507390e-01 6.3290000e-01 6.3290000e-01
      vertex 1.1347828e+00 8.8260889e-01 7.1460474e-01
      vertex 9.8309851e-01 8.8260889e-01 6.3043499e-01
    endloop
  endfacet
  facet normal -4.1903400e-01 2.3438601e-01 8.7719643e-01
    outer loop
      vertex 8.8260889e-01 6.3771844e-01 6.3043499e-01
      vertex 8.8260889e-01 6.3197076e-01 6.3197076e-01
      vertex 8.8507390e-01 6.3290000e-01 6.3290000e-01
    endloop
  endfacet
  facet normal -4.1274190e-01 2.0814428e-01 8.8674694e-01
    outer loop
      vertex 8.8260889e-01 6.3197076e-01 6.3197076e-01
      vertex 8.8260889e-01 6.3043499e-01 6.3233125e-01
      vertex 8.8507390e-01 6.3290000e-01 6.3290000e-01
    endloop
  endfacet
  facet normal 8.8995486e-02 -3.0757651e-01 9.4735235e-01
    outer loop
      vertex 8.8260889e-01 6.3043499e-01 6.3233125e-01
      vertex 8.8434231e-01 6.3043499e-01 6.3216841e-01
      vertex 8.8507390e-01 6.3290000e-01 6.3290000e-01
    endloop
  endfacet
  facet normal 2.8518236e-01 5.8007133e-01 -7.6301253e-01
    outer loop
      vertex 9.5770067e-01 8.8260889e-01 2.0117895e-01
      vertex 1.1347828e+00 1.0284792e+00 3.7826109e-01
      vertex 1.1347828e+00 8.8260889e-01 2.6736489e-01
    endloop
  endfacet
  facet normal -4.7348869e-01 8.4535789e-01 -2.4734308e-01
    outer loop
      vertex 8.8260889e-01 8.8260889e-01 3.0277261e-01
      vertex 8.8260889e-01 9.0469605e-01 3.7826109e-01
      vertex 9.3281889e-01 9.3281889e-01 3.7826109e-01
    endloop
  endfacet
  facet normal -4.0812075e-01 8.6164957e-01 -3.0165774e-01
    outer loop
      vertex 8.8260889e-01 8.8260889e-01 3.0277261e-01
      vertex 9.3281889e-01 9.3281889e-01 3.7826109e-01
      vertex 9.5770067e-01 8.8260889e-01 2.0117895e-01
    endloop
  endfacet
  facet normal -4.0812087e-01 8.6164957e-01 -3.0165777e-01
    outer loop
      vertex 9.3281889e-01 9.3281889e-01 3.7826109e-01
      vertex 1.1347828e+00 1.0284792e+00 3.7826109e-01
      vertex 9.5770067e-01 8.8260889e-01 2.0117895e-01
    endloop
  endfacet
  facet normal -5.4013211e-01 8.2948291e-01 1.4218080e-01
    outer loop
      vertex 1.1347828e+00 1.0538046e+00 5.4945689e-01
      vertex 9.5244730e-01 9.5244730e-01 4.4809949e-01
      vertex 1.1347828e+00 1.0399243e+00 6.3043499e-01
    endloop
  endfacet
  facet normal -4.2428648e-01 8.9577937e-01 -1.3251527e-01
    outer loop
      vertex 9.3281889e-01 9.3281889e-01 3.7826109e-01
      vertex 9.5244730e-01 9.5244730e-01 4.4809949e-01
      vertex 1.1347828e+00 1.0284792e+00 3.7826109e-01
    endloop
  endfacet
  facet normal -4.2428640e-01 8.9577955e-01 -1.3251485e-01
    outer loop
      vertex 9.5244730e-01 9.5244730e-01 4.4809949e-01
      vertex 1.1347828e+00 1.0538046e+00 5.4945689e-01
      vertex 1.1347828e+00 1.0284792e+00 3.7826109e-01
    endloop
  endfacet
  facet normal -4.8585442e-01 8.6743534e-01 -1.0724510e-01
    outer loop
      vertex 9.3281889e-01 9.3281889e-01 3.7826109e-01
      vertex 8.8260889e-01 9.0469605e-01 3.7826109e-01
      vertex 9.5244730e-01 9.5244730e-01 4.4809949e-01
    endloop
  endfacet
  facet normal -6.0419858e-01 7.9449785e-01 6.0969334e-02
    outer loop
      vertex 8.8260889e-01 9.0469605e-01 3.7826109e-01
      vertex 8.8260889e-01 9.0312189e-01 3.9877412e-01
      vertex 9.5244730e-01 9.5244730e-01 4.4809949e-01
    endloop
  endfacet
  facet normal -6.8357939e-01 6.6329366e-01 3.0456668e-01
    outer loop
      vertex 8.8260889e-01 9.0312189e-01 3.9877412e-01
      vertex 8.8260889e-01 8.8260889e-01 4.4344789e-01
      vertex 9.5244730e-01 9.5244730e-01 4.4809949e-01
    endloop
  endfacet
  facet normal -6.7138195e-01 6.4735007e-01 3.6081052e-01
    outer loop
      vertex 8.8260889e-01 8.8260889e-01 4.4344789e-01
      vertex 9.8309851e-01 8.8260889e-01 6.3043499e-01
      vertex 9.5244730e-01 9.5244730e-01 4.4809949e-01
    endloop
  endfacet
  facet normal -6.7138201e-01 6.4735001e-01 3.6081049e-01
    outer loop
      vertex 9.5244730e-01 9.5244730e-01 4.4809949e-01
      vertex 9.8309851e-01 8.8260889e-01 6.3043499e-01
      vertex 1.1347828e+00 1.0399243e+00 6.3043499e-01
    endloop
  endfacet
  facet normal -4.8000586e-01 1.4600562e-01 8.6502987e-01
    outer loop
      vertex 9.8309851e-01 8.8260889e-01 6.3043499e-01
      vertex 1.1347828e+00 8.8260889e-01 7.1460474e-01
      vertex 1.1347828e+00 9.5462352e-01 7.0244962e-01
    endloop
  endfacet
  facet normal -5.5606478e-01 5.3616047e-01 6.3507783e-01
    outer loop
      vertex 9.8309851e-01 8.8260889e-01 6.3043499e-01
      vertex 1.1347828e+00 9.5462352e-01 7.0244962e-01
      vertex 1.1347828e+00 1.0399243e+00 6.3043499e-01
    endloop
  endfacet
  facet normal 9.8794228e-01 -9.7261496e-02 -1.2045873e-01
    outer loop
      vertex 1.1347828e+00 -2.0312111e-01 -2.0312111e-01
      vertex 1.1347828e+00 -1.2608695e-01 -2.6532048e-01
      vertex 1.1517594e+00 -1.2608695e-01 -1.2608695e-01
    endloop
  endfacet
  facet normal 9.8794276e-01 -1.2043936e-01 -9.7280987e-02
    outer loop
      vertex 1.1347828e+00 -2.0312111e-01 -2.0312111e-01
      vertex 1.1517594e+00 -1.2608695e-01 -1.2608695e-01
      vertex 1.1347828e+00 -2.6534295e-01 -1.2608695e-01
    endloop
  endfacet
  facet normal 9.9265093e-01 -1.2101333e-01 0.0000000e+00
    outer loop
      vertex 1.1347828e+00 -2.6534295e-01 -1.2608695e-01
      vertex 1.1517594e+00 -1.2608695e-01 -1.2608695e-01
      vertex 1.1517594e+00 -1.2608695e-01 -1.0911036e-01
    endloop
  endfacet
  facet normal 9.9265099e-01 -1.2101334e-01 0.0000000e+00
    outer loop
      vertex 1.1347828e+00 -2.6534295e-01 -1.2608695e-01
      vertex 1.1517594e+00 -1.2608695e-01 -1.0911036e-01
      vertex 1.1347828e+00 -2.6534295e-01 -1.3168916e-02
    endloop
  endfacet
  facet normal 9.9265093e-01 -1.2101333e-01 0.0000000e+00
    outer loop
      vertex 1.1517594e+00 -1.2608695e-01 -1.0911036e-01
      vertex 1.1517594e+00 -1.2608695e-01 1.2608719e-01
      vertex 1.1347828e+00 -2.6534295e-01 -1.3168916e-02
    endloop
  endfacet
  facet normal 9.9265087e-01 -1.2101332e-01 0.0000000e+00
    outer loop
      vertex 1.1347828e+00 -2.6534295e-01 -1.3168916e-02
      vertex 1.1517594e+00 -1.2608695e-01 1.2608719e-01
      vertex 1.1347828e+00 -2.6534295e-01 1.2608719e-01
    endloop
  endfacet
  facet normal 9.8749989e-01 -1.2038537e-01 1.0174191e-01
    outer loop
      vertex 1.1347828e+00 -2.6534295e-01 1.2608719e-01
      vertex 1.1517594e+00 -1.2608695e-01 1.2608719e-01
      vertex 1.1501737e+00 -1.2608695e-01 1.4147809e-01
    endloop
  endfacet
  facet normal 9.8490864e-01 -1.2238045e-01 1.2238465e-01
    outer loop
      vertex 1.1347828e+00 -2.6534295e-01 1.2608719e-01
      vertex 1.1501737e+00 -1.2608695e-01 1.4147809e-01
      vertex 1.1347828e+00 -1.2608695e-01 2.6533842e-01
    endloop
  endfacet
  facet normal 9.9264854e-01 0.0000000e+00 -1.2103257e-01
    outer loop
      vertex 1.1347828e+00 -1.3146475e-02 -2.6532048e-01
      vertex 1.1347828e+00 1.2608719e-01 -2.6532048e-01
      vertex 1.1517594e+00 1.2608719e-01 -1.2608695e-01
    endloop
  endfacet
  facet normal 9.9264854e-01 0.0000000e+00 -1.2103258e-01
    outer loop
      vertex 1.1347828e+00 -1.3146475e-02 -2.6532048e-01
      vertex 1.1517594e+00 1.2608719e-01 -1.2608695e-01
      vertex 1.1347828e+00 -1.2608695e-01 -2.6532048e-01
    endloop
  endfacet
  facet normal 9.9264854e-01 0.0000000e+00 -1.2103257e-01
    outer loop
      vertex 1.1517594e+00 1.2608719e-01 -1.2608695e-01
      vertex 1.1517594e+00 -1.0911036e-01 -1.2608695e-01
      vertex 1.1347828e+00 -1.2608695e-01 -2.6532048e-01
    endloop
  endfacet
  facet normal 9.9264854e-01 0.0000000e+00 -1.2103257e-01
    outer loop
      vertex 1.1347828e+00 -1.2608695e-01 -2.6532048e-01
      vertex 1.1517594e+00 -1.0911036e-01 -1.2608695e-01
      vertex 1.1517594e+00 -1.2608695e-01 -1.2608695e-01
    endloop
  endfacet
  facet normal 1.0000000e+00 -0.0000000e+00 0.0000000e+00
    outer loop
      vertex 1.1517594e+00 -1.2608695e-01 -1.0911036e-01
      vertex 1.1517594e+00 -1.2608695e-01 -1.2608695e-01
      vertex 1.1517594e+00 -1.0911036e-01 -1.0911036e-01
    endloop
  endfacet
  facet normal 1.0000000e+00 0.0000000e+00 0.0000000e+00
    outer loop
      vertex 1.1517594e+00 -1.2608695e-01 -1.2608695e-01
      vertex 1.1517594e+00 -1.0911036e-01 -1.2608695e-01
      vertex 1.1517594e+00 -1.0911036e-01 -1.0911036e-01
    endloop
  endfacet
  facet normal 1.0000000e+00 0.0000000e+00 0.0000000e+00
    outer loop
      vertex 1.1517594e+00 -1.0911036e-01 -1.2608695e-01
      vertex 1.1517594e+00 1.2608719e-01 -1.2608695e-01
      vertex 1.1517594e+00 -1.0911036e-01 -1.0911036e-01
    endloop
  endfacet
  facet normal 1.0000000e+00 -0.0000000e+00 0.0000000e+00
    outer loop
      vertex 1.1517594e+00 -1.0911036e-01 -1.0911036e-01
      vertex 1.1517594e+00 1.2608719e-01 -1.2608695e-01
      vertex 1.1517594e+00 1.2608719e-01 -1.0911036e-01
    endloop
  endfacet
  facet normal 1.0000000e+00 0.0000000e+00 0.0000000e+00
    outer loop
      vertex 1.1517594e+00 1.2608719e-01 1.2608719e-01
      vertex 1.1517594e+00 -1.0911036e-01 -1.0911036e-01
      vertex 1.1517594e+00 1.2608719e-01 -1.0911036e-01
    endloop
  endfacet
  facet normal 1.0000000e+00 -0.0000000e+00 0.0000000e+00
    outer loop
      vertex 1.1517594e+00 -1.0911037e-01 1.2608719e-01
      vertex 1.1517594e+00 -1.0911036e-01 -1.0911036e-01
      vertex 1.1517594e+00 1.2608719e-01 1.2608719e-01
    endloop
  endfacet
  facet normal 1.0000000e+00 0.0000000e+00 0.0000000e+00
    outer loop
      vertex 1.1517594e+00 -1.2608695e-01 -1.0911036e-01
      vertex 1.1517594e+00 -1.0911036e-01 -1.0911036e-01
      vertex 1.1517594e+00 -1.2608695e-01 1.2608719e-01
    endloop
  endfacet
  facet normal 1.0000000e+00 0.0000000e+00 0.0000000e+00
    outer loop
      vertex 1.1517594e+00 -1.0911036e-01 -1.0911036e-01
      vertex 1.1517594e+00 -1.0911037e-01 1.2608719e-01
      vertex 1.1517594e+00 -1.2608695e-01 1.2608719e-01
    endloop
  endfacet
  facet normal 9.9473429e-01 -0.0000000e+00 1.0248730e-01
    outer loop
      vertex 1.1501737e+00 -1.2608695e-01 1.4147809e-01
      vertex 1.1517594e+00 -1.2608695e-01 1.2608719e-01
      vertex 1.1501737e+00 -1.1069603e-01 1.4147809e-01
    endloop
  endfacet
  facet normal 9.9473429e-01 -0.0000000e+00 1.0248729e-01
    outer loop
      vertex 1.1517594e+00 -1.2608695e-01 1.2608719e-01
      vertex 1.1517594e+00 -1.0911037e-01 1.2608719e-01
      vertex 1.1501737e+00 -1.1069603e-01 1.4147809e-01
    endloop
  endfacet
  facet normal 9.9473429e-01 -0.0000000e+00 1.0248730e-01
    outer loop
      vertex 1.1517594e+00 -1.0911037e-01 1.2608719e-01
      vertex 1.1517594e+00 1.2608719e-01 1.2608719e-01
      vertex 1.1501737e+00 -1.1069603e-01 1.4147809e-01
    endloop
  endfacet
  facet normal 9.9473429e-01 -0.0000000e+00 1.0248730e-01
    outer loop
      vertex 1.1501737e+00 -1.1069603e-01 1.4147809e-01
      vertex 1.1517594e+00 1.2608719e-01 1.2608719e-01
      vertex 1.1501737e+00 1.2608719e-01 1.4147809e-01
    endloop
  endfacet
  facet normal 9.9236804e-01 -0.0000000e+00 1.2331156e-01
    outer loop
      vertex 1.1347828e+00 1.3164431e-02 2.6533842e-01
      vertex 1.1501737e+00 -1.1069603e-01 1.4147809e-01
      vertex 1.1347828e+00 1.2608719e-01 2.6533842e-01
    endloop
  endfacet
  facet normal 9.9236798e-01 -0.0000000e+00 1.2331155e-01
    outer loop
      vertex 1.1501737e+00 -1.1069603e-01 1.4147809e-01
      vertex 1.1501737e+00 1.2608719e-01 1.4147809e-01
      vertex 1.1347828e+00 1.2608719e-01 2.6533842e-01
    endloop
  endfacet
  facet normal 9.9236804e-01 0.0000000e+00 1.2331156e-01
    outer loop
      vertex 1.1347828e+00 1.3164431e-02 2.6533842e-01
      vertex 1.1347828e+00 -1.2608695e-01 2.6533842e-01
      vertex 1.1501737e+00 -1.1069603e-01 1.4147809e-01
    endloop
  endfacet
  facet normal 9.9236804e-01 0.0000000e+00 1.2331156e-01
    outer loop
      vertex 1.1347828e+00 -1.2608695e-01 2.6533842e-01
      vertex 1.1501737e+00 -1.2608695e-01 1.4147809e-01
      vertex 1.1501737e+00 -1.1069603e-01 1.4147809e-01
    endloop
  endfacet
  facet normal 9.8490691e-01 1.2237975e-01 -1.2239951e-01
    outer loop
      vertex 1.1347828e+00 1.2608719e-01 -2.6532048e-01
      vertex 1.1347828e+00 2.6534319e-01 -1.2608695e-01
      vertex 1.1501737e+00 1.4147811e-01 -1.2608695e-01
    endloop
  endfacet
  facet normal 9.8749757e-01 1.0174157e-01 -1.2040452e-01
    outer loop
      vertex 1.1347828e+00 1.2608719e-01 -2.6532048e-01
      vertex 1.1501737e+00 1.4147811e-01 -1.2608695e-01
      vertex 1.1517594e+00 1.2608719e-01 -1.2608695e-01
    endloop
  endfacet
  facet normal 9.9474043e-01 1.0242864e-01 0.0000000e+00
    outer loop
      vertex 1.1517594e+00 1.2608719e-01 -1.0911036e-01
      vertex 1.1517594e+00 1.2608719e-01 -1.2608695e-01
      vertex 1.1501745e+00 1.4147890e-01 -1.1069522e-01
    endloop
  endfacet
  facet normal 9.9473435e-01 1.0248721e-01 -5.9187638e-05
    outer loop
      vertex 1.1517594e+00 1.2608719e-01 -1.2608695e-01
      vertex 1.1501737e+00 1.4147811e-01 -1.2608695e-01
      vertex 1.1501745e+00 1.4147890e-01 -1.1069522e-01
    endloop
  endfacet
  facet normal 9.9236864e-01 1.2330690e-01 -6.0128394e-05
    outer loop
      vertex 1.1501737e+00 1.4147811e-01 -1.2608695e-01
      vertex 1.1347828e+00 2.6534319e-01 -1.2608695e-01
      vertex 1.1501745e+00 1.4147890e-01 -1.1069522e-01
    endloop
  endfacet
  facet normal 9.9236768e-01 1.2331425e-01 -7.9171706e-08
    outer loop
      vertex 1.1347828e+00 2.6534319e-01 -1.2608695e-01
      vertex 1.1347828e+00 2.6534328e-01 1.3169266e-02
      vertex 1.1501745e+00 1.4147890e-01 -1.1069522e-01
    endloop
  endfacet
  facet normal 9.9236768e-01 1.2331413e-01 3.2546186e-08
    outer loop
      vertex 1.1347828e+00 2.6534328e-01 1.3169266e-02
      vertex 1.1347828e+00 2.6534325e-01 1.2608719e-01
      vertex 1.1501745e+00 1.4147890e-01 -1.1069522e-01
    endloop
  endfacet
  facet normal 9.9236768e-01 1.2331420e-01 -0.0000000e+00
    outer loop
      vertex 1.1501745e+00 1.4147890e-01 -1.1069522e-01
      vertex 1.1347828e+00 2.6534325e-01 1.2608719e-01
      vertex 1.1501745e+00 1.4147890e-01 1.2608719e-01
    endloop
  endfacet
  facet normal 9.9474037e-01 1.0242864e-01 -0.0000000e+00
    outer loop
      vertex 1.1517594e+00 1.2608719e-01 -1.0911036e-01
      vertex 1.1501745e+00 1.4147890e-01 -1.1069522e-01
      vertex 1.1517594e+00 1.2608719e-01 1.2608719e-01
    endloop
  endfacet
  facet normal 9.9474037e-01 1.0242863e-01 -0.0000000e+00
    outer loop
      vertex 1.1501745e+00 1.4147890e-01 -1.1069522e-01
      vertex 1.1501745e+00 1.4147890e-01 1.2608719e-01
      vertex 1.1517594e+00 1.2608719e-01 1.2608719e-01
    endloop
  endfacet
  facet normal 9.9104500e-01 8.6045615e-02 1.0210718e-01
    outer loop
      vertex 1.1501737e+00 1.2608719e-01 1.4147809e-01
      vertex 1.1517594e+00 1.2608719e-01 1.2608719e-01
      vertex 1.1490506e+00 1.4035504e-01 1.4035504e-01
    endloop
  endfacet
  facet normal 9.9104601e-01 1.0204822e-01 8.6104766e-02
    outer loop
      vertex 1.1517594e+00 1.2608719e-01 1.2608719e-01
      vertex 1.1501745e+00 1.4147890e-01 1.2608719e-01
      vertex 1.1490506e+00 1.4035504e-01 1.4035504e-01
    endloop
  endfacet
  facet normal 9.8855746e-01 1.2284073e-01 8.7546542e-02
    outer loop
      vertex 1.1501745e+00 1.4147890e-01 1.2608719e-01
      vertex 1.1347828e+00 2.6534325e-01 1.2608719e-01
      vertex 1.1490506e+00 1.4035504e-01 1.4035504e-01
    endloop
  endfacet
  facet normal 9.8720908e-01 1.2411613e-01 1.0006756e-01
    outer loop
      vertex 1.1347828e+00 2.6534325e-01 1.2608719e-01
      vertex 1.1347828e+00 2.0318434e-01 2.0318434e-01
      vertex 1.1490506e+00 1.4035504e-01 1.4035504e-01
    endloop
  endfacet
  facet normal 9.8720896e-01 1.0006324e-01 1.2412041e-01
    outer loop
      vertex 1.1347828e+00 2.0318434e-01 2.0318434e-01
      vertex 1.1347828e+00 1.2608719e-01 2.6533842e-01
      vertex 1.1490506e+00 1.4035504e-01 1.4035504e-01
    endloop
  endfacet
  facet normal 9.8856336e-01 8.7482058e-02 1.2283879e-01
    outer loop
      vertex 1.1347828e+00 1.2608719e-01 2.6533842e-01
      vertex 1.1501737e+00 1.2608719e-01 1.4147809e-01
      vertex 1.1490506e+00 1.4035504e-01 1.4035504e-01
    endloop
  endfacet
  facet normal 8.0849528e-01 2.2512482e-01 -5.4374093e-01
    outer loop
      vertex 1.1347828e+00 4.3350577e-01 1.8133186e-01
      vertex 1.1347828e+00 6.3043499e-01 2.6286638e-01
      vertex 1.2123897e+00 6.3043499e-01 3.7826109e-01
    endloop
  endfacet
  facet normal 8.6836767e-01 -4.7719651e-01 1.3498551e-01
    outer loop
      vertex 1.1347828e+00 4.3350577e-01 1.8133186e-01
      vertex 1.2123897e+00 6.3043499e-01 3.7826109e-01
      vertex 1.1347828e+00 4.8921153e-01 3.7826109e-01
    endloop
  endfacet
  facet normal 8.7625813e-01 -4.8153254e-01 -1.7267805e-02
    outer loop
      vertex 1.1347828e+00 4.8921153e-01 3.7826109e-01
      vertex 1.2123897e+00 6.3043499e-01 3.7826109e-01
      vertex 1.2139498e+00 6.3043499e-01 4.5742810e-01
    endloop
  endfacet
  facet normal 6.4883935e-01 -6.1495197e-01 4.4815350e-01
    outer loop
      vertex 1.1347828e+00 4.8921153e-01 3.7826109e-01
      vertex 1.2139498e+00 6.3043499e-01 4.5742810e-01
      vertex 1.1347828e+00 6.3043499e-01 5.7204658e-01
    endloop
  endfacet
  facet normal 7.0638400e-01 -4.7740957e-01 -5.2259141e-01
    outer loop
      vertex 1.3106217e+00 8.0627388e-01 3.0192608e-01
      vertex 1.3869567e+00 8.6019564e-01 3.5584781e-01
      vertex 1.3869567e+00 8.3566117e-01 3.7826109e-01
    endloop
  endfacet
  facet normal 6.5031898e-01 -1.8345514e-01 -7.3717666e-01
    outer loop
      vertex 1.3106217e+00 8.0627388e-01 3.0192608e-01
      vertex 1.3869567e+00 8.8260889e-01 3.5027000e-01
      vertex 1.3869567e+00 8.6019564e-01 3.5584781e-01
    endloop
  endfacet
  facet normal 2.9344147e-01 2.8454930e-01 -9.1264653e-01
    outer loop
      vertex 1.3106217e+00 8.0627388e-01 3.0192608e-01
      vertex 1.3457006e+00 8.8260889e-01 3.3700502e-01
      vertex 1.3869567e+00 8.8260889e-01 3.5027000e-01
    endloop
  endfacet
  facet normal 3.0093691e-01 2.8055134e-01 -9.1144276e-01
    outer loop
      vertex 1.1347828e+00 7.2239822e-01 2.1805042e-01
      vertex 1.1347828e+00 8.8260889e-01 2.6736489e-01
      vertex 1.3106217e+00 8.0627388e-01 3.0192608e-01
    endloop
  endfacet
  facet normal 3.0093703e-01 2.8055158e-01 -9.1144264e-01
    outer loop
      vertex 1.1347828e+00 8.8260889e-01 2.6736489e-01
      vertex 1.3457006e+00 8.8260889e-01 3.3700502e-01
      vertex 1.3106217e+00 8.0627388e-01 3.0192608e-01
    endloop
  endfacet
  facet normal 5.3771263e-01 -3.6935332e-01 -7.5792032e-01
    outer loop
      vertex 1.3106217e+00 8.0627388e-01 3.0192608e-01
      vertex 1.1347828e+00 6.3043499e-01 2.6286638e-01
      vertex 1.1347828e+00 7.2239822e-01 2.1805042e-01
    endloop
  endfacet
  facet normal 6.7793316e-01 -5.7665539e-01 -4.5593339e-01
    outer loop
      vertex 1.1347828e+00 6.3043499e-01 2.6286638e-01
      vertex 1.3106217e+00 8.0627388e-01 3.0192608e-01
      vertex 1.2123897e+00 6.3043499e-01 3.7826109e-01
    endloop
  endfacet
  facet normal 6.7793328e-01 -5.7665533e-01 -4.5593318e-01
    outer loop
      vertex 1.2123897e+00 6.3043499e-01 3.7826109e-01
      vertex 1.3106217e+00 8.0627388e-01 3.0192608e-01
      vertex 1.3869567e+00 8.3566117e-01 3.7826109e-01
    endloop
  endfacet
  facet normal 6.1958158e-01 -7.8483742e-01 -1.2209685e-02
    outer loop
      vertex 1.2139498e+00 6.3043499e-01 4.5742810e-01
      vertex 1.2123897e+00 6.3043499e-01 3.7826109e-01
      vertex 1.3869567e+00 7.6432198e-01 6.3043499e-01
    endloop
  endfacet
  facet normal 6.1958110e-01 -7.8483772e-01 -1.2209243e-02
    outer loop
      vertex 1.2123897e+00 6.3043499e-01 3.7826109e-01
      vertex 1.3869567e+00 7.6613390e-01 5.1396000e-01
      vertex 1.3869567e+00 7.6432198e-01 6.3043499e-01
    endloop
  endfacet
  facet normal 7.2291750e-01 -6.1491925e-01 -3.1506261e-01
    outer loop
      vertex 1.3869567e+00 7.6613390e-01 5.1396000e-01
      vertex 1.2123897e+00 6.3043499e-01 3.7826109e-01
      vertex 1.3869567e+00 8.3566117e-01 3.7826109e-01
    endloop
  endfacet
  facet normal -1.3277341e-01 -8.2061571e-01 5.5584270e-01
    outer loop
      vertex 1.1688243e+00 6.6447645e-01 6.3043499e-01
      vertex 1.1347828e+00 6.6998428e-01 6.3043499e-01
      vertex 1.1347828e+00 6.3043499e-01 5.7204658e-01
    endloop
  endfacet
  facet normal 4.0000045e-01 -8.7388140e-01 2.7628040e-01
    outer loop
      vertex 1.1347828e+00 6.3043499e-01 5.7204658e-01
      vertex 1.2139498e+00 6.3043499e-01 4.5742810e-01
      vertex 1.1688243e+00 6.6447645e-01 6.3043499e-01
    endloop
  endfacet
  facet normal 4.0000084e-01 -8.7388128e-01 2.7628049e-01
    outer loop
      vertex 1.2139498e+00 6.3043499e-01 4.5742810e-01
      vertex 1.3869567e+00 7.6432198e-01 6.3043499e-01
      vertex 1.1688243e+00 6.6447645e-01 6.3043499e-01
    endloop
  endfacet
  facet normal 2.9933316e-01 -6.5395272e-01 6.9479883e-01
    outer loop
      vertex 1.1688243e+00 6.6447645e-01 6.3043499e-01
      vertex 1.3869567e+00 7.6432198e-01 6.3043499e-01
      vertex 1.3869567e+00 8.8260889e-01 7.4176800e-01
    endloop
  endfacet
  facet normal -6.4939298e-02 -4.0136209e-01 9.1361445e-01
    outer loop
      vertex 1.1688243e+00 6.6447645e-01 6.3043499e-01
      vertex 1.3869567e+00 8.8260889e-01 7.4176800e-01
      vertex 1.1347828e+00 6.6998428e-01 6.3043499e-01
    endloop
  endfacet
  facet normal -6.4939342e-02 -4.0136203e-01 9.1361451e-01
    outer loop
      vertex 1.3869567e+00 8.8260889e-01 7.4176800e-01
      vertex 1.2353388e+00 8.8260889e-01 7.3099107e-01
      vertex 1.1347828e+00 6.6998428e-01 6.3043499e-01
    endloop
  endfacet
  facet normal -1.4980745e-01 -3.6391690e-01 9.1930526e-01
    outer loop
      vertex 1.1347828e+00 6.6998428e-01 6.3043499e-01
      vertex 1.2353388e+00 8.8260889e-01 7.3099107e-01
      vertex 1.1347828e+00 8.8260889e-01 7.1460474e-01
    endloop
  endfacet
  facet normal 3.0031335e-01 1.9344270e-01 -9.3401915e-01
    outer loop
      vertex 1.3457006e+00 8.8260889e-01 3.3700502e-01
      vertex 1.3869567e+00 1.0177611e+00 3.7826109e-01
      vertex 1.3869567e+00 8.8260889e-01 3.5027000e-01
    endloop
  endfacet
  facet normal -1.7676078e-01 5.9567380e-01 -7.8353572e-01
    outer loop
      vertex 1.1347828e+00 8.8260889e-01 2.6736489e-01
      vertex 1.1347828e+00 1.0284792e+00 3.7826109e-01
      vertex 1.3422033e+00 1.0900294e+00 3.7826109e-01
    endloop
  endfacet
  facet normal 3.0778104e-01 1.9059901e-01 -9.3217105e-01
    outer loop
      vertex 1.1347828e+00 8.8260889e-01 2.6736489e-01
      vertex 1.3422033e+00 1.0900294e+00 3.7826109e-01
      vertex 1.3457006e+00 8.8260889e-01 3.3700502e-01
    endloop
  endfacet
  facet normal 3.0778098e-01 1.9059899e-01 -9.3217105e-01
    outer loop
      vertex 1.3422033e+00 1.0900294e+00 3.7826109e-01
      vertex 1.3869567e+00 1.0177611e+00 3.7826109e-01
      vertex 1.3457006e+00 8.8260889e-01 3.3700502e-01
    endloop
  endfacet
  facet normal 6.7733270e-01 4.1945061e-01 -6.0438538e-01
    outer loop
      vertex 1.3869567e+00 1.1347828e+00 4.5947552e-01
      vertex 1.3869567e+00 1.0177611e+00 3.7826109e-01
      vertex 1.3422033e+00 1.0900294e+00 3.7826109e-01
    endloop
  endfacet
  facet normal -2.6667085e-01 8.9866561e-01 -3.4826243e-01
    outer loop
      vertex 1.3422033e+00 1.0900294e+00 3.7826109e-01
      vertex 1.1347828e+00 1.0284792e+00 3.7826109e-01
      vertex 1.3869567e+00 1.1347828e+00 4.5947552e-01
    endloop
  endfacet
  facet normal -2.6667103e-01 8.9866573e-01 -3.4826207e-01
    outer loop
      vertex 1.1347828e+00 1.0284792e+00 3.7826109e-01
      vertex 1.2901353e+00 1.1347828e+00 5.3361356e-01
      vertex 1.3869567e+00 1.1347828e+00 4.5947552e-01
    endloop
  endfacet
  facet normal -4.6868455e-01 8.7385559e-01 -1.2927161e-01
    outer loop
      vertex 1.1347828e+00 1.0284792e+00 3.7826109e-01
      vertex 1.1347828e+00 1.0538046e+00 5.4945689e-01
      vertex 1.2901353e+00 1.1347828e+00 5.3361356e-01
    endloop
  endfacet
  facet normal -4.6868455e-01 8.7385553e-01 -1.2927186e-01
    outer loop
      vertex 1.1347828e+00 1.0538046e+00 5.4945689e-01
      vertex 1.2634301e+00 1.1347828e+00 6.3043499e-01
      vertex 1.2901353e+00 1.1347828e+00 5.3361356e-01
    endloop
  endfacet
  facet normal -5.8789730e-01 7.9730755e-01 1.3666563e-01
    outer loop
      vertex 1.2634301e+00 1.1347828e+00 6.3043499e-01
      vertex 1.1347828e+00 1.0538046e+00 5.4945689e-01
      vertex 1.1347828e+00 1.0399243e+00 6.3043499e-01
    endloop
  endfacet
  facet normal -7.0570149e-02 9.6451283e-02 9.9283278e-01
    outer loop
      vertex 1.2353388e+00 8.8260889e-01 7.3099107e-01
      vertex 1.3869567e+00 8.8260889e-01 7.4176800e-01
      vertex 1.2258183e+00 9.7364438e-01 7.2147048e-01
    endloop
  endfacet
  facet normal -7.0569977e-02 9.6451551e-02 9.9283272e-01
    outer loop
      vertex 1.2258183e+00 9.7364438e-01 7.2147048e-01
      vertex 1.3869567e+00 8.8260889e-01 7.4176800e-01
      vertex 1.3869567e+00 9.8408383e-01 7.3190993e-01
    endloop
  endfacet
  facet normal -7.8797370e-02 2.5168136e-01 9.6459705e-01
    outer loop
      vertex 1.3869567e+00 1.1347828e+00 6.9258976e-01
      vertex 1.2258183e+00 9.7364438e-01 7.2147048e-01
      vertex 1.3869567e+00 9.8408383e-01 7.3190993e-01
    endloop
  endfacet
  facet normal -3.8379124e-01 5.2049845e-01 7.6274872e-01
    outer loop
      vertex 1.1347828e+00 1.0399243e+00 6.3043499e-01
      vertex 1.2258183e+00 9.7364438e-01 7.2147048e-01
      vertex 1.2634301e+00 1.1347828e+00 6.3043499e-01
    endloop
  endfacet
  facet normal -3.8379160e-01 5.2049845e-01 7.6274854e-01
    outer loop
      vertex 1.2258183e+00 9.7364438e-01 7.2147048e-01
      vertex 1.3869567e+00 1.1347828e+00 6.9258976e-01
      vertex 1.2634301e+00 1.1347828e+00 6.3043499e-01
    endloop
  endfacet
  facet normal -2.8244743e-01 6.1882508e-01 7.3299325e-01
    outer loop
      vertex 1.1347828e+00 1.0399243e+00 6.3043499e-01
      vertex 1.1347828e+00 9.5462352e-01 7.0244962e-01
      vertex 1.2258183e+00 9.7364438e-01 7.2147048e-01
    endloop
  endfacet
  facet normal -2.3410743e-01 1.6180761e-01 9.5865119e-01
    outer loop
      vertex 1.1347828e+00 9.5462352e-01 7.0244962e-01
      vertex 1.1347828e+00 8.8260889e-01 7.1460474e-01
      vertex 1.2258183e+00 9.7364438e-01 7.2147048e-01
    endloop
  endfacet
  facet normal -1.6023876e-01 8.6078614e-02 9.8331785e-01
    outer loop
      vertex 1.1347828e+00 8.8260889e-01 7.1460474e-01
      vertex 1.2353388e+00 8.8260889e-01 7.3099107e-01
      vertex 1.2258183e+00 9.7364438e-01 7.2147048e-01
    endloop
  endfacet
  facet normal -2.0254815e-01 9.4286978e-01 -2.6452008e-01
    outer loop
      vertex 1.2901353e+00 1.1347828e+00 5.3361356e-01
      vertex 1.3869567e+00 1.1827451e+00 6.3043499e-01
      vertex 1.3869567e+00 1.1347828e+00 4.5947552e-01
    endloop
  endfacet
  facet normal -3.6015901e-01 9.2758679e-01 -9.9338531e-02
    outer loop
      vertex 1.2901353e+00 1.1347828e+00 5.3361356e-01
      vertex 1.2634301e+00 1.1347828e+00 6.3043499e-01
      vertex 1.3869567e+00 1.1827451e+00 6.3043499e-01
    endloop
  endfacet
  facet normal -3.5538137e-01 6.1226153e-01 7.0628595e-01
    outer loop
      vertex 1.2634301e+00 1.1347828e+00 6.3043499e-01
      vertex 1.3869567e+00 1.1347828e+00 6.9258976e-01
      vertex 1.3869567e+00 1.1680763e+00 6.6372848e-01
    endloop
  endfacet
  facet normal -3.3480981e-01 8.6230016e-01 3.7992206e-01
    outer loop
      vertex 1.2634301e+00 1.1347828e+00 6.3043499e-01
      vertex 1.3869567e+00 1.1680763e+00 6.6372848e-01
      vertex 1.3869567e+00 1.1827451e+00 6.3043499e-01
    endloop
  endfacet
  facet normal 5.6690222e-01 -1.9894074e-01 -7.9940248e-01
    outer loop
      vertex 1.3869567e+00 8.6019564e-01 3.5584781e-01
      vertex 1.3869567e+00 8.8260889e-01 3.5027000e-01
      vertex 1.4264276e+00 8.8260889e-01 3.7826109e-01
    endloop
  endfacet
  facet normal 6.2575626e-01 -5.2609950e-01 -5.7588923e-01
    outer loop
      vertex 1.3869567e+00 8.6019564e-01 3.5584781e-01
      vertex 1.4264276e+00 8.8260889e-01 3.7826109e-01
      vertex 1.3869567e+00 8.3566117e-01 3.7826109e-01
    endloop
  endfacet
  facet normal 7.5049633e-01 -6.3097370e-01 -1.9653863e-01
    outer loop
      vertex 1.3869567e+00 8.3566117e-01 3.7826109e-01
      vertex 1.4264276e+00 8.8260889e-01 3.7826109e-01
      vertex 1.4404315e+00 8.8260889e-01 4.3173584e-01
    endloop
  endfacet
  facet normal 7.7775550e-01 -5.5941349e-01 -2.8662345e-01
    outer loop
      vertex 1.3869567e+00 8.3566117e-01 3.7826109e-01
      vertex 1.4404315e+00 8.8260889e-01 4.3173584e-01
      vertex 1.3869567e+00 7.6613390e-01 5.1396000e-01
    endloop
  endfacet
  facet normal 7.7775550e-01 -5.5941349e-01 -2.8662333e-01
    outer loop
      vertex 1.4404315e+00 8.8260889e-01 4.3173584e-01
      vertex 1.5136573e+00 8.8260889e-01 6.3043499e-01
      vertex 1.3869567e+00 7.6613390e-01 5.1396000e-01
    endloop
  endfacet
  facet normal 6.8237585e-01 -7.3091316e-01 -1.1370315e-02
    outer loop
      vertex 1.3869567e+00 7.6613390e-01 5.1396000e-01
      vertex 1.5136573e+00 8.8260889e-01 6.3043499e-01
      vertex 1.3869567e+00 7.6432198e-01 6.3043499e-01
    endloop
  endfacet
  facet normal 6.1604518e-01 -6.5986443e-01 4.3019444e-01
    outer loop
      vertex 1.3869567e+00 7.6432198e-01 6.3043499e-01
      vertex 1.5136573e+00 8.8260889e-01 6.3043499e-01
      vertex 1.4615604e+00 8.8260889e-01 7.0503867e-01
    endloop
  endfacet
  facet normal 3.3747378e-01 -6.4517051e-01 6.8546802e-01
    outer loop
      vertex 1.3869567e+00 7.6432198e-01 6.3043499e-01
      vertex 1.4615604e+00 8.8260889e-01 7.0503867e-01
      vertex 1.3869567e+00 8.8260889e-01 7.4176800e-01
    endloop
  endfacet
  facet normal 5.0008023e-01 1.7562403e-01 -8.4798342e-01
    outer loop
      vertex 1.3869567e+00 8.8260889e-01 3.5027000e-01
      vertex 1.3869567e+00 1.0177611e+00 3.7826109e-01
      vertex 1.4220845e+00 9.1773665e-01 3.7826109e-01
    endloop
  endfacet
  facet normal 5.7699102e-01 7.1338415e-02 -8.1362903e-01
    outer loop
      vertex 1.3869567e+00 8.8260889e-01 3.5027000e-01
      vertex 1.4220845e+00 9.1773665e-01 3.7826109e-01
      vertex 1.4264276e+00 8.8260889e-01 3.7826109e-01
    endloop
  endfacet
  facet normal 9.5873141e-01 1.3340718e-01 -2.5107086e-01
    outer loop
      vertex 1.4404315e+00 8.8260889e-01 4.3173584e-01
      vertex 1.4264276e+00 8.8260889e-01 3.7826109e-01
      vertex 1.4319495e+00 9.2760164e-01 4.2325383e-01
    endloop
  endfacet
  facet normal 9.6404481e-01 1.1919329e-01 -2.3750909e-01
    outer loop
      vertex 1.4264276e+00 8.8260889e-01 3.7826109e-01
      vertex 1.4220845e+00 9.1773665e-01 3.7826109e-01
      vertex 1.4319495e+00 9.2760164e-01 4.2325383e-01
    endloop
  endfacet
  facet normal 9.0867585e-01 3.1911942e-01 -2.6920423e-01
    outer loop
      vertex 1.4220845e+00 9.1773665e-01 3.7826109e-01
      vertex 1.3869567e+00 1.0177611e+00 3.7826109e-01
      vertex 1.4319495e+00 9.2760164e-01 4.2325383e-01
    endloop
  endfacet
  facet normal 8.9114124e-01 2.5869471e-01 -3.7275261e-01
    outer loop
      vertex 1.3869567e+00 1.0177611e+00 3.7826109e-01
      vertex 1.3869567e+00 1.1347828e+00 4.5947552e-01
      vertex 1.4319495e+00 9.2760164e-01 4.2325383e-01
    endloop
  endfacet
  facet normal 8.9114141e-01 2.5869465e-01 -3.7275198e-01
    outer loop
      vertex 1.4319495e+00 9.2760164e-01 4.2325383e-01
      vertex 1.3869567e+00 1.1347828e+00 4.5947552e-01
      vertex 1.4584666e+00 1.1347828e+00 6.3043499e-01
    endloop
  endfacet
  facet normal 8.8615203e-01 2.6601532e-01 -3.7943411e-01
    outer loop
      vertex 1.5001788e+00 9.9583095e-01 6.3043499e-01
      vertex 1.4319495e+00 9.2760164e-01 4.2325383e-01
      vertex 1.4584666e+00 1.1347828e+00 6.3043499e-01
    endloop
  endfacet
  facet normal 9.3251163e-01 1.1101033e-01 -3.4365505e-01
    outer loop
      vertex 1.4404315e+00 8.8260889e-01 4.3173584e-01
      vertex 1.4319495e+00 9.2760164e-01 4.2325383e-01
      vertex 1.5136573e+00 8.8260889e-01 6.3043499e-01
    endloop
  endfacet
  facet normal 9.3251157e-01 1.1101083e-01 -3.4365490e-01
    outer loop
      vertex 1.4319495e+00 9.2760164e-01 4.2325383e-01
      vertex 1.5001788e+00 9.9583095e-01 6.3043499e-01
      vertex 1.5136573e+00 8.8260889e-01 6.3043499e-01
    endloop
  endfacet
  facet normal 8.1787753e-01 6.9847792e-02 5.7113719e-01
    outer loop
      vertex 1.4615604e+00 8.8260889e-01 7.0503867e-01
      vertex 1.5136573e+00 8.8260889e-01 6.3043499e-01
      vertex 1.4579885e+00 9.5364064e-01 7.0146674e-01
    endloop
  endfacet
  facet normal 8.2875293e-01 9.8658867e-02 5.5084932e-01
    outer loop
      vertex 1.5136573e+00 8.8260889e-01 6.3043499e-01
      vertex 1.5001788e+00 9.9583095e-01 6.3043499e-01
      vertex 1.4579885e+00 9.5364064e-01 7.0146674e-01
    endloop
  endfacet
  facet normal 7.7002591e-01 2.3115526e-01 5.9466577e-01
    outer loop
      vertex 1.5001788e+00 9.9583095e-01 6.3043499e-01
      vertex 1.4584666e+00 1.1347828e+00 6.3043499e-01
      vertex 1.4579885e+00 9.5364064e-01 7.0146674e-01
    endloop
  endfacet
  facet normal 7.7002650e-01 2.3115498e-01 5.9466511e-01
    outer loop
      vertex 1.4579885e+00 9.5364064e-01 7.0146674e-01
      vertex 1.4584666e+00 1.1347828e+00 6.3043499e-01
      vertex 1.4273062e+00 1.1347828e+00 6.7078441e-01
    endloop
  endfacet
  facet normal 4.6337789e-01 2.2372580e-01 8.5745418e-01
    outer loop
      vertex 1.3869567e+00 9.8408383e-01 7.3190993e-01
      vertex 1.4579885e+00 9.5364064e-01 7.0146674e-01
      vertex 1.3869567e+00 1.1347828e+00 6.9258976e-01
    endloop
  endfacet
  facet normal 4.6337840e-01 2.2372597e-01 8.5745382e-01
    outer loop
      vertex 1.4579885e+00 9.5364064e-01 7.0146674e-01
      vertex 1.4273062e+00 1.1347828e+00 6.7078441e-01
      vertex 1.3869567e+00 1.1347828e+00 6.9258976e-01
    endloop
  endfacet
  facet normal 4.2389035e-01 8.7575823e-02 9.0146959e-01
    outer loop
      vertex 1.3869567e+00 9.8408383e-01 7.3190993e-01
      vertex 1.3869567e+00 8.8260889e-01 7.4176800e-01
      vertex 1.4579885e+00 9.5364064e-01 7.0146674e-01
    endloop
  endfacet
  facet normal 4.4069967e-01 6.7174010e-02 8.9513767e-01
    outer loop
      vertex 1.3869567e+00 8.8260889e-01 7.4176800e-01
      vertex 1.4615604e+00 8.8260889e-01 7.0503867e-01
      vertex 1.4579885e+00 9.5364064e-01 7.0146674e-01
    endloop
  endfacet
  facet normal 3.3726868e-01 9.0641344e-01 -2.5429231e-01
    outer loop
      vertex 1.3869567e+00 1.1347828e+00 4.5947552e-01
      vertex 1.3869567e+00 1.1827451e+00 6.3043499e-01
      vertex 1.4219123e+00 1.1697384e+00 6.3043499e-01
    endloop
  endfacet
  facet normal 6.6393888e-01 6.9430459e-01 -2.7771634e-01
    outer loop
      vertex 1.3869567e+00 1.1347828e+00 4.5947552e-01
      vertex 1.4219123e+00 1.1697384e+00 6.3043499e-01
      vertex 1.4584666e+00 1.1347828e+00 6.3043499e-01
    endloop
  endfacet
  facet normal 6.6083652e-01 5.5031520e-01 5.1034135e-01
    outer loop
      vertex 1.4273062e+00 1.1347828e+00 6.7078441e-01
      vertex 1.4584666e+00 1.1347828e+00 6.3043499e-01
      vertex 1.4144075e+00 1.1622336e+00 6.5788585e-01
    endloop
  endfacet
  facet normal 6.4464313e-01 6.7412627e-01 3.6053979e-01
    outer loop
      vertex 1.4584666e+00 1.1347828e+00 6.3043499e-01
      vertex 1.4219123e+00 1.1697384e+00 6.3043499e-01
      vertex 1.4144075e+00 1.1622336e+00 6.5788585e-01
    endloop
  endfacet
  facet normal 3.2899275e-01 8.8417184e-01 3.3166841e-01
    outer loop
      vertex 1.4219123e+00 1.1697384e+00 6.3043499e-01
      vertex 1.3869567e+00 1.1827451e+00 6.3043499e-01
      vertex 1.4144075e+00 1.1622336e+00 6.5788585e-01
    endloop
  endfacet
  facet normal 2.7015704e-01 8.8108802e-01 3.8819978e-01
    outer loop
      vertex 1.3869567e+00 1.1827451e+00 6.3043499e-01
      vertex 1.3869567e+00 1.1680763e+00 6.6372848e-01
      vertex 1.4144075e+00 1.1622336e+00 6.5788585e-01
    endloop
  endfacet
  facet normal 2.8755888e-01 6.2735426e-01 7.2369647e-01
    outer loop
      vertex 1.3869567e+00 1.1680763e+00 6.6372848e-01
      vertex 1.3869567e+00 1.1347828e+00 6.9258976e-01
      vertex 1.4144075e+00 1.1622336e+00 6.5788585e-01
    endloop
  endfacet
  facet normal 4.0102690e-01 5.3712231e-01 7.4207616e-01
    outer loop
      vertex 1.3869567e+00 1.1347828e+00 6.9258976e-01
      vertex 1.4273062e+00 1.1347828e+00 6.7078441e-01
      vertex 1.4144075e+00 1.1622336e+00 6.5788585e-01
    endloop
  endfacet
  facet normal 3.9426592e-01 -5.3469664e-01 7.4743152e-01
    outer loop
      vertex -1.2480452e+00 -7.4369740e-01 -4.9152353e-01
      vertex -1.3153015e+00 -8.4788084e-01 -5.3057683e-01
      vertex -1.3131022e+00 -8.8260865e-01 -5.5658048e-01
    endloop
  endfacet
  facet normal 3.9426723e-01 -5.3469628e-01 7.4743110e-01
    outer loop
      vertex -1.3131022e+00 -8.8260865e-01 -5.5658048e-01
      vertex -1.3153015e+00 -8.4788084e-01 -5.3057683e-01
      vertex -1.3869565e+00 -8.8260865e-01 -5.1762265e-01
    endloop
  endfacet
  facet normal -3.9426750e-01 5.3469712e-01 -7.4743044e-01
    outer loop
      vertex -1.3869565e+00 -8.8260865e-01 -5.1762265e-01
      vertex -1.3153015e+00 -8.4788084e-01 -5.3057683e-01
      vertex -1.3131022e+00 -8.8260865e-01 -5.5658054e-01
    endloop
  endfacet
  facet normal -3.9426723e-01 5.3469712e-01 -7.4743044e-01
    outer loop
      vertex -1.3131022e+00 -8.8260865e-01 -5.5658054e-01
      vertex -1.3153015e+00 -8.4788084e-01 -5.3057683e-01
      vertex -1.2480452e+00 -7.4369740e-01 -4.9152353e-01
    endloop
  endfacet
  facet normal 3.4354001e-01 8.5510623e-01 -3.8829580e-01
    outer loop
      vertex 4.0328750e-01 8.8260889e-01 -6.3043475e-01
      vertex 6.3043499e-01 8.8260889e-01 -4.2946878e-01
      vertex 5.0058579e-01 8.6633337e-01 -5.8019328e-01
    endloop
  endfacet
  facet normal -3.4353986e-01 -8.5510629e-01 3.8829574e-01
    outer loop
      vertex 6.3043499e-01 8.8260889e-01 -4.2946878e-01
      vertex 4.0328747e-01 8.8260889e-01 -6.3043475e-01
      vertex 5.0058579e-01 8.6633337e-01 -5.8019328e-01
    endloop
  endfacet
  facet normal -3.4353992e-01 -8.5510623e-01 3.8829586e-01
    outer loop
      vertex 4.0328747e-01 8.8260889e-01 -6.3043475e-01
      vertex 5.6533301e-01 8.1750691e-01 -6.3043475e-01
      vertex 5.0058579e-01 8.6633337e-01 -5.8019328e-01
    endloop
  endfacet
  facet normal 3.4353995e-01 8.5510623e-01 -3.8829571e-01
    outer loop
      vertex 5.6533301e-01 8.1750691e-01 -6.3043475e-01
      vertex 4.0328750e-01 8.8260889e-01 -6.3043475e-01
      vertex 5.0058579e-01 8.6633337e-01 -5.8019328e-01
    endloop
  endfacet
  facet normal -7.3564827e-01 -6.2489730e-01 2.6139033e-01
    outer loop
      vertex -8.8260865e-01 -6.7393345e-01 1.2608719e-01
      vertex -7.8676432e-01 -7.8676432e-01 1.2608719e-01
      vertex -8.2898831e-01 -7.2465068e-01 1.5574645e-01
    endloop
  endfacet
  facet normal 7.3564798e-01 6.2489742e-01 -2.6139098e-01
    outer loop
      vertex -7.8676432e-01 -7.8676432e-01 1.2608719e-01
      vertex -8.8260865e-01 -6.7393351e-01 1.2608719e-01
      vertex -8.2898831e-01 -7.2465068e-01 1.5574645e-01
    endloop
  endfacet
  facet normal 7.3564780e-01 6.2489861e-01 -2.6138854e-01
    outer loop
      vertex -8.8260865e-01 -6.7393351e-01 1.2608719e-01
      vertex -7.6397163e-01 -7.6397163e-01 2.4472423e-01
      vertex -8.2898831e-01 -7.2465068e-01 1.5574645e-01
    endloop
  endfacet
  facet normal -7.3564816e-01 -6.2489802e-01 2.6138917e-01
    outer loop
      vertex -7.6397163e-01 -7.6397163e-01 2.4472423e-01
      vertex -8.8260865e-01 -6.7393345e-01 1.2608719e-01
      vertex -8.2898831e-01 -7.2465068e-01 1.5574645e-01
    endloop
  endfacet
  facet normal 6.2650836e-01 1.4417005e-01 -7.6596493e-01
    outer loop
      vertex 8.8260889e-01 1.2608719e-01 -7.1433473e-01
      vertex 8.3117628e-01 2.2973228e-01 -7.3689508e-01
      vertex 8.8260889e-01 3.3337733e-01 -6.7531854e-01
    endloop
  endfacet
  facet normal 6.2650937e-01 1.4416918e-01 -7.6596433e-01
    outer loop
      vertex 8.8260889e-01 3.3337733e-01 -6.7531854e-01
      vertex 8.3117628e-01 2.2973228e-01 -7.3689508e-01
      vertex 6.7687857e-01 1.2608719e-01 -8.8260865e-01
    endloop
  endfacet
  facet normal -6.2650913e-01 -1.4417000e-01 7.6596433e-01
    outer loop
      vertex 6.7687857e-01 1.2608719e-01 -8.8260865e-01
      vertex 8.3117628e-01 2.2973228e-01 -7.3689508e-01
      vertex 8.8260889e-01 3.3337733e-01 -6.7531848e-01
    endloop
  endfacet
  facet normal -6.2650859e-01 -1.4417024e-01 7.6596475e-01
    outer loop
      vertex 8.8260889e-01 3.3337733e-01 -6.7531848e-01
      vertex 8.3117628e-01 2.2973228e-01 -7.3689508e-01
      vertex 8.8260889e-01 1.2608719e-01 -7.1433473e-01
    endloop
  endfacet
  facet normal 0.0000000e+00 0.0000000e+00 -1.0000000e+00
    outer loop
      vertex -4.7832125e-01 7.8254849e-01 -6.3043475e-01
      vertex -3.7826085e-01 8.5525554e-01 -6.3043475e-01
      vertex -3.8527802e-01 8.4391713e-01 -6.3043475e-01
    endloop
  endfacet
  facet normal 0.0000000e+00 -0.0000000e+00 -1.0000000e+00
    outer loop
      vertex -3.7826085e-01 8.5525554e-01 -6.3043475e-01
      vertex -3.0626911e-01 8.8260889e-01 -6.3043475e-01
      vertex -3.8527802e-01 8.4391713e-01 -6.3043475e-01
    endloop
  endfacet
  facet normal 0.0000000e+00 0.0000000e+00 1.0000000e+00
    outer loop
      vertex -3.0626911e-01 8.8260889e-01 -6.3043475e-01
      vertex -3.7826085e-01 8.5525548e-01 -6.3043475e-01
      vertex -3.8527802e-01 8.4391713e-01 -6.3043475e-01
    endloop
  endfacet
  facet normal 0.0000000e+00 0.0000000e+00 1.0000000e+00
    outer loop
      vertex -3.7826085e-01 8.5525548e-01 -6.3043475e-01
      vertex -4.7832125e-01 7.8254849e-01 -6.3043475e-01
      vertex -3.8527802e-01 8.4391713e-01 -6.3043475e-01
    endloop
  endfacet
  facet normal 1.0426300e-01 -7.0083696e-01 -7.0566058e-01
    outer loop
      vertex 6.3043499e-01 -7.6453763e-01 -6.3043475e-01
      vertex 6.9397849e-01 -8.1906515e-01 -5.6689125e-01
      vertex 5.8953398e-01 -8.3720499e-01 -5.6430733e-01
    endloop
  endfacet
  facet normal 1.5131800e-01 -9.2201221e-01 -3.5636535e-01
    outer loop
      vertex 6.9397849e-01 -8.1906515e-01 -5.6689125e-01
      vertex 6.3043499e-01 -8.8260865e-01 -4.2946878e-01
      vertex 5.8953398e-01 -8.3720499e-01 -5.6430733e-01
    endloop
  endfacet
  facet normal 3.4692380e-01 -8.5198909e-01 -3.9212048e-01
    outer loop
      vertex 6.3043499e-01 -8.8260865e-01 -4.2946878e-01
      vertex 4.0328750e-01 -8.8260865e-01 -6.3043475e-01
      vertex 5.8953398e-01 -8.3720499e-01 -5.6430733e-01
    endloop
  endfacet
  facet normal 3.7965479e-01 -7.3038781e-01 -5.6779915e-01
    outer loop
      vertex 4.0328750e-01 -8.8260865e-01 -6.3043475e-01
      vertex 6.3043499e-01 -7.6453763e-01 -6.3043475e-01
      vertex 5.8953398e-01 -8.3720499e-01 -5.6430733e-01
    endloop
  endfacet
  facet normal -2.5575197e-01 -2.5287719e-02 -9.6641165e-01
    outer loop
      vertex -3.7826085e-01 -3.9212495e-02 -1.0479082e+00
      vertex -3.0919746e-01 -5.7023495e-02 -1.0657191e+00
      vertex -3.6099499e-01 -6.5383859e-02 -1.0517926e+00
    endloop
  endfacet
  facet normal 2.5575197e-01 2.5287727e-02 9.6641159e-01
    outer loop
      vertex -3.0919746e-01 -5.7023495e-02 -1.0657191e+00
      vertex -3.7826085e-01 -3.9212503e-02 -1.0479082e+00
      vertex -3.6099499e-01 -6.5383859e-02 -1.0517926e+00
    endloop
  endfacet
  facet normal 2.5575933e-01 2.5292879e-02 9.6640956e-01
    outer loop
      vertex -3.7826085e-01 -3.9212503e-02 -1.0479082e+00
      vertex -3.7826085e-01 -1.2608695e-01 -1.0456345e+00
      vertex -3.6099499e-01 -6.5383859e-02 -1.0517926e+00
    endloop
  endfacet
  facet normal -2.5575936e-01 -2.5292877e-02 -9.6640956e-01
    outer loop
      vertex -3.7826085e-01 -1.2608695e-01 -1.0456345e+00
      vertex -3.7826085e-01 -3.9212495e-02 -1.0479082e+00
      vertex -3.6099499e-01 -6.5383859e-02 -1.0517926e+00
    endloop
  endfacet
  facet normal 3.7965474e-01 -7.3038781e-01 -5.6779915e-01
    outer loop
      vertex 6.3043499e-01 -7.6453763e-01 -6.3043475e-01
      vertex 5.8953398e-01 -8.3720499e-01 -5.6430733e-01
      vertex 4.0328747e-01 -8.8260865e-01 -6.3043475e-01
    endloop
  endfacet
  facet normal 3.4692374e-01 -8.5198909e-01 -3.9212045e-01
    outer loop
      vertex 4.0328747e-01 -8.8260865e-01 -6.3043475e-01
      vertex 5.8953398e-01 -8.3720499e-01 -5.6430733e-01
      vertex 6.3043499e-01 -8.8260865e-01 -4.2946878e-01
    endloop
  endfacet
  facet normal 1.5131861e-01 -9.2201209e-01 -3.5636547e-01
    outer loop
      vertex 6.3043499e-01 -8.8260865e-01 -4.2946878e-01
      vertex 5.8953398e-01 -8.3720499e-01 -5.6430733e-01
      vertex 6.9397855e-01 -8.1906509e-01 -5.6689119e-01
    endloop
  endfacet
  facet normal 1.0426380e-01 -7.0083719e-01 -7.0566022e-01
    outer loop
      vertex 6.9397855e-01 -8.1906509e-01 -5.6689119e-01
      vertex 5.8953398e-01 -8.3720499e-01 -5.6430733e-01
      vertex 6.3043499e-01 -7.6453763e-01 -6.3043475e-01
    endloop
  endfacet
  facet normal 2.7886626e-01 -0.0000000e+00 9.6032995e-01
    outer loop
      vertex 3.0917376e-01 5.6999788e-02 1.0656954e+00
      vertex 3.2644558e-01 1.0881534e-01 1.0606799e+00
      vertex 3.0917376e-01 1.2608719e-01 1.0656954e+00
    endloop
  endfacet
  facet normal 2.7887219e-01 6.3709122e-06 9.6032822e-01
    outer loop
      vertex 3.0917376e-01 1.2608719e-01 1.0656954e+00
      vertex 3.2644558e-01 1.0881534e-01 1.0606799e+00
      vertex 3.7826109e-01 1.2608719e-01 1.0456330e+00
    endloop
  endfacet
  facet normal -2.7887374e-01 -1.4053476e-06 -9.6032780e-01
    outer loop
      vertex 3.7826109e-01 1.2608719e-01 1.0456330e+00
      vertex 3.2644558e-01 1.0881534e-01 1.0606799e+00
      vertex 3.0917376e-01 1.2608719e-01 1.0656955e+00
    endloop
  endfacet
  facet normal -2.7887085e-01 1.6570327e-06 -9.6032858e-01
    outer loop
      vertex 3.0917376e-01 1.2608719e-01 1.0656955e+00
      vertex 3.2644558e-01 1.0881534e-01 1.0606799e+00
      vertex 3.0917376e-01 5.6999788e-02 1.0656954e+00
    endloop
  endfacet
  facet normal 2.6861653e-01 -2.6862156e-01 9.2503387e-01
    outer loop
      vertex 2.8911126e-01 -2.1523677e-01 1.0456330e+00
      vertex 3.2142997e-01 -1.4837441e-01 1.0556643e+00
      vertex 3.0917376e-01 -1.2608695e-01 1.0656954e+00
    endloop
  endfacet
  facet normal 2.6862276e-01 -2.6861781e-01 9.2503315e-01
    outer loop
      vertex 3.0917376e-01 -1.2608695e-01 1.0656954e+00
      vertex 3.2142997e-01 -1.4837441e-01 1.0556643e+00
      vertex 3.7826109e-01 -1.2608695e-01 1.0456330e+00
    endloop
  endfacet
  facet normal -2.6862395e-01 2.6862144e-01 -9.2503172e-01
    outer loop
      vertex 3.7826109e-01 -1.2608695e-01 1.0456330e+00
      vertex 3.2142997e-01 -1.4837441e-01 1.0556643e+00
      vertex 3.0917376e-01 -1.2608695e-01 1.0656955e+00
    endloop
  endfacet
  facet normal -2.6862079e-01 2.6862335e-01 -9.2503208e-01
    outer loop
      vertex 3.0917376e-01 -1.2608695e-01 1.0656955e+00
      vertex 3.2142997e-01 -1.4837441e-01 1.0556643e+00
      vertex 2.8911126e-01 -2.1523677e-01 1.0456330e+00
    endloop
  endfacet
endsolid sdfpack_rechts_v3_mesh
